{
    "40000.0": {
        "combustion": [
            4,
            1550.0452845916018,
            5,
            1924.3411257852217
        ],
        "electric": [
            4,
            1772.6197917169725,
            5,
            1920.6670185751839
        ]
    },
    "60000.0": {
        "combustion": [
            3,
            1658.5022683550628,
            4,
            2186.6756962465
        ],
        "electric": [
            3,
            1788.4464853366794,
            4,
            1985.610683934556
        ]
    },
    "80000.0": {
        "combustion": [
            2,
            1456.817686896194,
            3,
            2126.492929060518
        ],
        "electric": [
            2,
            1703.6849271870165,
            3,
            1941.8944317026737
        ]
    },
    "100000.0": {
        "combustion": [
            2,
            1762.6547409194925,
            3,
            2594.483589765973
        ],
        "electric": [
            2,
            1802.000516283021,
            3,
            2095.342378068668
        ]
    }
}