{
    "40000.0": {
        "combustion": [
            4,
            302861.52492997306,
            5,
            375994.74907878507
        ],
        "electric": [
            4,
            337938.73544036725,
            5,
            364510.5621257923
        ]
    },
    "60000.0": {
        "combustion": [
            3,
            324052.807415995,
            4,
            427251.99223261036
        ],
        "electric": [
            3,
            343282.1512859568,
            4,
            379554.77534220065
        ]
    },
    "80000.0": {
        "combustion": [
            2,
            284645.8942743639,
            3,
            415492.9521415627
        ],
        "electric": [
            2,
            328872.4855734793,
            3,
            373264.16503468575
        ]
    },
    "100000.0": {
        "combustion": [
            2,
            344403.03652197984,
            3,
            506933.09686713037
        ],
        "electric": [
            2,
            348082.2528841483,
            3,
            403246.17878341454
        ]
    }
}