{
    "40000.0": {
        "combustion": [
            4,
            1550.0452845916018,
            5,
            1924.3411257852217
        ],
        "electric": [
            4,
            1729.5704479837989,
            5,
            1865.5650569598042
        ]
    },
    "60000.0": {
        "combustion": [
            3,
            1658.5022683550628,
            4,
            2186.6756962465
        ],
        "electric": [
            3,
            1756.9180502815263,
            4,
            1942.5613402013823
        ]
    },
    "80000.0": {
        "combustion": [
            2,
            1456.817686896194,
            3,
            2126.492929060518
        ],
        "electric": [
            2,
            1683.1693811650666,
            3,
            1910.3659966475207
        ]
    },
    "100000.0": {
        "combustion": [
            2,
            1762.6547409194925,
            3,
            2594.483589765973
        ],
        "electric": [
            2,
            1781.4849702610709,
            3,
            2063.8139430135157
        ]
    }
}