{
    "40000.0": {
        "combustion": [
            12,
            1271.2479851135058,
            13,
            1390.5008706337362
        ],
        "electric": [
            12,
            1294.6952897188041,
            13,
            1352.858248283897
        ]
    },
    "60000.0": {
        "combustion": "NO possible solution",
        "electric": "NO possible solution"
    },
    "80000.0": {
        "combustion": [
            6,
            991.598414258972,
            7,
            1145.4799153744134
        ],
        "electric": [
            6,
            1027.097056361714,
            7,
            1089.3800499872016
        ]
    },
    "100000.0": {
        "combustion": [
            5,
            979.4605610691832,
            6,
            1157.3344988038443
        ],
        "electric": [
            5,
            1015.5184621329545,
            6,
            1084.888417324813
        ]
    }
}