{
    "40000.0": {
        "combustion": [
            5,
            1785.6764269340786,
            6,
            2116.600730296612
        ],
        "electric": [
            5,
            1834.0002121743235,
            6,
            1965.9362936154296
        ]
    },
    "60000.0": {
        "combustion": [
            3,
            1578.0371102912377,
            4,
            2050.3128702088243
        ],
        "electric": [
            3,
            1739.6529505168787,
            4,
            1912.4275071054344
        ]
    },
    "80000.0": {
        "combustion": [
            2,
            1404.0573353819937,
            3,
            2019.2060516420845
        ],
        "electric": [
            2,
            1672.1754014727073,
            3,
            1887.3458636279906
        ]
    },
    "100000.0": {
        "combustion": [
            2,
            1696.7043015267423,
            3,
            2460.3749929929313
        ],
        "electric": [
            2,
            1767.7424956456218,
            3,
            2035.0387767391026
        ]
    }
}