{"50000.0": {"combustion": [3, 282961.307553336, 4, 373060.0801762901], "electric": [3, 327700.0133747509, 4, 358204.7510196001]}}