{
    "40000.0": {
        "combustion": [
            0,
            195.4,
            1,
            513.7660390424495
        ],
        "electric": [
            0,
            214.94000000000003,
            1,
            473.8822735663777
        ]
    },
    "60000.0": {
        "combustion": [
            0,
            195.4,
            1,
            663.6861635636743
        ],
        "electric": [
            0,
            214.94000000000003,
            1,
            595.4875153495666
        ]
    },
    "80000.0": {
        "combustion": [
            0,
            195.4,
            1,
            813.606288084899
        ],
        "electric": [
            0,
            214.94000000000003,
            1,
            717.0927571327554
        ]
    },
    "100000.0": {
        "combustion": [
            0,
            195.4,
            1,
            963.5264126061238
        ],
        "electric": [
            0,
            214.94000000000003,
            1,
            838.6979989159444
        ]
    }
}