{
    "40000.0": {
        "combustion": [
            1,
            513.7660390424495,
            2,
            845.1435788495969
        ],
        "electric": [
            1,
            524.1909904422181,
            2,
            844.1577485024717
        ]
    },
    "60000.0": {
        "combustion": [
            1,
            663.6861635636743,
            2,
            1150.9806328728955
        ],
        "electric": [
            1,
            670.9685906633272,
            2,
            1142.7033873522073
        ]
    },
    "80000.0": {
        "combustion": [
            1,
            813.606288084899,
            2,
            1456.817686896194
        ],
        "electric": [
            1,
            817.7461908844363,
            2,
            1441.2490262019433
        ]
    },
    "100000.0": {
        "combustion": [
            1,
            963.5264126061238,
            2,
            1762.6547409194925
        ],
        "electric": [
            1,
            964.5237911055453,
            2,
            1739.794665051679
        ]
    }
}