{
    "40000.0": {
        "combustion": [
            4,
            1581.5598469301633,
            5,
            1973.0471037915252
        ],
        "electric": [
            4,
            1709.4812259198338,
            5,
            1834.0002121743235
        ]
    },
    "60000.0": {
        "combustion": [
            3,
            1686.0332252218293,
            4,
            2233.9475397543424
        ],
        "electric": [
            3,
            1739.6529505168787,
            4,
            1912.4275071054344
        ]
    },
    "80000.0": {
        "combustion": [
            2,
            1474.6351170796781,
            3,
            2163.20087154954
        ],
        "electric": [
            2,
            1672.1754014727073,
            3,
            1887.3458636279906
        ]
    },
    "100000.0": {
        "combustion": [
            1,
            970.7341109004135,
            2,
            1784.9265286488476
        ],
        "electric": [
            1,
            1515.8835929391125,
            2,
            1767.7424956456218
        ]
    }
}