{
    "40000.0": {
        "combustion": [
            1,
            513.7660390424495,
            2,
            845.1435788495969
        ],
        "electric": [
            1,
            524.2269904422182,
            2,
            844.2333485024717
        ]
    },
    "60000.0": {
        "combustion": [
            1,
            663.6861635636743,
            2,
            1150.9806328728955
        ],
        "electric": [
            1,
            671.0045906633272,
            2,
            1142.7789873522074
        ]
    },
    "80000.0": {
        "combustion": [
            1,
            813.606288084899,
            2,
            1456.817686896194
        ],
        "electric": [
            1,
            817.7821908844363,
            2,
            1441.3246262019434
        ]
    },
    "100000.0": {
        "combustion": [
            1,
            963.5264126061238,
            2,
            1762.6547409194925
        ],
        "electric": [
            1,
            964.5597911055454,
            2,
            1739.870265051679
        ]
    }
}