{
    "0.35": 
    {
        "C1Route": 
        {
            "Diesel": 
            {
                "CO2": 27.625137462360275, 
                "CO": 130.0458520263975, 
                "HC": 11.088800960233417, 
                "PMx": 16.680976115253547, 
                "NOx": 319.0387178715618, 
                "Fuel": 2345.553060807857, 
                "Energy": 0.0, 
                "Speed": 11.57006202770985, 
                "Acceleration": 9.836869511357882, 
                "Noise": 69.51962761877007
            }, 
            "Gas": 
            {
                "CO2": 28.01784690821913, 
                "CO": 148.6654375673069, 
                "HC": 126.84595102700393, 
                "PMx": 9.23671209620168, 
                "NOx": 399.914900004142, 
                "Fuel": 2381.19882256024, 
                "Energy": 0.0, 
                "Speed": 12.511670541930696, 
                "Acceleration": 10.481308771367559, 
                "Noise": 69.73982927271916
            }, 
            "EV": 
            {
                "CO2": 0.0, 
                "CO": 0.0, 
                "HC": 0.0,
                "PMx": 5.565645422511778, 
                "NOx": 0.0, 
                "Fuel": 0.0, 
                "Energy": 44.908395405468944, 
                "Speed": 11.774168270433853, 
                "Acceleration": 8.67680126819797, 
                "Noise": 69.5948126079233
            }
        }, 
        "C16Route": 
        {
            "Diesel": 
            {
                "CO2": 27.80725366220747, 
                "CO": 125.04357474821467, 
                "HC": 10.560808131059158, 
                "PMx": 15.796881364415219, 
                "NOx": 315.41210820408793, 
                "Fuel": 2361.043874654805, 
                "Energy": 0.0, 
                "Speed": 14.357452654584494, 
                "Acceleration": 11.739923098124564, 
                "Noise": 70.06166036522627
            }, 
            "Gas": 
            {
                "CO2": 30.859787565368478, 
                "CO": 162.4153840840137, 
                "HC": 140.6054651119053, 
                "PMx": 10.249506825545877, 
                "NOx": 438.1822023616232, 
                "Fuel": 2622.723693401277, 
                "Energy": 0.0, 
                "Speed": 13.4931417393967, 
                "Acceleration": 11.910577368806116, 
                "Noise": 69.88954859268412
            }, 
            "EV": 
            {
                "CO2": 0.0, 
                "CO": 0.0, 
                "HC": 0.0, 
                "PMx": 5.895428858346545, 
                "NOx": 0.0, 
                "Fuel": 0.0, 
                "Energy": 47.63685734747741, 
                "Speed": 13.231547597007411, 
                "Acceleration": 14.211724676756749, 
                "Noise": 69.82942937852678
            }
        }, 
        "E1Route": 
        {
            "Diesel": 
            {
                "CO2": 24.64005218285383, 
                "CO": 112.69143822072766, 
                "HC": 9.548993171793105, 
                "PMx": 14.310625522671105, 
                "NOx": 281.36796890087885, 
                "Fuel": 2092.1175060451446, 
                "Energy": 0.0, 
                "Speed": 13.095757064361367, 
                "Acceleration": 7.6527001198995865, 
                "Noise": 69.83056887327896
            }, 
            "Gas": 
            {
                "CO2": 25.15107470681051, 
                "CO": 131.21386676983929, 
                "HC": 113.0927917561916, 
                "PMx": 8.218964618097, 
                "NOx": 356.0382634358742, 
                "Fuel": 2137.548394133141, 
                "Energy": 0.0, 
                "Speed": 13.745267064256316, 
                "Acceleration": 7.008960680003279, 
                "Noise": 69.95967599005093
            }, 
            "EV": 
            {
                "CO2": 0.0, 
                "CO": 0.0, 
                "HC": 0.0, 
                "PMx": 4.749992258050935, 
                "NOx": 0.0, 
                "Fuel": 0.0, 
                "Energy": 39.51690687519049, 
                "Speed": 13.438509704090897, 
                "Acceleration": 6.327340479722247, 
                "Noise": 69.90653107566203
            }
        }, 
        "E2Route": 
        {
            "Diesel": 
            {
                "CO2": 23.331530813271392, 
                "CO": 111.82113567132109, 
                "HC": 9.31177743710658, 
                "PMx": 14.003601752720513, 
                "NOx": 272.33494663750776, 
                "Fuel": 1981.0040859566188, 
                "Energy": 0.0, 
                "Speed": 9.735200543027624, 
                "Acceleration": 6.513487392934971, 
                "Noise": 69.2124947415913
            }, 
            "Gas": 
            {
                "CO2": 25.94224750772911, 
                "CO": 144.29872067395488, 
                "HC": 122.97206549476986, 
                "PMx": 9.04303918656306, 
                "NOx": 377.8845610431445, 
                "Fuel": 2204.813374891807, 
                "Energy": 0.0, 
                "Speed": 9.203142173657081, 
                "Acceleration": 6.744506190545858, 
                "Noise": 69.119888781615
            }, 
            "EV": 
            {
                "CO2": 0.0, 
                "CO": 0.0, 
                "HC": 0.0, 
                "PMx": 5.080588940064664, 
                "NOx": 0.0, 
                "Fuel": 0.0, 
                "Energy": 39.730747801398046, 
                "Speed": 9.133725962725148, 
                "Acceleration": 6.537431530436502, 
                "Noise": 69.08734027511827
            }
        }
    }, 
    "0.65": 
    {
        "C1Route": 
        {
            "Diesel": 
            {
                "CO2": 36.43142530749263, 
                "CO": 181.32603128143543, 
                "HC": 15.698774748640975, 
                "PMx": 23.772632093550367, 
                "NOx": 430.1232980452491, 
                "Fuel": 3093.214369234667, 
                "Energy": 0.0, 
                "Speed": 8.272506652558427, 
                "Acceleration": 9.252138387947717, 
                "Noise": 68.86509010161139
            }, 
            "Gas": 
            {
                "CO2": 37.83913598071607, 
                "CO": 214.49038075282547, 
                "HC": 186.39465045284334, 
                "PMx": 13.81005573092548, 
                "NOx": 554.3016018861896, 
                "Fuel": 3215.9226204939114, 
                "Energy": 0.0, 
                "Speed": 8.622305808556364, 
                "Acceleration": 10.943778089085036, 
                "Noise": 68.96782968086225
            }, 
            "EV": 
            {
                "CO2": 0.0, 
                "CO": 0.0, 
                "HC": 0.0, 
                "PMx": 8.40095437485897, 
                "NOx": 0.0, 
                "Fuel": 0.0, 
                "Energy": 60.61446630273011, 
                "Speed": 7.919696548407567, 
                "Acceleration": 11.555333598587104, 
                "Noise": 68.80550359481045
            }
        }, 
        "C16Route": 
        {
            "Diesel": 
            {
                "CO2": 38.84221670629087, 
                "CO": 188.95720047098288, 
                "HC": 16.286651592902718, 
                "PMx": 24.599234416430324, 
                "NOx": 454.3340252581451, 
                "Fuel": 3297.924630233301, 
                "Energy": 0.0, 
                "Speed": 9.471011520962767, 
                "Acceleration": 12.54146001522895, 
                "Noise": 69.10749083362842
            }, 
            "Gas": 
            {
                "CO2": 42.91366372602529, 
                "CO": 242.48542943917013, 
                "HC": 212.89517110422108, 
                "PMx": 15.788911677721325, 
                "NOx": 626.9624702571489, 
                "Fuel": 3647.1978402907166,