ASCII Name;Population;LABEL EN;Classification
Naranjos;0;Peru;Small City
San Jose de Bolivar;0;Venezuela, Bolivarian Rep. of;Small City
Pueblo Llano;0;Venezuela, Bolivarian Rep. of;Small City
Los Toldos;0;Argentina;Small City
Hato Culantro;0;Panama;Small City
Aucallama;0;Peru;Small City
Gobea;0;Panama;Small City
Calacoa;0;Peru;Small City
Canaria;0;Peru;Small City
Carlos Tejedor;0;Argentina;Small City
Chaclacayo;0;Peru;Small City
Sinchao;0;Peru;Small City
Santa Cruz;0;Peru;Small City
Nueva Arica;0;Peru;Small City
Cotabambas;0;Peru;Small City
Luya;0;Peru;Small City
Independencia;0;Venezuela, Bolivarian Rep. of;Small City
Pellegrini;0;Argentina;Small City
Las Zangueengas;0;Panama;Small City
San Pablo;0;Colombia;Small City
Villa Union;0;Argentina;Small City
San Vicente;0;Argentina;Small City
Caldas Brandao;0;Brazil;Small City
Balneario Arroio do Silva;0;Brazil;Small City
Mayari;0;Cuba;Small City
Guadalupito;0;Peru;Small City
El Colegio;0;Colombia;Small City
El Porvenir;0;Peru;Small City
Coronado;0;Mexico;Small City
Valle de Las Minas;0;Panama;Small City
Agua Fria Numero Uno;0;Panama;Small City
San Francisco Libre;0;Nicaragua;Small City
Charala;0;Colombia;Small City
Lajas Blancas;0;Panama;Small City
Puan;0;Argentina;Small City
Bajos de Gueera;0;Panama;Small City
Shapaja;0;Peru;Small City
Haquira;0;Peru;Small City
Chiriaco;0;Peru;Small City
Yucay;0;Peru;Small City
Pedro Regis;0;Brazil;Small City
Riachao;0;Brazil;Small City
Governor's Harbour;0;Bahamas;Small City
El Chaparro;0;Venezuela, Bolivarian Rep. of;Small City
Santa Cruz de Guacas;0;Venezuela, Bolivarian Rep. of;Small City
Las Casitas del Vegon de Nutrias;0;Venezuela, Bolivarian Rep. of;Small City
Siquisique;0;Venezuela, Bolivarian Rep. of;Small City
La Concordia;0;Ecuador;Small City
San Timoteo;0;Venezuela, Bolivarian Rep. of;Small City
El Socorro;0;Venezuela, Bolivarian Rep. of;Small City
El Paradero;0;Venezuela, Bolivarian Rep. of;Small City
Boca de Rio;0;Venezuela, Bolivarian Rep. of;Small City
Aricagua;0;Venezuela, Bolivarian Rep. of;Small City
Punta de Piedras;0;Colombia;Small City
Puerres;0;Colombia;Small City
Anza;0;Colombia;Small City
San Francisco;0;Venezuela, Bolivarian Rep. of;Small City
Huaranchal;0;Peru;Small City
La Virgen;0;Costa Rica;Small City
La Cumbre;0;Colombia;Small City
Huaripampa;0;Peru;Small City
Sincos;0;Peru;Small City
Laraos;0;Peru;Small City
Pillcopata;0;Peru;Small City
Echarate;0;Peru;Small City
Muqui;0;Peru;Small City
Macari;0;Peru;Small City
El Dificil;0;Colombia;Small City
Quellouno;0;Peru;Small City
Sangallaya;0;Peru;Small City
Zurite;0;Peru;Small City
Bolognesi;0;Peru;Small City
Apata;0;Peru;Small City
Tibacuy;0;Colombia;Small City
Taraza;0;Colombia;Small City
San Jacinto del Cauca;0;Colombia;Small City
Quito-Arma;0;Peru;Small City
Villa Media Agua;0;Argentina;Small City
Chisquilla;0;Peru;Small City
Castelli;0;Argentina;Small City
Olivos;0;Argentina;Small City
Ranchos;0;Argentina;Small City
Lagarterita;0;Panama;Small City
Araguana;0;Brazil;Small City
Dos Rios;0;Panama;Small City
Cerro Venado;0;Panama;Small City
Lagoa de Sao Francisco;0;Brazil;Small City
Lomas de Zamora;0;Argentina;Small City
Cruz de Machacamarca;0;Bolivia;Small City
Panao;0;Peru;Small City
Pampas;0;Peru;Small City
Lamud;0;Peru;Small City
Hualgayoc;0;Peru;Small City
Dos Pueblos;0;Peru;Small City
Tezoatlan de Segura y Luna;0;Mexico;Small City
Imias;0;Cuba;Small City
Calixto;0;Cuba;Small City
Catac;0;Peru;Small City
Adolfo Gonzales Chaves;0;Argentina;Small City
Godoy Cruz;0;Argentina;Small City
Xochiapa;0;Mexico;Small City
Arrecifes;0;Argentina;Small City
Carmen de Patagones;0;Argentina;Small City
Colon;0;Argentina;Small City
San Luis;0;Colombia;Small City
San Jose;0;Colombia;Small City
Villa del Rosario;0;Argentina;Small City
Banado de Ovanta;0;Argentina;Small City
Ubala;0;Colombia;Small City
Taguasco;0;Cuba;Small City
Coronel Vidal;0;Argentina;Small City
Ulapes;0;Argentina;Small City
Apostoles;0;Argentina;Small City
Tornquist;0;Argentina;Small City
Santa Catalina;0;Argentina;Small City
La Consulta;0;Argentina;Small City
Barrio Jesus;0;Costa Rica;Small City
San Martin de Loba;0;Colombia;Small City
Manuel Antonio Mesones Muro;0;Peru;Small City
Tenerife;0;Colombia;Small City
Concepcion;0;Venezuela, Bolivarian Rep. of;Small City
Cabure;0;Venezuela, Bolivarian Rep. of;Small City
Bachaquero;0;Venezuela, Bolivarian Rep. of;Small City
Ituzaingo;0;Argentina;Small City
Ollachea;0;Peru;Small City
San Carlos;0;Argentina;Small City
Rinconada;0;Argentina;Small City
Jarpa;0;Peru;Small City
Puelches;0;Argentina;Small City
Four Cross Roads;0;Barbados;Small City
Acobamba;0;Peru;Small City
Villa El Salvador;0;Argentina;Small City
Kelluyo;0;Peru;Small City
Yauyos;0;Peru;Small City
Pampas Grande;0;Peru;Small City
Bretana;0;Peru;Small City
Guamini;0;Argentina;Small City
Canalete;0;Colombia;Small City
Guanta;0;Venezuela, Bolivarian Rep. of;Small City
Macuto;0;Venezuela, Bolivarian Rep. of;Small City
Ranracancha;0;Peru;Small City
Quiquijana;0;Peru;Small City
Quince Mil;0;Peru;Small City
Welchman Hall;0;Barbados;Small City
Manazo;0;Peru;Small City
Huarocondo;0;Peru;Small City
Algarrobo del Aguila;0;Argentina;Small City
Ciudad del Libertador General San Martin;0;Argentina;Small City
Brea Pozo;0;Argentina;Small City
Paulo Ramos;0;Brazil;Small City
General Pinto;0;Argentina;Small City
Imbe;0;Brazil;Small City
La Canada;0;Argentina;Small City
Antauta;0;Peru;Small City
Limay Mahuida;0;Argentina;Small City
Malanzan;0;Argentina;Small City
Chumpi;0;Peru;Small City
Tapeixtles;0;Mexico;Small City
Sao Vicente do Serido;0;Brazil;Small City
Paraiso;0;Brazil;Small City
Rivadavia;0;Argentina;Small City
Yunga;0;Peru;Small City
Ninacaca;0;Peru;Small City
San Blas de los Sauces;0;Argentina;Small City
San Lorenzo;0;Argentina;Small City
Velille;0;Peru;Small City
Sapallanga;0;Peru;Small City
Santa Rosa;0;Peru;Small City
Tres Lomas;0;Argentina;Small City
Villa Aberastain;0;Argentina;Small City
Villa de Maria;0;Argentina;Small City
Berisso;0;Argentina;Small City
Carmen de Areco;0;Argentina;Small City
Querobamba;0;Peru;Small City
Puerto Callao;0;Peru;Small City
Ramallo;0;Argentina;Small City
Agua Blanca;0;Peru;Small City
Caleta Cruz;0;Peru;Small City
San Jose de Metan;0;Argentina;Small City
Cojata;0;Peru;Small City
Cacique;0;Panama;Small City
Coyllurqui;0;Peru;Small City
Mirones;0;Panama;Small City
Cerro Pelado;0;Panama;Small City
Ticapampa;0;Peru;Small City
Tauca;0;Peru;Small City
Chacas;0;Peru;Small City
Arraga;0;Argentina;Small City
Santa;0;Peru;Small City
General La Madrid;0;Argentina;Small City
Posic;0;Peru;Small City
Junin;0;Argentina;Small City
La Esmeralda;0;Peru;Small City
Huarmaca;0;Peru;Small City
Casma;0;Peru;Small City
Santo Domingo;0;Peru;Small City
Miramar;0;Argentina;Small City
Navarro;0;Argentina;Small City
Moho;0;Peru;Small City
Managru;0;Colombia;Small City
Montalvo;0;Ecuador;Small City
Los Santos;0;Colombia;Small City
La Capilla;0;Colombia;Small City
Buenavista;0;Colombia;Small City
Providencia;0;Colombia;Small City
Piamonte;0;Colombia;Small City
San Juanito;0;Colombia;Small City
Puerto Lleras;0;Colombia;Small City
Ticrapo;0;Peru;Small City
Santa Clara;0;Ecuador;Small City
Yamparaez;0;Bolivia;Small City
Magdalena;0;Peru;Small City
Antilla;0;Cuba;Small City
Buey Arriba;0;Cuba;Small City
Masons Bay;0;Bahamas;Small City
Valdivia;0;Colombia;Small City
Cerro Iglesia;0;Panama;Small City
Maripasoula;0;French Guiana;Small City
San Jorge;0;Guatemala;Small City
Lucanas;0;Peru;Small City
Chillia;0;Peru;Small City
Huanza;0;Peru;Small City
El Corozo;0;Venezuela, Bolivarian Rep. of;Small City
Churcampa;0;Peru;Small City
San Jose de Guaribe;0;Venezuela, Bolivarian Rep. of;Small City
Chuquibambilla;0;Peru;Small City
Barbacoas;0;Venezuela, Bolivarian Rep. of;Small City
Rio Caribe;0;Venezuela, Bolivarian Rep. of;Small City
Tocuyito;0;Venezuela, Bolivarian Rep. of;Small City
Andahuaylillas;0;Peru;Small City
Ahuac;0;Peru;Small City
El Real;0;Venezuela, Bolivarian Rep. of;Small City
Naiguata;0;Venezuela, Bolivarian Rep. of;Small City
Jacura;0;Venezuela, Bolivarian Rep. of;Small City
El Toro;0;Venezuela, Bolivarian Rep. of;Small City
Chalhuanca;0;Peru;Small City
Chasquitambo;0;Peru;Small City
Hato Juli;0;Panama;Small City
Aucara;0;Peru;Small City
Sacanche;0;Peru;Small City
San Pedro del Norte;0;Nicaragua;Small City
Nanahuatipam;0;Mexico;Small City
Gomez Farias;0;Mexico;Small City
Mocupe;0;Peru;Small City
Villa La Mata;0;Dominican Republic;Small City
Habana;0;Peru;Small City
Tacabamba;0;Peru;Small City
Aimogasta;0;Argentina;Small City
Florentino Ameghino;0;Argentina;Small City
Yauli;0;Peru;Small City
Paso de Indios;0;Argentina;Small City
Uripa;0;Peru;Small City
Tomay Kichwa;0;Peru;Small City
Sanogasta;0;Argentina;Small City
Quinua;0;Peru;Small City
Caspisapa;0;Peru;Small City
Quebrada Honda;0;Peru;Small City
Santa Maia de Pantasma;0;Nicaragua;Small City
La Dalia;0;Nicaragua;Small City
Boraceia;0;Brazil;Small City
Wilfrido Loor Moreira;0;Ecuador;Small City
Calzada;0;Peru;Small City
Ciudad de Atlixco;0;Mexico;Small City
La Chinantla;0;Mexico;Small City
Conchucos;0;Peru;Small City
Villanueva;0;Nicaragua;Small City
Norteno;0;Panama;Small City
Mulukuku;0;Nicaragua;Small City
Namballe;0;Peru;Small City
San Pablo;0;Peru;Small City
Sojo;0;Peru;Small City
Los Corotues;0;Panama;Small City
Las Ollas Arriba;0;Panama;Small City
La Boca del Guasimo;0;Panama;Small City
Cascabel;0;Panama;Small City
Esquipulas;0;Nicaragua;Small City
Sao Sebastiao de Lagoa de Roca;0;Brazil;Small City
Pinamar;0;Argentina;Small City
Lari;0;Peru;Small City
General Las Heras;0;Argentina;Small City
Trenque Lauquen;0;Argentina;Small City
Rivadavia;0;Argentina;Small City
Monte Hermoso;0;Argentina;Small City
Melincue;0;Argentina;Small City
Banda del Rio Sali;0;Argentina;Small City
Rincon de Los Sauces;0;Argentina;Small City
Roque Perez;0;Argentina;Small City
Pueblo Nuevo El Chivo;0;Venezuela, Bolivarian Rep. of;Small City
San Isidro;0;Nicaragua;Small City
El Cua;0;Nicaragua;Small City
Kukra Hill;0;Nicaragua;Small City
San Luis;0;Venezuela, Bolivarian Rep. of;Small City
Torunos;0;Venezuela, Bolivarian Rep. of;Small City
Sano;0;Peru;Small City
Yanahuanca;0;Peru;Small City
San Nicolas;0;Nicaragua;Small City
Lircay;0;Peru;Small City
Bandera;0;Argentina;Small City
El Carmen;0;Argentina;Small City
La Pampa;0;Peru;Small City
Rauch;0;Argentina;Small City
Huayllay;0;Peru;Small City
Curbarado;0;Colombia;Small City
Curahuasi;0;Peru;Small City
San Sebastian de Buenavista;0;Colombia;Small City
Cangallo;0;Peru;Small City
Cerrillos;0;Argentina;Small City
Cabanaconde;0;Peru;Small City
La Plata;0;Venezuela, Bolivarian Rep. of;Small City
Las Mercedes;0;Venezuela, Bolivarian Rep. of;Small City
San Roque;0;Argentina;Small City
Baradero;0;Argentina;Small City
Olta;0;Argentina;Small City
Nueva Esperanza;0;Argentina;Small City
La Banda;0;Argentina;Small City
Campo Elias;0;Venezuela, Bolivarian Rep. of;Small City
San Pedro de Lovago;0;Nicaragua;Small City
Macapo;0;Venezuela, Bolivarian Rep. of;Small City
Palmasola;0;Venezuela, Bolivarian Rep. of;Small City
Independencia;0;Peru;Small City
Baguanos;0;Cuba;Small City
Huayllabamba;0;Peru;Small City
Huancarqui;0;Peru;Small City
Cruz Blanca;0;Peru;Small City
Chipao;0;Peru;Small City
Carabayllo;0;Peru;Small City
San Fernando;0;Colombia;Small City
Majagua;0;Cuba;Small City
Melena del Sur;0;Cuba;Small City
Pilon;0;Cuba;Small City
Acoria;0;Peru;Small City
Sunuapa;0;Mexico;Small City
Aguada;0;Colombia;Small City
Girardota;0;Colombia;Small City
Lamay;0;Peru;Small City
Locroja;0;Peru;Small City
Margos;0;Peru;Small City
Cayo Mambi;0;Cuba;Small City
San Simon;0;Venezuela, Bolivarian Rep. of;Small City
Santa Cruz de Bucaral;0;Venezuela, Bolivarian Rep. of;Small City
Yuracyacu;0;Peru;Small City
Uracoa;0;Venezuela, Bolivarian Rep. of;Small City
Salas;0;Peru;Small City
Quivilla;0;Peru;Small City
Pomalca;0;Peru;Small City
San Antonio;0;Panama;Small City
Urumaco;0;Venezuela, Bolivarian Rep. of;Small City
Jangas;0;Peru;Small City
Betijoque;0;Venezuela, Bolivarian Rep. of;Small City
Calderas;0;Venezuela, Bolivarian Rep. of;Small City
El Palmar;0;Venezuela, Bolivarian Rep. of;Small City
Guaraque;0;Venezuela, Bolivarian Rep. of;Small City
Pedraza La Vieja;0;Venezuela, Bolivarian Rep. of;Small City
Pregonero;0;Venezuela, Bolivarian Rep. of;Small City
Taisha;0;Ecuador;Small City
Guachene;0;Colombia;Small City
Animas;0;Colombia;Small City
El Dorado;0;Colombia;Small City
Santa Barbara de Pinto;0;Colombia;Small City
Huacrapuquio;0;Peru;Small City
Cotahuasi;0;Peru;Small City
Coporaque;0;Peru;Small City
San Rafael;0;Peru;Small City
La Victoria;0;Colombia;Small City
San Jose de Ure;0;Colombia;Small City
Putre;0;Chile;Small City
Bagua;0;Peru;Small City
Monitos;0;Colombia;Small City
Colcamar;0;Peru;Small City
Bejuco;0;Costa Rica;Small City
Guerra;0;Dominican Republic;Small City
Cube;0;Ecuador;Small City
Gonzalo Pizarro;0;Ecuador;Small City
Saladillo;0;Argentina;Small City
Chavinillo;0;Peru;Small City
El Espinal;0;Panama;Small City
Huamali;0;Peru;Small City
Condoroma;0;Peru;Small City
Villanueva;0;Colombia;Small City
Santa Isabel;0;Colombia;Small City
Calimita;0;Colombia;Small City
Saravena;0;Colombia;Small City
Indiana;0;Peru;Small City
Taurija;0;Peru;Small City
Ajoyani;0;Peru;Small City
Palcamayo;0;Peru;Small City
Paccha;0;Peru;Small City
Huanchaco;0;Peru;Small City
Encanada;0;Peru;Small City
Chilete;0;Peru;Small City
Cancas;0;Peru;Small City
Totos;0;Peru;Small City
Chupa;0;Peru;Small City
Colca;0;Peru;Small City
Chala;0;Peru;Small City
Pilon;0;Panama;Small City
Llano Grande;0;Panama;Small City
Carache;0;Venezuela, Bolivarian Rep. of;Small City
Guaranda;0;Colombia;Small City
Cuipo;0;Panama;Small City
Puerto Caicedo;0;Colombia;Small City
Manalich;0;Cuba;Small City
Casserengue;0;Brazil;Small City
Suipacha;0;Argentina;Small City
Empedrado;0;Argentina;Small City
La Palma;0;Colombia;Small City
Caseros;0;Argentina;Small City
Pozo Hondo;0;Argentina;Small City
Patquia;0;Argentina;Small City
Maipu;0;Argentina;Small City
La Vina;0;Argentina;Small City
Damiao;0;Brazil;Small City
La Paz;0;Argentina;Small City
Villa Tulumaya;0;Argentina;Small City
Tumbaya;0;Argentina;Small City
El Limon;0;Panama;Small City
Tuchin;0;Colombia;Small City
Betania;0;Panama;Small City
Aucayacu;0;Peru;Small City
Siquinala;0;Guatemala;Small City
Pomata;0;Peru;Small City
Pampa Cangallo;0;Peru;Small City
Mara;0;Peru;Small City
Cabana;0;Peru;Small City
Huacar;0;Peru;Small City
Vallenar;0;Chile;Small City
Lajas;0;Peru;Small City
Canta;0;Peru;Small City
Ancahuasi;0;Peru;Small City
Pomahuaca;0;Peru;Small City
Shucushuyacu;0;Peru;Small City
Sihuas;0;Peru;Small City
Rambala;0;Panama;Small City
Otaez;0;Mexico;Small City
Pebas;0;Peru;Small City
Ensenada;0;Argentina;Small City
El Piro;0;Panama;Small City
Sausa;0;Peru;Small City
Mariabe;0;Panama;Small City
Potrero de Cana;0;Panama;Small City
La Trinidad;0;Nicaragua;Small City
Balleza;0;Mexico;Small City
Teorama;0;Colombia;Small City
Diego Martin;0;Trinidad and Tobago;Small City
Arismendi;0;Venezuela, Bolivarian Rep. of;Small City
Checker Hall;0;Barbados;Small City
Covenas;0;Colombia;Small City
Samana;0;Colombia;Small City
San Pablo;0;Costa Rica;Small City
San Juan y Martinez;0;Cuba;Small City
Carlos Manuel de Cespedes;0;Cuba;Small City
Canape Capatarida;0;Venezuela, Bolivarian Rep. of;Small City
Rodeio;0;Brazil;Small City
Waslala;0;Nicaragua;Small City
Solita;0;Colombia;Small City
Llata;0;Peru;Small City
Alberti;0;Argentina;Small City
Malarguee;0;Argentina;Small City
Tunapuy;0;Venezuela, Bolivarian Rep. of;Small City
Santa Maria de Caparo;0;Venezuela, Bolivarian Rep. of;Small City
Ocumare de la Costa;0;Venezuela, Bolivarian Rep. of;Small City
La Union;0;Venezuela, Bolivarian Rep. of;Small City
Capitolio;0;Brazil;Small City
La Luz;0;Venezuela, Bolivarian Rep. of;Small City
Ciudad De Nutrias;0;Venezuela, Bolivarian Rep. of;Small City
Famatina;0;Argentina;Small City
Guanay;0;Bolivia;Small City
Triunfo Potiguar;0;Brazil;Small City
Campo Limpo Paulista;0;Brazil;Small City
General Belgrano;0;Argentina;Small City
Tama;0;Argentina;Small City
Santa Rosa;0;Argentina;Small City
Salliquelo;0;Argentina;Small City
Milagro;0;Argentina;Small City
Cotoca;0;Bolivia;Small City
Villa Union;0;Argentina;Small City
La Candelaria;0;Argentina;Small City
Gobernador Gregores;0;Argentina;Small City
Surcubamba;0;Peru;Small City
Coronte;0;Panama;Small City
Cujillo;0;Peru;Small City
La Caleta Culebras;0;Peru;Small City
Santa Rosa;0;Peru;Small City
Mendoza;0;Peru;Small City
Iparia;0;Peru;Small City
Pueblo Nuevo;0;Peru;Small City
La Arena;0;Peru;Small City
El Parco District;0;Peru;Small City
Marcara District;0;Peru;Small City
Chao;0;Peru;Small City
Sunampe;0;Peru;Small City
Santa Teresa;0;Peru;Small City
San Pedro;0;Peru;Small City
Pucusana;0;Peru;Small City
Huacaybamba;0;Peru;Small City
Tamanco;0;Peru;Small City
Pitumarca;0;Peru;Small City
Llalli;0;Peru;Small City
Fort Wellington;0;Guyana;Small City
Huariaca;0;Peru;Small City
Goyllarisquizga;0;Peru;Small City
Corire;0;Peru;Small City
Chavina;0;Peru;Small City
Santa Fe;0;Bolivia;Small City
Fray Bartolome de Las Casas;0;Guatemala;Small City
Ocongate;0;Peru;Small City
Aplao;0;Peru;Small City
San Casimiro;0;Venezuela, Bolivarian Rep. of;Small City
Sierra Imataca;0;Venezuela, Bolivarian Rep. of;Small City
Quero;0;Ecuador;Small City
Ccorca;0;Peru;Small City
Chicla;0;Peru;Small City
Laramate;0;Peru;Small City
Limbani;0;Peru;Small City
Tocopero;0;Venezuela, Bolivarian Rep. of;Small City
Muquiyauyo;0;Peru;Small City
Maras;0;Peru;Small City
Huaro;0;Peru;Small City
Coronel Pringles;0;Argentina;Small City
Porvenir;0;Chile;Small City
Pueblo Nuevo;0;Colombia;Small City
Algarrobo;0;Colombia;Small City
Chepigana;0;Panama;Small City
Union;0;Guatemala;Small City
Santa Rita;0;Panama;Small City
Cuchillo Co;0;Argentina;Small City
Boca de Sabalos;0;Nicaragua;Small City
El Pilar;0;Venezuela, Bolivarian Rep. of;Small City
El Canton;0;Venezuela, Bolivarian Rep. of;Small City
Capitanejo;0;Venezuela, Bolivarian Rep. of;Small City
Arauquita;0;Venezuela, Bolivarian Rep. of;Small City
Aragua;0;Venezuela, Bolivarian Rep. of;Small City
Santa Rita;0;Venezuela, Bolivarian Rep. of;Small City
Cordero;0;Venezuela, Bolivarian Rep. of;Small City
La Yuca;0;Venezuela, Bolivarian Rep. of;Small City
La Curva;0;Peru;Small City
La Merced;0;Argentina;Small City
Valle Grande;0;Argentina;Small City
Huanoquite;0;Peru;Small City
Gorgor;0;Peru;Small City
Cabecera de Cerro Puerco;0;Panama;Small City
El Carmen;0;Peru;Small City
Jingurudo;0;Panama;Small City
Cieneguilla;0;Peru;Small City
Callalli;0;Peru;Small City
San Isidro;0;Argentina;Small City
Cerro Iglesia;0;Panama;Small City
Juazeiro do Piaui;0;Brazil;Small City
Nova Olina do Marnhao;0;Brazil;Small City
San Miguel del Monte;0;Argentina;Small City
San Ignacio;0;Argentina;Small City
San Cayetano;0;Argentina;Small City
Magdalena;0;Argentina;Small City
General Conesa;0;Argentina;Small City
Ananea;0;Peru;Small City
Cerro Silvestre;0;Panama;Small City
Palca;0;Peru;Small City
Santa Eulalia;0;Peru;Small City
Concepcion;0;Argentina;Small City
Accha;0;Peru;Small City
Punos;0;Peru;Small City
Buenos Aires;0;Peru;Small City
Bolivar;0;Peru;Small City
San Juan de Manapiare;0;Venezuela, Bolivarian Rep. of;Small City
Paraiso de Chabasquen;0;Venezuela, Bolivarian Rep. of;Small City
Pehuajo;0;Argentina;Small City
Guayabal;0;Venezuela, Bolivarian Rep. of;Small City
Arapuey;0;Venezuela, Bolivarian Rep. of;Small City
Bocas de Satinga;0;Colombia;Small City
Anori;0;Colombia;Small City
San Jose del Fragua;0;Colombia;Small City
Rionegro;0;Colombia;Small City
La Apartada;0;Colombia;Small City
Logradouro;0;Brazil;Small City
Caripe;0;Venezuela, Bolivarian Rep. of;Small City
Regina;0;French Guiana;Small City
Vedia;0;Argentina;Small City
Eldorado;0;Argentina;Small City
El Simbolar;0;Argentina;Small City
Jamalca;0;Peru;Small City
La Jalca;0;Peru;Small City
Las Palmas;0;Peru;Small City
Chore;0;Paraguay;Small City
San Antonio del Golfo;0;Venezuela, Bolivarian Rep. of;Small City
Maroa;0;Venezuela, Bolivarian Rep. of;Small City
Benito Juarez;0;Argentina;Small City
Bum Bum;0;Venezuela, Bolivarian Rep. of;Small City
El Playon;0;Venezuela, Bolivarian Rep. of;Small City
Sauce;0;Argentina;Small City
Nuevo Progreso;0;Peru;Small City
Santa Ana;0;Argentina;Small City
Montero;0;Peru;Small City
Lobos;0;Argentina;Small City
Loberia;0;Argentina;Small City
Altamira;0;Venezuela, Bolivarian Rep. of;Small City
San Francisco;0;Peru;Small City
Recuay;0;Peru;Small City
El Puerto;0;Panama;Small City
Pucacaca;0;Peru;Small City
Moro;0;Peru;Small City
Bruzual;0;Venezuela, Bolivarian Rep. of;Small City
Masparrito;0;Venezuela, Bolivarian Rep. of;Small City
Piritu;0;Venezuela, Bolivarian Rep. of;Small City
San Francisco de Yare;0;Venezuela, Bolivarian Rep. of;Small City
Yaracal;0;Venezuela, Bolivarian Rep. of;Small City
Santa Rosa;0;Peru;Small City
Cahuac;0;Peru;Small City
Nueva Requena;0;Peru;Small City
Ventanilla;0;Peru;Small City
Caricuao;0;Venezuela, Bolivarian Rep. of;Small City
Taraco;0;Peru;Small City
Tapo;0;Peru;Small City
Tamburco;0;Peru;Small City
San Juan;0;Peru;Small City
Breu;0;Peru;Small City
Tayabamba;0;Peru;Small City
Delicias;0;Venezuela, Bolivarian Rep. of;Small City
Los Guayos;0;Venezuela, Bolivarian Rep. of;Small City
Llano Culebra;0;Panama;Small City
Salto Dupi;0;Panama;Small City
Soyaltepec;0;Mexico;Small City
Salud;0;Panama;Small City
San Juan Mixtepec;0;Mexico;Small City
San Juan Mixtepec;0;Mexico;Small City
Pena Blanca;0;Panama;Small City
Onoto;0;Venezuela, Bolivarian Rep. of;Small City
Palo Grande;0;Panama;Small City
San Carlos de Bolivar;0;Argentina;Small City
Ayacucho;0;Argentina;Small City
Capilla del Senor;0;Argentina;Small City
Gatu;0;Panama;Small City
Hard Bargain;0;Bahamas;Small City
Algodao de Jandaira;0;Brazil;Small City
Bom Principio do Piaui;0;Brazil;Small City
Rojas;0;Argentina;Small City
Jaramillo Arriba;0;Panama;Small City
Bolivia;0;Cuba;Small City
Seboruco;0;Venezuela, Bolivarian Rep. of;Small City
Lopez;0;Colombia;Small City
Caruru;0;Colombia;Small City
Dulce Nombre de Jesus;0;Costa Rica;Small City
San Antonio del Sur;0;Cuba;Small City
Palenque;0;Cuba;Small City
Francisco Dantas;0;Brazil;Small City
Caicara do Norte;0;Brazil;Small City
Teixeira de Freitas;0;Brazil;Small City
Sigefredo Pacheco;0;Brazil;Small City
El Espinillo;0;Argentina;Small City
Colon;0;Argentina;Small City
Villa Santa Rosa;0;Argentina;Small City
Villa Castelli;0;Argentina;Small City
Tamberias;0;Argentina;Small City
Iruya;0;Argentina;Small City
Acobamba;0;Peru;Small City
Isnos;0;Colombia;Small City
Lopez;0;Mexico;Small City
Yuto;0;Colombia;Small City
El Guayabito;0;Mexico;Small City
Gomez Farias;0;Mexico;Small City
Curgos;0;Peru;Small City
Chirinos;0;Peru;Small City
Yanque;0;Peru;Small City
Alpujarra;0;Colombia;Small City
La Esperanza;0;Colombia;Small City
Herrera;0;Argentina;Small City
Tambo;0;Peru;Small City
Paz de Ariporo;0;Colombia;Small City
Orurillo;0;Peru;Small City
Pueblo Bello;0;Colombia;Small City
Chinchero;0;Peru;Small City
Quickstep;0;Jamaica;Small City
Yucuyachi;0;Mexico;Small City
Santa Isabel;0;Colombia;Small City
San Pedro;0;Peru;Small City
Guachipas;0;Argentina;Small City
Garza;0;Argentina;Small City
La Colonia;0;Argentina;Small City
Santa Helena del Opon;0;Colombia;Small City
La Sacilia;0;Peru;Small City
Santa Maria;0;Colombia;Small City
Sarhua;0;Peru;Small City
San Andres de Sotavento;0;Colombia;Small City
Chanaral;0;Chile;Small City
Pocollay;0;Peru;Small City
Santa Lucia;0;Cuba;Small City
Ocona;0;Peru;Small City
Chameta;0;Venezuela, Bolivarian Rep. of;Small City
Ichuna;0;Peru;Small City
Huancabamba;0;Peru;Small City
El Tambo;0;Peru;Small City
Chuschi;0;Peru;Small City
Characato;0;Peru;Small City
Mariguitar;0;Venezuela, Bolivarian Rep. of;Small City
San Sebastian;0;Venezuela, Bolivarian Rep. of;Small City
Malpaisillo;0;Nicaragua;Small City
Corongo;0;Peru;Small City
La Esperanza;0;Peru;Small City
Aminga;0;Argentina;Small City
Soloy;0;Panama;Small City
Los Valles;0;Panama;Small City
Belen;0;Argentina;Small City
El Cuy;0;Argentina;Small City
La Poma;0;Argentina;Small City
Monte Quemado;0;Argentina;Small City
La Palma;0;Cuba;Small City
Guernica;0;Argentina;Small City
Nogoya;0;Argentina;Small City
Pila;0;Argentina;Small City
Tarica;0;Peru;Small City
San Lorenzo;0;Peru;Small City
Andamarca;0;Bolivia;Small City
Piscoyacu;0;Peru;Small City
Gaspar;0;Cuba;Small City
Leandro N. Alem;0;Argentina;Small City
San Diego;0;Venezuela, Bolivarian Rep. of;Small City
Sardinilla;0;Panama;Small City
Santa Isabel;0;Peru;Small City
Chontabamba;0;Peru;Small City
Huancarama;0;Peru;Small City
Pampa Hermosa;0;Peru;Small City
Olleros;0;Peru;Small City
Miraflores;0;Peru;Small City
Leticia;0;Peru;Small City
Sabandia;0;Peru;Small City
Pazos;0;Peru;Small City
San Mateo;0;Peru;Small City
Frias;0;Peru;Small City
Lluchubamba;0;Peru;Small City
Huamanguilla;0;Peru;Small City
Cusipata;0;Peru;Small City
Coya;0;Peru;Small City
Pacaipampa;0;Peru;Small City
San Jacinto;0;Peru;Small City
Sauce;0;Peru;Small City
Shamboyacu;0;Peru;Small City
Cuango;0;Panama;Small City
Laprida;0;Argentina;Small City
General Arenales;0;Argentina;Small City
El Alto;0;Argentina;Small City
Chepes;0;Argentina;Small City
Teotihuacan;0;Mexico;Small City
San Jose de Aerocuar;0;Venezuela, Bolivarian Rep. of;Small City
Quilcas;0;Peru;Small City
Pueblo Nuevo;0;Peru;Small City
Najasa;0;Cuba;Small City
Fernandez;0;Argentina;Small City
Seteganti;0;Panama;Small City
Rio Grande;0;Panama;Small City
General Rodriguez;0;Argentina;Small City
Maraca;0;Panama;Small City
Black Point;0;Bahamas;Small City
Villa Serrano;0;Bolivia;Small City
Tonala;0;Nicaragua;Small City
Chupuro;0;Peru;Small City
La Mula;0;Venezuela, Bolivarian Rep. of;Small City
Sabana de Mendoza;0;Venezuela, Bolivarian Rep. of;Small City
Las Coloradas;0;Argentina;Small City
Huancaspata;0;Peru;Small City
Jose Leonardo Ortiz;0;Peru;Small City
Mariano Melgar;0;Peru;Small City
Little Cayman;0;Cayman Islands;Small City
Yorongos;0;Peru;Small City
Agua de Salud;0;Panama;Small City
Las Heras;0;Argentina;Small City
Juamave;0;Mexico;Small City
Juay;0;Panama;Small City
Miguel de La Borda;0;Panama;Small City
Barriales;0;Panama;Small City
Bajo Solis;0;Panama;Small City
Quebrada de Loro;0;Panama;Small City
Tarapoto;0;Peru;Small City
Singa;0;Peru;Small City
Santa Catalina;0;Panama;Small City
San Jacinto;0;Peru;Small City
Rio Colorado;0;Argentina;Small City
Tupungato;0;Argentina;Small City
Isla Raton;0;Venezuela, Bolivarian Rep. of;Small City
La Tinta;0;Guatemala;Small City
Prado-Sevilla;0;Colombia;Small City
San Cristobal;0;Colombia;Small City
Puerto Meluk;0;Colombia;Small City
Guachaves;0;Colombia;Small City
El Penon;0;Colombia;Small City
Tecka;0;Argentina;Small City
Convencion;0;Colombia;Small City
Monterrey;0;Costa Rica;Small City
Segundo Frente;0;Cuba;Small City
Villa Charcas;0;Bolivia;Small City
Porangaba;0;Brazil;Small City
Alta Floresta;0;Brazil;Small City
Lago dos Rodrigues;0;Brazil;Small City
Maipu;0;Argentina;Small City
Sucre;0;Peru;Small City
La Puerta;0;Argentina;Small City
San Pablo;0;Venezuela, Bolivarian Rep. of;Small City
Torondoy;0;Venezuela, Bolivarian Rep. of;Small City
Masisea;0;Peru;Small City
Acomayo;0;Peru;Small City
Cabana;0;Peru;Small City
Carampoma;0;Peru;Small City
Chaglla;0;Peru;Small City
Caballococha;0;Peru;Small City
Yanahuaya;0;Peru;Small City
Colcabamba;0;Peru;Small City
Guadalupe;0;Peru;Small City
Socabaya;0;Peru;Small City
Saylla;0;Peru;Small City
Punta Hermosa;0;Peru;Small City
Pucyura;0;Peru;Small City
Marco;0;Peru;Small City
Oropesa;0;Peru;Small City
Pelejo;0;Peru;Small City
Acobambilla;0;Peru;Small City
San Rafael;0;Peru;Small City
Tamarindo;0;Peru;Small City
La Quebrada;0;Venezuela, Bolivarian Rep. of;Small City
San Jose;0;Panama;Small City
Capacho Viejo;0;Venezuela, Bolivarian Rep. of;Small City
Libertad;0;Venezuela, Bolivarian Rep. of;Small City
Naguanagua;0;Venezuela, Bolivarian Rep. of;Small City
Piritu;0;Venezuela, Bolivarian Rep. of;Small City
Queniquea;0;Venezuela, Bolivarian Rep. of;Small City
La Molina;0;Peru;Small City
La Carrillo;0;Panama;Small City
Puerto Lindo;0;Panama;Small City
Chacarero;0;Panama;Small City
Burunga;0;Panama;Small City
Bella Vista;0;Panama;Small City
Altos de Gueera;0;Panama;Small City
Santa Catalina;0;Venezuela, Bolivarian Rep. of;Small City
Trompeteros;0;Peru;Small City
Santa Apolonia;0;Venezuela, Bolivarian Rep. of;Small City
Huayrapata;0;Peru;Small City
Paucartambo;0;Peru;Small City
El Bale;0;Panama;Small City
Dolores;0;Venezuela, Bolivarian Rep. of;Small City
Curiapo;0;Venezuela, Bolivarian Rep. of;Small City
La Tendida;0;Venezuela, Bolivarian Rep. of;Small City
Nueva Manoa;0;Bolivia;Small City
Sao Goncalo;0;Brazil;Small City
Tauripampa;0;Peru;Small City
San Jose Ojetenam;0;Guatemala;Small City
El Dividive;0;Venezuela, Bolivarian Rep. of;Small City
Raxruha;0;Guatemala;Small City
Canuelas;0;Argentina;Small City
Piguee;0;Argentina;Small City
Leleque;0;Argentina;Small City
Henderson;0;Argentina;Small City
General Alvear;0;Argentina;Small City
Gastre;0;Argentina;Small City
Viraco;0;Peru;Small City
Ezeiza;0;Argentina;Small City
El Ayote;0;Nicaragua;Small City
La Esmeralda;0;Venezuela, Bolivarian Rep. of;Small City
Punta de Piedra;0;Venezuela, Bolivarian Rep. of;Small City
Carmen Alto;0;Peru;Small City
Callahuanca;0;Peru;Small City
Caja;0;Peru;Small City
Baquedano;0;Chile;Small City
San Juan de Rioseco;0;Colombia;Small City
San Francisco;0;Colombia;Small City
Concordia;0;Colombia;Small City
Pedregal;0;Venezuela, Bolivarian Rep. of;Small City
Bete;0;Colombia;Small City
Camajuani;0;Cuba;Small City
Aco;0;Peru;Small City
Coclecito;0;Panama;Small City
Saramiriza;0;Peru;Small City
Matahuasi;0;Peru;Small City
San Juan de los Cayos;0;Venezuela, Bolivarian Rep. of;Small City
Sabana Grande;0;Venezuela, Bolivarian Rep. of;Small City
Guara;0;Cuba;Small City
Santa Lucia;0;Venezuela, Bolivarian Rep. of;Small City
Wiwili de Jinotega;0;Nicaragua;Small City
El Regalo;0;Venezuela, Bolivarian Rep. of;Small City
La Merced;0;Peru;Small City
Las Cabras;0;Panama;Small City
Lanlacuni Bajo;0;Peru;Small City
Limatambo;0;Peru;Small City
Calidonia;0;Panama;Small City
Munani;0;Peru;Small City
Omate;0;Peru;Small City
Paccha;0;Peru;Small City
Paratia;0;Peru;Small City
Roque;0;Peru;Small City
Punchao;0;Peru;Small City
Obas;0;Peru;Small City
Negritos;0;Peru;Small City
Samegua;0;Peru;Small City
Soras;0;Peru;Small City
Coasa;0;Peru;Small City
Carlos Casares;0;Argentina;Small City
Chumbicha;0;Argentina;Small City
Lules;0;Argentina;Small City
Nueva Cajamarca;0;Peru;Small City
Chuquibamba;0;Peru;Small City
Puerto Vivas;0;Venezuela, Bolivarian Rep. of;Small City
Umuquena;0;Venezuela, Bolivarian Rep. of;Small City
San Carlos de Rio Negro;0;Venezuela, Bolivarian Rep. of;Small City
Mapire;0;Venezuela, Bolivarian Rep. of;Small City
Caramuca;0;Venezuela, Bolivarian Rep. of;Small City
Iberia;0;Peru;Small City
San Juan de Payara;0;Venezuela, Bolivarian Rep. of;Small City
Lucas do Rio Verde;0;Brazil;Small City
Sao Francisco do Oeste;0;Brazil;Small City
Veronica;0;Argentina;Small City
General Lavalle;0;Argentina;Small City
General Guido;0;Argentina;Small City
San Jose;0;Argentina;Small City
Molinos;0;Argentina;Small City
Independencia;0;Bolivia;Small City
Barranquita;0;Peru;Small City
Uchumayo;0;Peru;Small City
Zepita;0;Peru;Small City
Coconuco;0;Colombia;Small City
Buenavista;0;Colombia;Small City
Genova;0;Colombia;Small City
Sarchi;0;Costa Rica;Small City
Sabalito;0;Costa Rica;Small City
Nueva Paz;0;Cuba;Small City
Hato Pilon;0;Panama;Small City
Granada;0;Colombia;Small City
Nueva Providencia;0;Panama;Small City
El Jicaro;0;Nicaragua;Small City
Santa Maria del Oro;0;Mexico;Small City
San Juan Ostuncalco;0;Guatemala;Small City
Hualhuas;0;Peru;Small City
Quichuay;0;Peru;Small City
Agua Blanca;0;Venezuela, Bolivarian Rep. of;Small City
Aguasay;0;Venezuela, Bolivarian Rep. of;Small City
Tucuti;0;Panama;Small City
Sebaco;0;Nicaragua;Small City
La Salina;0;Colombia;Small City
Timbio;0;Colombia;Small City
Yauca;0;Peru;Small City
Vilcabamba;0;Peru;Small City
Tiabaya;0;Peru;Small City
Vitarte;0;Peru;Small City
San Lorenzo;0;Peru;Small City
Huambos;0;Peru;Small City
Pomacanchi;0;Peru;Small City
Norosi;0;Colombia;Small City
Los Organos;0;Peru;Small City
San Antonio;0;Peru;Small City
Huancapi;0;Peru;Small City
Crucero;0;Peru;Small City
Chincheros;0;Peru;Small City
San Luis;0;Peru;Small City
Challhuahuacho;0;Peru;Small City
Cachimayo;0;Peru;Small City
Laraqueri;0;Peru;Small City
Lujan de Cuyo;0;Argentina;Small City
Achoma;0;Peru;Small City
Susques;0;Argentina;Small City
Caimito;0;Cuba;Small City
Huancapallac;0;Peru;Small City
Shatoja;0;Peru;Small City
Las Flores;0;Argentina;Small City
San Julian;0;Bolivia;Small City
Marcos Paz;0;Argentina;Small City
La Maquina;0;Guatemala;Small City
Santo Domingo;0;Venezuela, Bolivarian Rep. of;Small City
Santa Barbara;0;Venezuela, Bolivarian Rep. of;Small City
Santa Ana;0;Venezuela, Bolivarian Rep. of;Small City
Cambebba;0;Brazil;Small City
Maporal;0;Venezuela, Bolivarian Rep. of;Small City
La Cruz de Taratara;0;Venezuela, Bolivarian Rep. of;Small City
El Callao;0;Venezuela, Bolivarian Rep. of;Small City
Cojedes;0;Venezuela, Bolivarian Rep. of;Small City
Capitan Sarmiento;0;Argentina;Small City
Zapotal;0;Costa Rica;Small City
San Cayetano;0;Colombia;Small City
Tunuyan;0;Argentina;Small City
San Justo;0;Argentina;Small City
Bella Vista;0;Argentina;Small City
Las Plumas;0;Argentina;Small City
San Martin;0;Argentina;Small City
Selva;0;Argentina;Small City
Santa Victoria;0;Argentina;Small City
Rosario de Lerma;0;Argentina;Small City
Abejales;0;Venezuela, Bolivarian Rep. of;Small City
Rodeo;0;Argentina;Small City
Daireaux;0;Argentina;Small City
San Andres de Giles;0;Argentina;Small City
Salto;0;Argentina;Small City
San Bernardo;0;Colombia;Small City
Puerto Libertador;0;Colombia;Small City
Tapalque;0;Argentina;Small City
Telsen;0;Argentina;Small City
Frias;0;Argentina;Small City
Las Mesas;0;Venezuela, Bolivarian Rep. of;Small City
San Francisco del Norte;0;Nicaragua;Small City
Rancho Grande;0;Nicaragua;Small City
Cunumbuqui;0;Peru;Small City
San Benito;0;Colombia;Small City
Villa Caro;0;Colombia;Small City
Providencia;0;Chile;Small City
Pichari;0;Peru;Small City
Pausa;0;Peru;Small City
Pampacolca;0;Peru;Small City
Concordia;0;Peru;Small City
Pacucha;0;Peru;Small City
San Antonio;0;Argentina;Small City
Colquemarca;0;Peru;Small City
Antabamba;0;Peru;Small City
El Chal;0;Guatemala;Small City
Villa Rica;0;Colombia;Small City
Cajueiro da Praia;0;Brazil;Small City
Playa Grande;0;Guatemala;Small City
San Pedro De Cachora;0;Peru;Small City
Vargem Grande Paulista;0;Brazil;Small City
Cumba;0;Peru;Small City
Pachas;0;Peru;Small City
Huachacalla;0;Bolivia;Small City
Pueblo Nuevo;0;Panama;Small City
San Vicente;0;Ecuador;Small City
La Maquina;0;Cuba;Small City
Pinogana;0;Panama;Small City
Cubitas;0;Cuba;Small City
La Soledad;0;Panama;Small City
Huallanca;0;Peru;Small City
El Carmen de Atrato;0;Colombia;Small City
El Espino Amarillo;0;Panama;Small City
El Bebedero;0;Panama;Small City
Cerro Plata;0;Panama;Small City
Achiote;0;Panama;Small City
Tres Unidos;0;Peru;Small City
Labateca;0;Colombia;Small City
Socota;0;Peru;Small City
Gonzalo Vasquez;0;Panama;Small City
General Juan Madariaga;0;Argentina;Small City
Chascomus;0;Argentina;Small City
Medanos;0;Argentina;Small City
Hato Jobo;0;Panama;Small City
Santa Lucia;0;Venezuela, Bolivarian Rep. of;Small City
Boca de Rio Chiriqui;0;Panama;Small City
Alto Caballero;0;Panama;Small City
Rio Luis;0;Panama;Small City
Gueibale;0;Panama;Small City
El Consejo;0;Venezuela, Bolivarian Rep. of;Small City
Santa Ana;0;Venezuela, Bolivarian Rep. of;Small City
Santiago Camotlan;0;Mexico;Small City
Canagua;0;Venezuela, Bolivarian Rep. of;Small City
Santa Rita;0;Colombia;Small City
Santa Rosa;0;Colombia;Small City
San Marcos;0;Peru;Small City
Quinuabamba;0;Peru;Small City
Puerto Inca;0;Peru;Small City
Puerto Galilea;0;Peru;Small City
Guadarrama;0;Venezuela, Bolivarian Rep. of;Small City
Toledo;0;Colombia;Small City
San Rafael de Canagua;0;Venezuela, Bolivarian Rep. of;Small City
San Antonio;0;Venezuela, Bolivarian Rep. of;Small City
Sarare;0;Venezuela, Bolivarian Rep. of;Small City
Cariari;0;Costa Rica;Small City
San Silvestre;0;Venezuela, Bolivarian Rep. of;Small City
Papelon;0;Venezuela, Bolivarian Rep. of;Small City
El Corozo;0;Venezuela, Bolivarian Rep. of;Small City
Alejandria;0;Colombia;Small City
El Cobre;0;Venezuela, Bolivarian Rep. of;Small City
Paya;0;Panama;Small City
Cupira;0;Venezuela, Bolivarian Rep. of;Small City
Cachipay;0;Colombia;Small City
Chejende;0;Venezuela, Bolivarian Rep. of;Small City
Camatagua;0;Venezuela, Bolivarian Rep. of;Small City
Biscucuy;0;Venezuela, Bolivarian Rep. of;Small City
Llano Tugri;0;Panama;Small City
San Francisco;0;Panama;Small City
Santa Teresa;0;Nicaragua;Small City
Buenavista;0;Colombia;Small City
Dolores;0;Colombia;Small City
Carvajal;0;Venezuela, Bolivarian Rep. of;Small City
Santa Cruz;0;Venezuela, Bolivarian Rep. of;Small City
Putina;0;Peru;Small City
Pozuzo;0;Peru;Small City
Paruro;0;Peru;Small City
Santa Maria de Ipire;0;Venezuela, Bolivarian Rep. of;Small City
Cutervo;0;Peru;Small City
Paimas;0;Peru;Small City
El Descanso;0;Peru;Small City
San Salvador;0;Peru;Small City
Santa Lucia;0;Panama;Small City
Cauri;0;Peru;Small City
Castrovirreyna;0;Peru;Small City
El Prado;0;Panama;Small City
Banos;0;Peru;Small City
General Guemes;0;Argentina;Small City
La Cabuya;0;Panama;Small City
Texmelucan;0;Mexico;Small City
Concho;0;Peru;Small City
Papayal;0;Peru;Small City
Puerto de Nutrias;0;Venezuela, Bolivarian Rep. of;Small City
Irapa;0;Venezuela, Bolivarian Rep. of;Small City
Pallasca;0;Peru;Small City
Orellana;0;Peru;Small City
Mancos;0;Peru;Small City
Longotea;0;Peru;Small City
Juan Guerra;0;Peru;Small City
Casa Grande;0;Peru;Small City
Carabamba;0;Peru;Small City
Sepahua;0;Peru;Small City
Andamarca;0;Peru;Small City
Amotape;0;Peru;Small City
Acomayo;0;Peru;Small City
Chincha Baja;0;Peru;Small City
Lucre;0;Peru;Small City
Tambobamba;0;Peru;Small City
El Palmer;0;Venezuela, Bolivarian Rep. of;Small City
El Valle del Espiritu Santo;0;Venezuela, Bolivarian Rep. of;Small City
Buenos Aires;0;Peru;Small City
Anserma;0;Colombia;Small City
Genaro Herrera;0;Peru;Small City
Frutuoso Gomes;0;Brazil;Small City
Ciricito Abajo;0;Panama;Small City
San Marcos;0;Peru;Small City
Paimado;0;Colombia;Small City
Bella Vista;0;Panama;Small City
Platanillo;0;Panama;Small City
Combita;0;Colombia;Small City
Puerto Guzman;0;Colombia;Small City
El Pajaro;0;Panama;Small City
Socha;0;Colombia;Small City
Chupa;0;Panama;Small City
El Barrero;0;Panama;Small City
Puearto Pailas;0;Bolivia;Small City
La Encantada;0;Panama;Small City
Quebrada del Rosario Arriba;0;Panama;Small City
Jundia;0;Brazil;Small City
Samanco;0;Peru;Small City
San Juan;0;Panama;Small City
San Angel;0;Colombia;Small City
Ucuncha;0;Peru;Small City
Cocabamba;0;Peru;Small City
Huacrachuco;0;Peru;Small City
La Coipa;0;Peru;Small City
Angasmarca;0;Peru;Small City
Namora;0;Peru;Small City
Nepena;0;Peru;Small City
Chugay;0;Peru;Small City
Cochabamba;0;Peru;Small City
Parinari;0;Peru;Small City
Sao Jose dos Ramos;0;Brazil;Small City
San Rafael del Pinal;0;Venezuela, Bolivarian Rep. of;Small City
Curbati;0;Venezuela, Bolivarian Rep. of;Small City
Bajo Pichanaqui;0;Peru;Small City
Paucarbamba;0;Peru;Small City
Tembladera;0;Peru;Small City
Puerto Rico;0;Peru;Small City
Lanus;0;Argentina;Small City
Karawala;0;Nicaragua;Small City
Santa Maria;0;Argentina;Small City
San Pedro Mixtepec;0;Mexico;Small City
Zoogocho;0;Mexico;Small City
San Vicente del Caguan;0;Colombia;Small City
Maripa;0;Venezuela, Bolivarian Rep. of;Small City
La Hormiga;0;Colombia;Small City
Sopetran;0;Colombia;Small City
Chitaraque;0;Colombia;Small City
Santana do Serido;0;Brazil;Small City
Butia Inferior;0;Brazil;Small City
Monte Carmelo;0;Venezuela, Bolivarian Rep. of;Small City
Ituzaingo;0;Argentina;Small City
San Juan Bautista;0;Argentina;Small City
Beron de Astrada;0;Argentina;Small City
Quiriquire;0;Venezuela, Bolivarian Rep. of;Small City
Toay;0;Argentina;Small City
Uribe;0;Colombia;Small City
Nezahualcoyotl;0;Mexico;Small City
Cameron;0;Chile;Small City
Churuguara;0;Venezuela, Bolivarian Rep. of;Small City
Rosario de la Frontera;0;Argentina;Small City
Helvecia;0;Argentina;Small City
General Alvear;0;Argentina;Small City
Piedra Roja;0;Panama;Small City
Los Guasimitos;0;Venezuela, Bolivarian Rep. of;Small City
Santa Isabel;0;Venezuela, Bolivarian Rep. of;Small City
Tamazulapam;0;Mexico;Small City
Ortiz;0;Venezuela, Bolivarian Rep. of;Small City
Santa Elena de Arenales;0;Venezuela, Bolivarian Rep. of;Small City
La Sabana;0;Venezuela, Bolivarian Rep. of;Small City
Bobures;0;Venezuela, Bolivarian Rep. of;Small City
El Junko;0;Venezuela, Bolivarian Rep. of;Small City
El Coral;0;Nicaragua;Small City
Quebrada Seca;0;Venezuela, Bolivarian Rep. of;Small City
Mirimire;0;Venezuela, Bolivarian Rep. of;Small City
Veguitas;0;Venezuela, Bolivarian Rep. of;Small City
Santa Rosa Numero Uno;0;Panama;Small City
Pallanchacra;0;Peru;Small City
Farriar;0;Venezuela, Bolivarian Rep. of;Small City
Ocucaje;0;Peru;Small City
Panama City;0;Panama;Small City
Rivadavia;0;Argentina;Small City
Belen de Escobar;0;Argentina;Small City
Gobernadora;0;Panama;Small City
Coronel Brandsen;0;Argentina;Small City
El Espino;0;Panama;Small City
Boca de Rio Indio;0;Panama;Small City
Requena;0;Peru;Small City
Pacora;0;Peru;Small City
Arenal;0;Peru;Small City
La Merced;0;Colombia;Small City
Lonya Grande;0;Peru;Small City
Lobitos;0;Peru;Small City
Jeberos;0;Peru;Small City
Inahuaya;0;Peru;Small City
El Rosario;0;Nicaragua;Small City
La Caldera;0;Argentina;Small City
Carhue;0;Argentina;Small City
San Carlos;0;Mexico;Small City
San Javier;0;Argentina;Small City
San Antonio de Areco;0;Argentina;Small City
Mar del Tuyu;0;Argentina;Small City
Villa Krause;0;Argentina;Small City
Saujil;0;Argentina;Small City
Norquinco;0;Argentina;Small City
Bragado;0;Argentina;Small City
Chalaco;0;Peru;Small City
La Democracia;0;Guatemala;Small City
Santiago Texcalcingo;0;Mexico;Small City
San Carlos Alzatate;0;Guatemala;Small City
Remire;0;French Guiana;Small City
Cayhuayna;0;Peru;Small City
Santa Catalina Quieri;0;Mexico;Small City
Bajo Naranjillo;0;Peru;Small City
Avellaneda;0;Argentina;Small City
Tepeyahualco;0;Mexico;Small City
Santa Rosa;0;Peru;Small City
Aramango;0;Peru;Small City
Bolivar;0;Colombia;Small City
Phara;0;Peru;Small City
Quillabamba;0;Peru;Small City
Cuyocuyo;0;Peru;Small City
Olintepeque;0;Guatemala;Small City
Usicayos;0;Peru;Small City
Ataura;0;Peru;Small City
La Blanca;0;Guatemala;Small City
Santa Rosa;0;Venezuela, Bolivarian Rep. of;Small City
Luricocha;0;Peru;Small City
Sinamaica;0;Venezuela, Bolivarian Rep. of;Small City
La Tinguina;0;Peru;Small City
Galeana;0;Mexico;Small City
Asillo;0;Peru;Small City
Palmasola;0;Venezuela, Bolivarian Rep. of;Small City
Marcapata;0;Peru;Small City
Paz de Rio;0;Colombia;Small City
La Plaza Paraguachi;0;Venezuela, Bolivarian Rep. of;Small City
Pedernales;0;Venezuela, Bolivarian Rep. of;Small City
Santa Ines;0;Venezuela, Bolivarian Rep. of;Small City
Talaigua Nuevo;0;Colombia;Small City
El Porvenir;10;Panama;Small City
Las Palmas;13;Panama;Small City
Loma Yuca;17;Panama;Small City
El Cocla;32;Panama;Small City
El Macano;34;Panama;Small City
El Algarrobal;38;Peru;Small City
Boqueron;38;Panama;Small City
Cauchero;40;Panama;Small City
Daguas;50;Peru;Small City
La Laguna;52;Panama;Small City
Barranco Colorado;52;Panama;Small City
Santa Maria del Rosario;55;Mexico;Small City
Limon de Tijeras;56;Panama;Small City
Santa Maria Nduayaco;57;Mexico;Small City
Velinga;59;Peru;Small City
Santa Cruz Tayata;59;Mexico;Small City
Los Cerros de Paja;61;Panama;Small City
Cusihuiriachi;63;Mexico;Small City
Pomacancha;63;Peru;Small City
San Marcelo;66;Panama;Small City
Leones Arriba;69;Panama;Small City
Punta Laurel;69;Panama;Small City
Duncan Town;70;Bahamas;Small City
Rio Grande;71;Panama;Small City
Leones Arriba;71;Panama;Small City
Las Marias;71;Panama;Small City
Quebrada de Oro;73;Panama;Small City
Barnizal;74;Panama;Small City
La Cuesta;75;Peru;Small City
Rio Hondo;76;Panama;Small City
Pasiga;77;Panama;Small City
Santa Ana;78;Peru;Small City
La Tronosa;79;Panama;Small City
Mogollon;79;Panama;Small City
Utco;80;Peru;Small City
La Guinea;83;Panama;Small City
Chincho;83;Peru;Small City
San Jose;84;Panama;Small City
El Alto;85;Panama;Small City
La Garceana;85;Panama;Small City
San Nicolas;87;Mexico;Small City
El Maria;87;Panama;Small City
Las Sabanas;88;Panama;Small City
Guayabito;89;Panama;Small City
Tocota;91;Peru;Small City
Port Nelson;91;Bahamas;Small City
Nuario;92;Panama;Small City
El Pantano;92;Panama;Small City
Cedro Arriba;93;Panama;Small City
Cabuya;93;Panama;Small City
Palmira;93;Panama;Small City
La Ensenada;94;Panama;Small City
Piedras Gordas;94;Panama;Small City
San Jeronimo Sosola;95;Mexico;Small City
Cerro de San Pedro;97;Mexico;Small City
Arenas;97;Panama;Small City
Calabacito;100;Panama;Small City
La Miel;102;Panama;Small City
Cochamal;104;Peru;Small City
Olleros;104;Peru;Small City
Playa Chiquita;105;Panama;Small City
Santiago Nundiche;108;Mexico;Small City
Vigui;110;Panama;Small City
Quebro;111;Panama;Small City
Jordan;112;Colombia;Small City
El Pajaro;112;Panama;Small City
Caminaca;113;Peru;Small City
Caballero;114;Panama;Small City
Achaya;117;Peru;Small City
Calovebora;117;Panama;Small City
Oria Arriba;118;Panama;Small City
Lucre;119;Peru;Small City
Ave Maria;120;Panama;Small City
Tapay;121;Peru;Small City
La Yeguada;122;Panama;Small City
Quebrada del Rosario;123;Panama;Small City
La Trinidad;123;Panama;Small City
El Capuri;124;Panama;Small City
Arosemena;127;Panama;Small City
Pampas;127;Peru;Small City
Los Higos;127;Panama;Small City
Pichirhua;128;Peru;Small City
Soyopa;130;Mexico;Small City
Bahia Honda;131;Panama;Small City
Totora;133;Peru;Small City
El Calabacito;134;Panama;Small City
San Buenaventura;134;Peru;Small City
Curibaya;135;Peru;Small City
Atiquipa;137;Peru;Small City
Rodeo Viejo;140;Panama;Small City
Layou;140;Saint Vincent and the Grenadines;Small City
Bisvalles;141;Panama;Small City
Mollepampa;141;Peru;Small City
El Canafistulo;141;Panama;Small City
Quinjalca;143;Peru;Small City
Granada;143;Peru;Small City
Lucma;146;Peru;Small City
Los Llanitos;146;Panama;Small City
Monjaras;146;Panama;Small City
San Juan Achiutla;146;Mexico;Small City
San Juan;146;Peru;Small City
Guabal;147;Panama;Small City
Santo Domingo Tlatayapam;147;Mexico;Small City
Soraya;147;Peru;Small City
Punta Robalo;149;Panama;Small City
Las Trancas;153;Panama;Small City
Miramar;154;Panama;Small City
Paja de Sombrero;157;Panama;Small City
Ocoruro;158;Peru;Small City
Cascapara;158;Peru;Small City
San Bartolo;158;Panama;Small City
Cocas;158;Peru;Small City
La Colorada;158;Panama;Small City
Bambas;159;Peru;Small City
El Munoz;161;Panama;Small City
Cerro Plata;162;Panama;Small City
Tingo;162;Peru;Small City
El Picador;163;Panama;Small City
Busbanza;164;Colombia;Small City
Las Guabas;165;Panama;Small City
Cuya;166;Chile;Small City
El Potrero;168;Panama;Small City
Ticllas;169;Peru;Small City
Yape;170;Panama;Small City
Cerro Largo;170;Panama;Small City
El Cedro;170;Panama;Small City
Yatzachi;170;Mexico;Small City
Shupluy;173;Peru;Small City
San Pedro Topiltepec;174;Mexico;Small City
Huamatambo;174;Peru;Small City
Coviriali;175;Peru;Small City
Llama;175;Peru;Small City
El Toro;176;Panama;Small City
Asquipata;178;Peru;Small City
Tunungua;178;Colombia;Small City
Huayllo;178;Peru;Small City
Valle Rico;178;Panama;Small City
Tibillo;178;Peru;Small City
Camoganti;179;Panama;Small City
Mollepata;179;Peru;Small City
El Guasimo;179;Panama;Small City
San Bernardino;179;Peru;Small City
Cacra;179;Peru;Small City
Miracosta;180;Peru;Small City
Las Huacas;180;Panama;Small City
Tauria;182;Peru;Small City
Libano;183;Panama;Small City
Chichas;185;Peru;Small City
Apoala;186;Mexico;Small City
Santa Cruz;187;Peru;Small City
Santa Catarina;188;Mexico;Small City
Pitaloza Arriba;188;Panama;Small City
Llano de La Cruz;188;Panama;Small City
San Gregorio;189;Peru;Small City
Corozal;189;Panama;Small City
Palca;189;Peru;Small City
Charat;189;Peru;Small City
El Cope;190;Panama;Small City
Colonia;190;Peru;Small City
Tebario;190;Panama;Small City
Upahuacho;191;Peru;Small City
Tambillo;192;Peru;Small City
Santiago Nejapilla;192;Mexico;Small City
Las Guabas;192;Panama;Small City
Bajo Corral;192;Panama;Small City
San Juan;193;Panama;Small City
Licupis;193;Peru;Small City
Colcha;194;Peru;Small City
La Arena;194;Panama;Small City
Aniso;195;Peru;Small City
Vallerriquito;196;Panama;Small City
Villa General Roca;196;Argentina;Small City
Nativitas;197;Mexico;Small City
Longuita;198;Peru;Small City
Lincha;198;Peru;Small City
Alis;198;Peru;Small City
Atico;199;Peru;Small City
Tisco;199;Peru;Small City
Uticyacu;201;Peru;Small City
Llano Grande;203;Panama;Small City
Pocsi;203;Peru;Small City
El Hato;204;Panama;Small City
El Maranon;205;Panama;Small City
Recetor;205;Colombia;Small City
Quilca;207;Peru;Small City
Paredon Arriba;207;Panama;Small City
San Pedro Coxcaltepec Cantaros;207;Mexico;Small City
Santa Rosa;207;Panama;Small City
Salcabamba;208;Peru;Small City
San Miguel Tecomatlan;210;Mexico;Small City
El Barrito;212;Panama;Small City
Ocoyo;212;Peru;Small City
San Juan Numi;214;Mexico;Small City
Lucmapampa;214;Peru;Small City
La Capilla;214;Peru;Small City
Boca Chica;215;Panama;Small City
Matacoto;218;Peru;Small City
Tocmoche;219;Peru;Small City
Choco;219;Peru;Small City
Mungui;219;Peru;Small City
Guayabal;220;Panama;Small City
Guzmango;222;Peru;Small City
Urasqui;223;Peru;Small City
Bayano;224;Panama;Small City
Quinocay;227;Peru;Small City
Calidonia;228;Panama;Small City
Huata;228;Peru;Small City
Guzman;228;Panama;Small City
Ongoy;230;Peru;Small City
Perales;230;Panama;Small City
Brenon;230;Panama;Small City
Trinidad;233;Peru;Small City
Carania;233;Peru;Small City
La Raya de Calobre;233;Panama;Small City
Cuitiva;233;Colombia;Small City
Santiago Huauclilla;233;Mexico;Small City
Chugur;234;Peru;Small City
Paraiso;234;Panama;Small City
Jucul;235;Peru;Small City
San Francisco Huehuetlan;235;Mexico;Small City
Las Minas;235;Mexico;Small City
Nuestro Amo;235;Panama;Small City
Lajas de Tole;235;Panama;Small City
Abraham's Bay;235;Bahamas;Small City
Chumuch;237;Peru;Small City
El Cortezo;239;Panama;Small City
Brujas;239;Panama;Small City
Maray;240;Peru;Small City
Colonel Hill;240;Bahamas;Small City
Huampara;241;Peru;Small City
Paraiso;242;Panama;Small City
Huacaschuque;242;Peru;Small City
Pataypampa;243;Peru;Small City
Circa;243;Peru;Small City
Huejotitan;243;Mexico;Small City
Lagunas;246;Peru;Small City
Changuillo;247;Peru;Small City
Accocunca;247;Peru;Small City
Taurisma;247;Peru;Small City
Sitio Prado;248;Panama;Small City
Churuja;248;Peru;Small City
Pampas Chico;248;Peru;Small City
Omas;249;Peru;Small City
Duraznopampa;249;Peru;Small City
Huayacundo Arma;250;Peru;Small City
Ciricito de Los Sotos;250;Panama;Small City
Los Angeles;250;Panama;Small City
Chicche;250;Peru;Small City
La Montanuela;251;Panama;Small City
Chicahua;251;Mexico;Small City
Santa Maria Yucuhiti;252;Mexico;Small City
Chilcas;252;Peru;Small City
Cahuacho;252;Peru;Small City
Toza;253;Panama;Small City
Contadora;253;Panama;Small City
Chalcos;253;Peru;Small City
Cerro Viejo;253;Panama;Small City
La Laguna;253;Panama;Small City
Palmira;254;Panama;Small City
El Penon;254;Panama;Small City
Chepillo;255;Panama;Small City
Santa Isabel;256;Panama;Small City
Quehue;257;Peru;Small City
Bijagual;257;Panama;Small City
Ullulluco;258;Peru;Small City
Madean;258;Peru;Small City
Balsas;259;Peru;Small City
El Prado;259;Peru;Small City
Chucatamani;261;Peru;Small City
Tiquillaca;261;Peru;Small City
El Cacao;261;Panama;Small City
Estique;262;Peru;Small City
Ayo;262;Peru;Small City
San Lorenzo;263;Peru;Small City
San Francisco Jaltepetongo;263;Mexico;Small City
Unon;263;Peru;Small City
Valle del Rosario;263;Mexico;Small City
Nanchoc;264;Peru;Small City
Coporaque;265;Peru;Small City
Providencia;265;Peru;Small City
Vinac;266;Peru;Small City
Pichigua;266;Peru;Small City
Berbeo;266;Colombia;Small City
Inchupalla;267;Peru;Small City
Llauta;267;Peru;Small City
El Tejar;267;Panama;Small City
Mariatana;268;Peru;Small City
San Francisco Cajonos;268;Mexico;Small City
Camilaca;274;Peru;Small City
Santa Cruz;274;Panama;Small City
Chupamarca;274;Peru;Small City
La Colorada;274;Mexico;Small City
Carhuac;275;Peru;Small City
Capaya;276;Peru;Small City
San Pedro Martir Yucuxaco;276;Mexico;Small City
Santa Catarina Tayata;277;Mexico;Small City
Tapairihua;278;Peru;Small City
El Pedregoso;279;Panama;Small City
Sexi;279;Peru;Small City
Anchonga;280;Peru;Small City
Nueva Arenosa;283;Panama;Small City
Quebrada Tula;283;Panama;Small City
Arma;284;Peru;Small City
Aco;284;Peru;Small City
El Nancito;288;Panama;Small City
Llano Nopo;289;Panama;Small City
Santa Barbara;291;Colombia;Small City
Vista Alegre;291;Peru;Small City
Tutaza;292;Colombia;Small City
Vilca;293;Peru;Small City
San Carlos;295;Peru;Small City
San Pablo Cuatro Venados;295;Mexico;Small City
Tarucani;296;Peru;Small City
Beltran;296;Colombia;Small City
San Mateo Pinas;297;Mexico;Small City
Soloco;298;Peru;Small City
El Rincon;300;Panama;Small City
Tupe;300;Peru;Small City
Paltashaco;301;Peru;Small City
Hato Corotu;303;Panama;Small City
Corculla;303;Peru;Small City
Chacapampa;303;Peru;Small City
Boca de Balsa;304;Panama;Small City
Llano Abajo;304;Panama;Small City
Iray;305;Peru;Small City
La Merced;307;Peru;Small City
Pisba;307;Colombia;Small City
Huangascar;309;Peru;Small City
Corozal;309;Panama;Small City
El Rosario;311;Peru;Small City
Sondorillo;311;Peru;Small City
Yanac;311;Peru;Small City
Tapacocha;312;Peru;Small City
La Laguna;312;Panama;Small City
Quicacha;312;Peru;Small City
Utira;312;Panama;Small City
San Antonio;314;Peru;Small City
Limones;315;Panama;Small City
Bejucal de Ocampo;315;Mexico;Small City
Cupi;317;Peru;Small City
Canas;318;Panama;Small City
Tantamayo;319;Peru;Small City
La Arenosa;319;Panama;Small City
Cerro Cana;319;Panama;Small City
Choropampa;320;Peru;Small City
Macate;321;Peru;Small City
Aco;322;Peru;Small City
Miraflores;322;Peru;Small City
Churubamba;323;Peru;Small City
Canaris;323;Peru;Small City
Yarabamba;323;Peru;Small City
Colta;324;Peru;Small City
Saurama;326;Peru;Small City
Boro;326;Panama;Small City
Sinsicap;327;Peru;Small City
Oicata;327;Colombia;Small City
Chocos;328;Peru;Small City
Ixtacamaxtitlan;328;Mexico;Small City
Armadillo de los Infante;328;Mexico;Small City
Chiara;328;Peru;Small City
Llano Grande;328;Panama;Small City
Lampian;329;Peru;Small City
Salvacion;330;Peru;Small City
Lajamina;330;Panama;Small City
Santa Rosa;331;Peru;Small City
Huaripampa;331;Peru;Small City
Pocohuanca;332;Peru;Small City
Sipi;332;Colombia;Small City
Caicay;333;Peru;Small City
San Vicente Nunu;334;Mexico;Small City
Santiago Miltepec;335;Mexico;Small City
Paya;336;Colombia;Small City
Llipata;336;Peru;Small City
Magdalena Zahuatlan;338;Mexico;Small City
Tambo Quemado;338;Peru;Small City
Ayrampuni;338;Peru;Small City
Cajamarquilla;340;Peru;Small City
Corani;340;Peru;Small City
Huaros;341;Peru;Small City
Los Angeles;342;Panama;Small City
San Miguel Achiutla;342;Mexico;Small City
Lajas Adentro;342;Panama;Small City
Ayahuay;342;Peru;Small City
Matapalo;343;Peru;Small City
Chapimarca;343;Peru;Small City
Opodepe;344;Mexico;Small City
Lonya Chico;345;Peru;Small City
El Carate;345;Panama;Small City
Santa Cruz Nundaco;345;Mexico;Small City
Choiseul;346;Saint Lucia;Small City
Miramar;346;Panama;Small City
Tubutama;348;Mexico;Small City
Matalaque;349;Peru;Small City
Guarare Arriba;350;Panama;Small City
Jilili;351;Peru;Small City
Canaveral;351;Peru;Small City
Andaray;351;Peru;Small City
Achanizo;352;Peru;Small City
Lampa;353;Peru;Small City
Masma Chicche;354;Peru;Small City
Yalina;354;Mexico;Small City
Palenque;355;Panama;Small City
Cachachi;355;Peru;Small City
Huancano;355;Peru;Small City
Pucuro;355;Panama;Small City
Caldera;355;Panama;Small City
Boca del Monte;355;Panama;Small City
Arahuay;356;Peru;Small City
Tomepampa;357;Peru;Small City
Marcapomacocha;358;Peru;Small City
Tomas;358;Peru;Small City
Penas Chatas;358;Panama;Small City
Conchamarca;358;Peru;Small City
Rincon Hondo;359;Panama;Small City
Colcabamba;359;Peru;Small City
El Guabo;359;Panama;Small City
Palmar;360;Colombia;Small City
Alto de Jesus;361;Panama;Small City
Onavas;361;Mexico;Small City
Rayones;361;Mexico;Small City
Colpas;361;Peru;Small City
Iquipi;362;Peru;Small City
San Francisco Nuxano;362;Mexico;Small City
Malvas;362;Peru;Small City
Coayllo;363;Peru;Small City
Santo Domingo Yodohino;363;Mexico;Small City
Sina;363;Peru;Small City
Cabrera;363;Colombia;Small City
El Manantial;363;Panama;Small City
Cuispes;364;Peru;Small City
Toro;364;Peru;Small City
Santa Cruz de Bravo;364;Mexico;Small City
Lola;364;Panama;Small City
Coalaque;365;Peru;Small City
Paclas;365;Peru;Small City
Mucllo;365;Peru;Small City
Choros;367;Peru;Small City
Charcana;367;Peru;Small City
Quiaca;369;Peru;Small City
Cambutal;370;Panama;Small City
San Pablo Macuiltianguis;371;Mexico;Small City
Hongos;371;Peru;Small City
Succha;372;Peru;Small City
Pacobamba;373;Peru;Small City
Beteitiva;374;Colombia;Small City
Canas Gordas;374;Panama;Small City
Santiago Zoochila;374;Mexico;Small City
Macuelizo;374;Nicaragua;Small City
Carac;375;Peru;Small City
Calapuja;375;Peru;Small City
Zapotillo;375;Panama;Small City
Chacapalpa;376;Peru;Small City
Cepita;377;Colombia;Small City
Lacabamba;378;Peru;Small City
Cheto;378;Peru;Small City
Cosoltepec;379;Mexico;Small City
Bahia Azul;379;Panama;Small City
San Lucas Zoquiapam;380;Mexico;Small City
Cotton Ground;381;Saint Kitts and Nevis;Small City
San Felipe;382;Peru;Small City
Lahuaytambo;383;Peru;Small City
La Laja;383;Panama;Small City
Puerto Casma;384;Peru;Small City
Ola;384;Panama;Small City
Santa Cruz;386;Panama;Small City
Villa Mainero;386;Mexico;Small City
Milpuc;386;Peru;Small City
Catahuasi;386;Peru;Small City
Viento Frio;387;Panama;Small City
Cocle del Norte;388;Panama;Small City
Vilcanchos;388;Peru;Small City
Santiago Tillo;388;Mexico;Small City
Atarjea;389;Mexico;Small City
San Carlos;392;Panama;Small City
Motavita;392;Colombia;Small City
San Felipe de Jesus;392;Mexico;Small City
La Mesa;392;Panama;Small City
Paccho;393;Peru;Small City
Arancay;394;Peru;Small City
Prinzapolka;394;Nicaragua;Small City
Cotaparaco;395;Peru;Small City
Andamarca;395;Peru;Small City
Huacana;395;Peru;Small City
Omacha;398;Peru;Small City
Huanchay;398;Peru;Small City
San Juan de Dios;400;Panama;Small City
Los Castillos;400;Panama;Small City
Buenos Aires;400;Panama;Small City
Huallanca;400;Peru;Small City
Tinjaca;400;Colombia;Small City
Chiguirip;403;Peru;Small City
Santiago Nuyoo;403;Mexico;Small City
Rovira Arriba;403;Panama;Small City
Pacaraos;404;Peru;Small City
Acatlan;405;Mexico;Small City
Chetilla;405;Peru;Small City
Jivia;405;Peru;Small City
San Juan Ihualtepec;408;Mexico;Small City
Pomacocha;408;Peru;Small City
Huancaray;409;Peru;Small City
Nuevo Chagres;410;Panama;Small City
Inguilpata;410;Peru;Small City
Villa Lourdes;410;Panama;Small City
Pamparomas;411;Peru;Small City
Oquitoa;411;Mexico;Small City
Caujul;412;Peru;Small City
Encino;412;Colombia;Small City
Pampas;412;Peru;Small City
Pilchaca;413;Peru;Small City
Union Santena;413;Panama;Small City
Tarucachi;416;Peru;Small City
Anra;416;Peru;Small City
Las Guias Abajo;416;Panama;Small City
Querocoto;417;Peru;Small City
Cabuya;417;Panama;Small City
Aco;418;Peru;Small City
Guayabito;420;Panama;Small City
Potoni;420;Peru;Small City
Susapaya;420;Peru;Small City
Cuenca;422;Peru;Small City
Palpacachi;423;Peru;Small City
Santa Catalina;423;Peru;Small City
Curpahuasi;424;Peru;Small City
Ihuari;426;Peru;Small City
La Ermita;426;Panama;Small City
El Ingenio;427;Peru;Small City
San Mateo Etlatongo;427;Mexico;Small City
Andarapa;427;Peru;Small City
San Juan Yatzona;428;Mexico;Small City
El Guacamayo;428;Colombia;Small City
San Andres Yaa;429;Mexico;Small City
Los Asientos;430;Panama;Small City
Santa Maria Apazco;432;Mexico;Small City
Chumical;433;Panama;Small City
Nicasio;433;Peru;Small City
Huambalpa;433;Peru;Small City
Cochea Abajo;435;Panama;Small City
San Pablo Nuevo;435;Panama;Small City
Santa Maria Chachoapam;435;Mexico;Small City
Pomabamba;437;Peru;Small City
Llano Grande;438;Panama;Small City
Flores;440;Panama;Small City
Santa Maria Yavesia;440;Mexico;Small City
San Lorenzo;441;Mexico;Small City
Marcabamba;442;Peru;Small City
Sumbilca;442;Peru;Small City
Utcurarca;443;Peru;Small City
Tabaconas;443;Peru;Small City
Cordillera;444;Panama;Small City
Mixtla de Altamirano;446;Mexico;Small City
Marcabal;447;Peru;Small City
Santiago Tenango;448;Mexico;Small City
Tanta;449;Peru;Small City
Acas;449;Peru;Small City
Oxamarca;449;Peru;Small City
El Retiro;450;Panama;Small City
Las Huacas del Quije;451;Panama;Small City
Sitajara;451;Peru;Small City
Matthew Town;452;Bahamas;Small City
El Pedregoso;452;Panama;Small City
Los Naranjos;452;Panama;Small City
Coris;453;Peru;Small City
Mangas;454;Peru;Small City
Quebrada de Piedra;455;Panama;Small City
Patambuco;455;Peru;Small City
Cayarani;457;Peru;Small City
Bayamon;457;Panama;Small City
San Javier;457;Mexico;Small City
Jaltepetongo;458;Mexico;Small City
San Pedro y San Pablo Tequistepec;458;Mexico;Small City
Coata;460;Peru;Small City
San Cristobal Amoltepec;461;Mexico;Small City
Ambar;462;Peru;Small City
Aczo;464;Peru;Small City
Chiguata;464;Peru;Small City
Lloque;466;Peru;Small City
Macachacra;466;Peru;Small City
Pacaycasa;466;Peru;Small City
Dipilto;467;Nicaragua;Small City
Bolognesi;470;Peru;Small City
Cochabamba;470;Peru;Small City
Alianza Cristiana;471;Peru;Small City
San Mateo Cajonos;471;Mexico;Small City
Confines;472;Colombia;Small City
Paico;472;Peru;Small City
Maino;473;Peru;Small City
Bituima;473;Colombia;Small City
Santiago Tilantongo;474;Mexico;Small City
Tepetlapa;475;Mexico;Small City
Caldas;475;Colombia;Small City
Lagunillas;475;Mexico;Small City
San Miguel de Horcasitas;476;Mexico;Small City
Guarumal;477;Panama;Small City
Jacas Grande;478;Peru;Small City
Rosaspata;478;Peru;Small City
Sierra Mojada;478;Mexico;Small City
Atlangatepec;480;Mexico;Small City
Alca;481;Peru;Small City
Copa;481;Peru;Small City
Las Uvas;482;Panama;Small City
Levanto;485;Peru;Small City
Huacchis;485;Peru;Small City
Pilluana;486;Peru;Small City
El Plateado de Joaquin Amaro;486;Mexico;Small City
Llaclla;487;Peru;Small City
Cerro Banco;487;Panama;Small City
Sapalache;487;Peru;Small City
Cochas;488;Peru;Small City
The Bottom;488;;Small City
Susupuato de Guerrero;489;Mexico;Small City
Taray;489;Peru;Small City
San Esteban Atatlahuca;489;Mexico;Small City
Pirca;489;Peru;Small City
Plan de Chorcha;490;Panama;Small City
Copa;491;Peru;Small City
Yaurisque;492;Peru;Small City
Newcastle;493;Saint Kitts and Nevis;Small City
Pocri;494;Panama;Small City
Buenos Aires;496;Panama;Small City
Santiago Lalopa;496;Mexico;Small City
Magdalena Jaltepec;496;Mexico;Small City
Portobelillo;497;Panama;Small City
Navarro;498;Peru;Small City
Olto;498;Peru;Small City
Ubinas;498;Peru;Small City
Antofagasta de la Sierra;500;Argentina;Small City
Carhuanca;500;Peru;Small City
San Juan Sayultepec;501;Mexico;Small City
Vitis;503;Peru;Small City
Rondon;504;Colombia;Small City
Sillapata;504;Peru;Small City
San Lorenzo;506;Mexico;Small City
Puerto Vidal;506;Panama;Small City
Acos;507;Peru;Small City
Sora;508;Colombia;Small City
Los Pozos;508;Panama;Small City
San Miguel Huautla;508;Mexico;Small City
Ponuga;509;Panama;Small City
Chiguiri Arriba;509;Panama;Small City
Piedras Gordas;510;Panama;Small City
Mariposa;510;Peru;Small City
Pira;510;Peru;Small City
Los Castillos;510;Panama;Small City
Morcolla;511;Peru;Small City
Vilque Chico;511;Peru;Small City
Camaron Arriba;515;Panama;Small City
Huayllati;515;Peru;Small City
Yucuita;517;Mexico;Small City
San Pedro;517;Peru;Small City
Huamanquiquia;518;Peru;Small City
Pacapausa;520;Peru;Small City
Sabana Grande;521;Panama;Small City
Sitio de Xitlapehua;522;Mexico;Small City
Lares;522;Peru;Small City
San Jose;523;Panama;Small City
Santa Maria Ecatepec;524;Mexico;Small City
La Esmeralda;524;Panama;Small City
Quinistaquillas;524;Peru;Small City
San Eduardo;524;Colombia;Small City
Ocampo;527;Mexico;Small City
Sibayo;527;Peru;Small City
Cocharcas;529;Peru;Small City
Huambo;530;Peru;Small City
Laraos;530;Peru;Small City
El Chiru;531;Panama;Small City
Los Cerritos;531;Panama;Small City
Colcabamba;532;Peru;Small City
Escobedo;533;Mexico;Small City
Puerto Obaldia;533;Panama;Small City
Gachantiva;534;Colombia;Small City
La Yesca;534;Mexico;Small City
Parco;535;Peru;Small City
Oma;535;Panama;Small City
La Grama;535;Peru;Small City
Soplin Vargas;537;Peru;Small City
Cucunati;537;Panama;Small City
Capachica;537;Peru;Small City
Ayrihuanca;537;Peru;Small City
Huasca de Ocampo;538;Mexico;Small City
Macaravita;538;Colombia;Small City
Suitucancha;538;Peru;Small City
Ccatca;538;Peru;Small City
Cotaruse;539;Peru;Small City
Huayana;539;Peru;Small City
Asuncion Tlacolulita;540;Mexico;Small City
Viracacha;541;Colombia;Small City
Acocro;543;Peru;Small City
Pampamarca;544;Peru;Small City
Los Aldamas;545;Mexico;Small City
San Benito;546;Peru;Small City
Bacanora;547;Mexico;Small City
Las Minas;548;Panama;Small City
Santa Maria Sola;548;Mexico;Small City
Toraya;550;Peru;Small City
Sanayca;550;Peru;Small City
El Potrero;550;Panama;Small City
Chungui;551;Peru;Small City
San Gaspar Ixchil;551;Guatemala;Small City
San Pedro del Espino;554;Panama;Small City
Yanaquihua;554;Peru;Small City
Urpay;555;Peru;Small City
Antaparco;555;Peru;Small City
Yanama;556;Peru;Small City
Playa Leona;556;Panama;Small City
El Calvario;557;Colombia;Small City
San Diego;557;Guatemala;Small City
Colquepata;559;Peru;Small City
Cullhuas;559;Peru;Small City
Carapo;560;Peru;Small City
Tinco;560;Peru;Small City
Mollebamba;560;Peru;Small City
Axutla;561;Mexico;Small City
Huehuetlan;562;Mexico;Small City
La Pasera;563;Panama;Small City
Fuquene;563;Colombia;Small City
Pantoja;564;Peru;Small City
Guapota;564;Colombia;Small City
San Miguel Ixitlan;565;Mexico;Small City
Chiara;566;Peru;Small City
El Higo;566;Panama;Small City
Morti;567;Panama;Small City
Pullo;567;Peru;Small City
Tunal;568;Peru;Small City
Yangas;568;Peru;Small City
Shunqui;570;Peru;Small City
Tlatlaya;572;Mexico;Small City
Ocana;572;Peru;Small City
California;573;Colombia;Small City
Sabana Grande;574;Panama;Small City
Melchor Ocampo;579;Mexico;Small City
Sativasur;579;Colombia;Small City
Agallpampa;580;Peru;Small City
San Andres Sinaxtla;580;Mexico;Small City
Izcuchaca;580;Peru;Small City
Huayllahuara;581;Peru;Small City
Santo Domingo Roayaga;583;Mexico;Small City
Magdalena Mixtepec;584;Mexico;Small City
Gama;584;Colombia;Small City
Las Yaras;585;Peru;Small City
Yanacancha;586;Peru;Small City
Pillpinto;587;Peru;Small City
Pluma Hidalgo;587;Mexico;Small City
Cochabamba;588;Peru;Small City
Cucurpe;588;Mexico;Small City
Covarachia;590;Colombia;Small City
Dieppe Bay Town;592;Saint Kitts and Nevis;Small City
Ocros;592;Peru;Small City
Monkey Hill;592;Saint Kitts and Nevis;Small City
La Florida;592;Peru;Small City
Yungar;595;Peru;Small City
Huamantanga;595;Peru;Small City
Puli;596;Colombia;Small City
Quillo;596;Peru;Small City
Corpanqui;597;Peru;Small City
Sora;598;Panama;Small City
Huaylillas;598;Peru;Small City
Hato;600;Colombia;Small City
Sartimbamba;600;Peru;Small City
Turpay;603;Peru;Small City
Toabre;603;Panama;Small City
Nimaima;604;Colombia;Small City
Omia;604;Peru;Small City
Cairani;604;Peru;Small City
Tobobe;607;Panama;Small City
Congas;607;Peru;Small City
Paritilla;608;Panama;Small City
Santo Tomas del Norte;608;Nicaragua;Small City
Atil;609;Mexico;Small City
San Juan Juquila Vijanos;610;Mexico;Small City
Ticllos;612;Peru;Small City
Villa Hidalgo;614;Mexico;Small City
Anta;614;Peru;Small City
Zautla;614;Mexico;Small City
San Bartolo Yautepec;614;Mexico;Small City
San Juan Ozolotepec;615;Mexico;Small City
Paucarcolla;616;Peru;Small City
Lajero;617;Panama;Small City
Los Olivos;618;Panama;Small City
Montevideo;619;Peru;Small City
Falmouth;619;Antigua and Barbuda;Small City
Andajes;621;Peru;Small City
Vallecillo;622;Mexico;Small City
Oyolo;622;Peru;Small City
Greenland;623;Barbados;Small City
Chuquibamba;623;Peru;Small City
San Miguel;624;Colombia;Small City
Capacmarca;624;Peru;Small City
Shirac;626;Peru;Small City
Sucre;626;Peru;Small City
Quiches;627;Peru;Small City
Tona;627;Colombia;Small City
Llipa;627;Peru;Small City
Collonce;628;Peru;Small City
Villa Pesqueira;629;Mexico;Small City
Canita;629;Panama;Small City
Huancaya;629;Peru;Small City
Caraybamba;630;Peru;Small City
Briceno;632;Colombia;Small City
Zacualpan;633;Mexico;Small City
Umachiri;634;Peru;Small City
San Pedro del Gallo;634;Mexico;Small City
Marca;635;Peru;Small City
Cacao;636;Panama;Small City
Cajacay;636;Peru;Small City
Cauday;637;Peru;Small City
Chupampa;637;Panama;Small City
Niepos;638;Peru;Small City
Accomarca;639;Peru;Small City
Totoltepec;639;Mexico;Small City
San Miguel Tenango;640;Mexico;Small City
Hato Chami;641;Panama;Small City
Santa Ines del Monte;642;Mexico;Small City
Greytown;642;Nicaragua;Small City
Calihuala;643;Mexico;Small City
Llocllapampa;643;Peru;Small City
San Antonio;643;Mexico;Small City
Conchos;644;Mexico;Small City
Incahuasi;644;Peru;Small City
San Miguel de Sema;647;Colombia;Small City
Yanaca;648;Peru;Small City
Llacanora;648;Peru;Small City
Lambrama;650;Peru;Small City
Charta;650;Colombia;Small City
Calango;651;Peru;Small City
Lucma;652;Peru;Small City
Callanmarca;652;Peru;Small City
Santo Tomas;653;Panama;Small City
San Andres Tenejapan;657;Mexico;Small City
Palmas del Socorro;657;Colombia;Small City
San Andres Solaga;657;Mexico;Small City
San Nicolas Tolentino;659;Mexico;Small City
El Porvenir;659;Panama;Small City
Inde;659;Mexico;Small City
Yambrasbamba;661;Peru;Small City
Sipacapa;661;Guatemala;Small City
Quilcata;662;Peru;Small City
Canis;662;Peru;Small City
San Andres;662;Mexico;Small City
Humay;662;Peru;Small City
Mamara;663;Peru;Small City
Chivata;664;Colombia;Small City
Paccha;665;Peru;Small City
Panqueba;668;Colombia;Small City
Santiago Laxopa;669;Mexico;Small City
Vinchos;669;Peru;Small City
San Sebastian del Oeste;672;Mexico;Small City
Zontecomatlan de Lopez y Fuentes;672;Mexico;Small City
Pilpichaca;673;Peru;Small City
Pinchote;674;Colombia;Small City
Puyca;676;Peru;Small City
Huayllapampa;679;Peru;Small City
Huambo;680;Peru;Small City
Casas;680;Mexico;Small City
Marcas;680;Peru;Small City
Huertas;681;Peru;Small City
Huasta;681;Peru;Small City
Cuchumbaya;683;Peru;Small City
Apazapan;686;Mexico;Small City
Ixpantepec Nieves;687;Mexico;Small City
Chambara;688;Peru;Small City
Chamaca;689;Peru;Small City
Madrigal;690;Peru;Small City
Pampachiri;690;Peru;Small City
Tirapata;691;Peru;Small City
Pomacocha;691;Peru;Small City
Rincon;692;Panama;Small City
Chaccrampa;693;Peru;Small City
Magdalena;694;Peru;Small City
Campohermoso;695;Colombia;Small City
Tena;696;Colombia;Small City
Jerusalen;697;Colombia;Small City
Enciso;698;Colombia;Small City
Cabuya;699;Panama;Small City
San Bernardo;700;Mexico;Small City
Bavispe;701;Mexico;Small City
Paucar;702;Peru;Small City
Pont Casse;702;Dominica;Small City
Pancan;704;Peru;Small City
Xaltocan;705;Mexico;Small City
Xicotlan;706;Mexico;Small City
Mache;708;Peru;Small City
Progreso;708;Peru;Small City
Huandoval;709;Peru;Small City
Coyame;709;Mexico;Small City
Rondos;709;Peru;Small City
Salpo;709;Peru;Small City
Ichupampa;710;Peru;Small City
Santiago Comaltepec;710;Mexico;Small City
Olaya;710;Colombia;Small City
Mayocc;711;Peru;Small City
Ixcapuzalco;711;Mexico;Small City
San Juan;712;Peru;Small City
Sorochuco;713;Peru;Small City
Colca;714;Peru;Small City
Tres Quebradas;715;Panama;Small City
Monte Lirio;715;Panama;Small City
Lethem;716;Guyana;Small City
Mabaruma;717;Guyana;Small City
Ilamatlan;717;Mexico;Small City
Catache;717;Peru;Small City
Santa Maria;720;Nicaragua;Small City
Pachaconas;723;Peru;Small City
Astacinga;723;Mexico;Small City
Llacllin;723;Peru;Small City
Tlachichilco;725;Mexico;Small City
Huepac;725;Mexico;Small City
Carretas;726;Mexico;Small City
Quinota;726;Peru;Small City
Chojata;727;Peru;Small City
El Penon;728;Colombia;Small City
Mendoza;729;Panama;Small City
Chingas;729;Peru;Small City
Chiquiza;730;Colombia;Small City
Santo Domingo;730;Mexico;Small City
Umamarca;730;Peru;Small City
Amashca;730;Peru;Small City
Maranura;730;Peru;Small City
Vilque;731;Peru;Small City
Boyaca;731;Colombia;Small City
Llapa;732;Peru;Small City
Huabal;732;Peru;Small City
Huachis;734;Peru;Small City
Canelas;734;Mexico;Small City
Aricapampa;734;Peru;Small City
Macanal;734;Colombia;Small City
Paccaritambo;734;Peru;Small City
Chateaubelair;735;Saint Vincent and the Grenadines;Small City
Santa Maria Guelace;735;Mexico;Small City
Vischongo;736;Peru;Small City
Sabaino;737;Peru;Small City
San Pablo Coatlan;738;Mexico;Small City
Bastimentos;738;Panama;Small City
Abasolo;739;Mexico;Small City
Yuyapichis;739;Peru;Small City
Turpo;739;Peru;Small City
Tintay;740;Peru;Small City
Ticaco;741;Peru;Small City
San Luis Amatlan;742;Mexico;Small City
Gambita;742;Colombia;Small City
Arivechi;743;Mexico;Small City
Sacama;743;Colombia;Small City
Tectitan;743;Guatemala;Small City
El Cardo;744;Peru;Small City
Taniche;746;Mexico;Small City
Canchayllo;746;Peru;Small City
Tuti;747;Peru;Small City
Iza;748;Colombia;Small City
Huanuara;750;Peru;Small City
Quebradanegra;753;Colombia;Small City
Poroto;753;Peru;Small City
San Pedro Martir Quiechapa;753;Mexico;Small City
Molinos;754;Peru;Small City
Aquila;754;Mexico;Small City
Almeida;754;Colombia;Small City
Huachos;754;Peru;Small City
San Francisco Chindua;756;Mexico;Small City
La Raya de Santa Maria;757;Panama;Small City
Socos;758;Peru;Small City
San Miguel Mixtepec;758;Mexico;Small City
Cruillas;759;Mexico;Small City
Acos;759;Peru;Small City
Saltillo;761;Mexico;Small City
Chila de la Sal;762;Mexico;Small City
Cocachacra;763;Peru;Small City
San Pedro Yolox;763;Mexico;Small City
Sayapullo;764;Peru;Small City
Santa Maria Teopoxco;765;Mexico;Small City
Zapatero;766;Peru;Small City
Lachaqui;766;Peru;Small City
Santo Tomas de los Platanos;766;Mexico;Small City
Pilcuyo;769;Peru;Small City
Coello;769;Colombia;Small City
Paca;769;Peru;Small City
El Sesteadero;771;Panama;Small City
San Lorenzo Cuaunecuiltitla;771;Mexico;Small City
Gutierrez;772;Colombia;Small City
Guacamayas;772;Colombia;Small City
Ocobamba;772;Peru;Small City
Tota;774;Colombia;Small City
Mosca;775;Peru;Small City
Tlaquilpa;775;Mexico;Small City
Incuyo;776;Peru;Small City
Chalamarca;776;Peru;Small City
Las Pirias;778;Peru;Small City
Albarradas;778;Mexico;Small City
Villagomez;779;Colombia;Small City
San Miguel del Puerto;779;Mexico;Small City
Sandy Point Town;780;Saint Kitts and Nevis;Small City
Buenos Aires;780;Peru;Small City
Amatenango de la Frontera;781;Mexico;Small City
Caracoto;782;Peru;Small City
Bucarasica;783;Colombia;Small City
Cinco Pinos;784;Nicaragua;Small City
Masma;785;Peru;Small City
Soledad Atzompa;785;Mexico;Small City
Santa Elena;785;Peru;Small City
Paucarbamba;786;Peru;Small City
Chima;786;Colombia;Small City
Chiman;786;Panama;Small City
Honoria;787;Peru;Small City
Huaribamba;787;Peru;Small City
Paras;788;Mexico;Small City
Cayon;788;Saint Kitts and Nevis;Small City
Doctor Coss;790;Mexico;Small City
Sativanorte;792;Colombia;Small City
San Melchor Betaza;794;Mexico;Small City
Mazapil;794;Mexico;Small City
Potuga;795;Panama;Small City
Calobre;795;Panama;Small City
Progreso;796;Mexico;Small City
Bocoyna;796;Mexico;Small City
San Nicolas;797;Mexico;Small City
Paime;799;Colombia;Small City
San Sebastian Coatan;801;Guatemala;Small City
Maguarichi;801;Mexico;Small City
Rapayan;801;Peru;Small City
Rosalie;802;Dominica;Small City
San Miguel Ejutla;803;Mexico;Small City
Huancas;803;Peru;Small City
Conima;803;Peru;Small City
Pena Blanca;804;Panama;Small City
Cachora;805;Peru;Small City
Simbal;805;Peru;Small City
Surata;806;Colombia;Small City
Aquia;809;Peru;Small City
Albania;810;Colombia;Small City
Eloxochitlan de Flores Magon;811;Mexico;Small City
El Tule;811;Mexico;Small City
San Juan Yaee;812;Mexico;Small City
Divisaderos;813;Mexico;Small City
Morelos;813;Mexico;Small City
Coper;814;Colombia;Small City
San Martin de los Canseco;816;Mexico;Small City
Julcamarca;816;Peru;Small City
Las Palmitas;821;Panama;Small City
Sapillica;821;Peru;Small City
Ocuviri;823;Peru;Small City
Huata;823;Peru;Small City
Las Cruces;823;Panama;Small City
Jesus Maria;823;Colombia;Small City
Cabana;824;Peru;Small City
Sama Grande;826;Peru;Small City
San Pedro Tidaa;826;Mexico;Small City
Sutatenza;827;Colombia;Small City
Soraca;827;Colombia;Small City
Canaveral;827;Panama;Small City
Pusi;828;Peru;Small City
Remedios;829;Panama;Small City
Toguei;829;Colombia;Small City
Mazo Cruz;829;Peru;Small City
Rio Blanco;829;Guatemala;Small City
Huacachi;829;Peru;Small City
Santa Maria Quiegolani;830;Mexico;Small City
Cockburn Town;831;Bahamas;Small City
Uco;833;Peru;Small City
Santo Domingo Ozolotepec;834;Mexico;Small City
Guaca Arriba;834;Panama;Small City
Fronteras;834;Mexico;Small City
Caimito;836;Panama;Small City
San Jose Chacaya;839;Guatemala;Small City
Port Elizabeth;839;Saint Vincent and the Grenadines;Small City
Chuquis;840;Peru;Small City
Ocros;840;Peru;Small City
Chimaltitan;843;Mexico;Small City
Paramo;843;Colombia;Small City
Yauli;843;Peru;Small City
Aija;843;Peru;Small City
San Joaquin;844;Colombia;Small City
Julcan;845;Peru;Small City
Santiago Textitlan;850;Mexico;Small City
Santiago Xanica;851;Mexico;Small City
Huatlatlauca;854;Mexico;Small City
La Pampa;857;Peru;Small City
San Carlos;857;Panama;Small City
Kishuara;857;Peru;Small City
Coneto de Comonfort;858;Mexico;Small City
San Cristobal de la Barranca;859;Mexico;Small City
Ccapi;862;Peru;Small City
Carcasi;862;Colombia;Small City
Nuevo Colon;863;Colombia;Small City
Queropalca;863;Peru;Small City
Mendez;864;Mexico;Small City
Jerico;865;Colombia;Small City
Acopampa;865;Peru;Small City
San Juan Petlapa;867;Mexico;Small City
Sitabamba;867;Peru;Small City
Chipata;868;Colombia;Small City
Paucas;868;Peru;Small City
San Jeronimo Tecoatl;869;Mexico;Small City
Magdalena Yodocono de Porfirio Diaz;870;Mexico;Small City
Canchaque;871;Peru;Small City
San Francisco Ozolotepec;871;Mexico;Small City
Ondores;872;Peru;Small City
San Juan Atzompa;872;Mexico;Small City
Nombre de Dios;872;Panama;Small City
Santa Catarina Tlaltempan;874;Mexico;Small City
Challabamba;875;Peru;Small City
Calana;875;Peru;Small City
Horconcitos;877;Panama;Small City
Boca de Cupe;877;Panama;Small City
San Carlos Yautepec;880;Mexico;Small City
Querevalo;882;Panama;Small City
Ocamonte;883;Colombia;Small City
San Ildefonso Amatlan;883;Mexico;Small City
San Pedro Ocopetatillo;884;Mexico;Small City
Veladero;885;Panama;Small City
La Estrella;885;Panama;Small City
Huaccana;887;Peru;Small City
Santa Barbara;888;Guatemala;Small City
Las Minas;889;Panama;Small City
Colihaut;890;Dominica;Small City
Asia;890;Peru;Small City
Juarez;890;Mexico;Small City
Huacapampa;891;Peru;Small City
Huachocolpa;892;Peru;Small City
Saric;892;Mexico;Small City
Yanas;894;Peru;Small City
La Jagua del Pilar;894;Colombia;Small City
Sallique;894;Peru;Small City
Paris;894;Panama;Small City
Tausa;895;Colombia;Small City
Cabanilla;895;Peru;Small City
Rio Congo;898;Panama;Small City
Apongo;898;Peru;Small City
Aquixtla;901;Mexico;Small City
Querocotillo;901;Peru;Small City
Labranzagrande;902;Colombia;Small City
Tournavista;903;Peru;Small City
Parcoy;903;Peru;Small City
San Jeronimo Silacayoapilla;903;Mexico;Small City
Tinajas;905;Panama;Small City
Arapa;907;Peru;Small City
Maca;908;Peru;Small City
San Juan;908;Peru;Small City
Puquina;910;Peru;Small City
Huanipaca;910;Peru;Small City
Bagala;910;Panama;Small City
San Lucas;910;Nicaragua;Small City
Santa Ana Jilotzingo;910;Mexico;Small City
Totoltepec de Guerrero;911;Mexico;Small City
Pajarillo;912;Peru;Small City
Chapa de Mota;914;Mexico;Small City
Puerto Ocopa;915;Peru;Small City
Mutiscua;918;Colombia;Small City
La Conquista;919;Nicaragua;Small City
Cayara;919;Peru;Small City
Palmira Centro;920;Panama;Small City
Tibirita;920;Colombia;Small City
Santa Ines Yatzeche;921;Mexico;Small City
Ledoy;922;Peru;Small City
Carumas;923;Peru;Small City
Otoca;923;Peru;Small City
Quequena;924;Peru;Small City
El Cocal;926;Panama;Small City
Cermeno;928;Panama;Small City
San Sebastian;931;Colombia;Small City
Susticacan;932;Mexico;Small City
Trinidad Zaachila;934;Mexico;Small City
Crane;935;Barbados;Small City
Huasabas;935;Mexico;Small City
Ranrahirca;936;Peru;Small City
Granados;937;Guatemala;Small City
Huachinera;938;Mexico;Small City
San Jose de Pare;941;Colombia;Small City
Pamplonita;941;Colombia;Small City
Quintana Roo;942;Mexico;Small City
Shilla;943;Peru;Small City
Guavata;943;Colombia;Small City
Chinchaypujio;943;Peru;Small City
Orocovis;944;Puerto Rico;Small City
San Lorenzo;945;Guatemala;Small City
Livitaca;948;Peru;Small City
Chameza;948;Colombia;Small City
Alice Town;949;Bahamas;Small City
San Jose Ayuquila;952;Mexico;Small City
Tlalnelhuayocan;957;Mexico;Small City
Santa Maria de los Angeles;957;Mexico;Small City
Longar;957;Peru;Small City
Inapari;959;Peru;Small City
Pachavita;959;Colombia;Small City
Guerrero;959;Mexico;Small City
Tatatila;960;Mexico;Small City
San Jose Estancia Grande;960;Mexico;Small City
Usquil;961;Peru;Small City
Poroy;961;Peru;Small City
San Jeronimo Coatlan;961;Mexico;Small City
Huaquirca;962;Peru;Small City
Los Reyes;963;Mexico;Small City
Ingenio;963;Peru;Small City
Ixtapan del Oro;963;Mexico;Small City
Los Canelos;965;Panama;Small City
Llusco;967;Peru;Small City
San Miguel;967;Panama;Small City
Comas;967;Peru;Small City
Llama;968;Peru;Small City
Santa Maria Temaxcalapa;968;Mexico;Small City
Santa Fe;968;Panama;Small City
Palca;969;Peru;Small City
Surco;969;Peru;Small City
Parham;969;Antigua and Barbuda;Small City
Villa de Guadalupe;971;Mexico;Small City
Yamango;973;Peru;Small City
Colasay;975;Peru;Small City
Mazatlan Villa de Flores;976;Mexico;Small City
Cayna;976;Peru;Small City
Sacsamarca;977;Peru;Small City
San Andres Timilpan;978;Mexico;Small City
San Pablo;979;Peru;Small City
Nacori Chico;981;Mexico;Small City
Colonia Manuel Gonzalez;982;Mexico;Small City
Suyo;985;Peru;Small City
Challas;986;Peru;Small City
Santa Rita;987;Panama;Small City
Sondor;987;Peru;Small City
El Cristo;989;Panama;Small City
Vilavila;990;Peru;Small City
Santiago Cacaloxtepec;991;Mexico;Small City
Vilcabamba;991;Peru;Small City
Locumba;993;Peru;Small City
Barrouallie;1000;Saint Vincent and the Grenadines;Small City
Hillsborough;1000;Grenada;Small City
El Colorado;1001;Mexico;Small City
San Vicente de Flores;1001;Mexico;Small City
El Bajio (La Laguna);1001;Mexico;Small City
Santiago Pojcol;1001;Mexico;Small City
Matayaya;1001;Dominican Republic;Small City
La Criba;1001;Honduras;Small City
Nicolas Bravo;1001;Mexico;Small City
Charras;1001;Argentina;Small City
Cuyutlan;1002;Mexico;Small City
La Guasima;1002;Mexico;Small City
San Sebastian Rio Hondo;1002;Mexico;Small City
Santo Domingo Yanhuitlan;1002;Mexico;Small City
Nueva Ameyalco;1002;Mexico;Small City
Puerto de Chiquihuite;1002;Mexico;Small City
El Portal;1002;Mexico;Small City
San Antonio del Norte;1002;Honduras;Small City
Cerro de la Cruz;1003;Mexico;Small City
Cerro Agudo;1003;Mexico;Small City
San Vicente Pinas;1003;Mexico;Small City
Tetitlan;1003;Mexico;Small City
Cruz Blanca;1003;Mexico;Small City
Patzite;1003;Guatemala;Small City
Nuevo Refugio de Afuera (Nuevo Refugio);1003;Mexico;Small City
Santa Catarina;1003;Mexico;Small City
Santa Maria de Enmedio;1003;Mexico;Small City
San Pedro Tlapacoyan;1003;Mexico;Small City
Iratzio;1003;Mexico;Small City
Xiteje de Zapata;1004;Mexico;Small City
Laguna de Farfan;1004;Mexico;Small City
Oriental de Zapata;1004;Mexico;Small City
San Antonio de Romerillo;1004;Mexico;Small City
Presidente Juarez;1004;Mexico;Small City
Tamapatz;1004;Mexico;Small City
Rancho Nuevo del Llanito;1004;Mexico;Small City
Colonia San Francisco;1004;Mexico;Small City
San Pedro Tlaolantongo;1004;Mexico;Small City
Rincon de Guadalupe;1004;Mexico;Small City
La Isla de Chapachapa;1004;Mexico;Small City
Ignacio Zaragoza;1004;Mexico;Small City
Tzontehuitz;1004;Mexico;Small City
Union de Azuero;1004;Panama;Small City
Chavarria;1004;Mexico;Small City
Joltealal;1004;Mexico;Small City
La Mision;1004;Mexico;Small City
La Caya;1005;Dominican Republic;Small City
Cruz Verde;1005;Mexico;Small City
Nueva Libertad;1005;Mexico;Small City
El Potrero de San Diego;1006;Mexico;Small City
Casas Viejas;1006;Mexico;Small City
Antonio Rosales;1006;Mexico;Small City
Tozihuic;1006;Mexico;Small City
Tankuche;1006;Mexico;Small City
Santiago Atzitzihuacan;1006;Mexico;Small City
Santa Cecilia Jalieza;1006;Mexico;Small City
Cenobio Aguilar (La Trinidad);1006;Mexico;Small City
San Dionisio Ocotlan;1007;Mexico;Small City
El Progreso;1007;Mexico;Small City
Pastora;1007;Mexico;Small City
La Joya;1007;Mexico;Small City
Moyotepec (Moyotepec de Juarez);1007;Mexico;Small City
Tlaminca;1007;Mexico;Small City
Piedra Gorda;1007;Mexico;Small City
Tlamaya Grande;1008;Mexico;Small City
Sanchez;1008;Mexico;Small City
Melchor Ocampo;1008;Mexico;Small City
Unidos Avanzamos;1008;Mexico;Small City
Estacion Corralejo;1008;Mexico;Small City
El Huexco;1008;Mexico;Small City
Rancho de Guadalupe;1008;Mexico;Small City
Tlacpac;1008;Mexico;Small City
Sinahuiza;1008;Mexico;Small City
Loma del Refugio;1008;Mexico;Small City
Colonia el Florido;1008;Mexico;Small City
Nuevo Crucitas;1008;Mexico;Small City
San Miguel Abejones;1009;Mexico;Small City
Ejido Doctor Alberto Oviedo Mota (El Indiviso);1009;Mexico;Small City
San Gabriel Azteca;1009;Mexico;Small City
Ubaque;1009;Colombia;Small City
La Cruz del Palmar;1009;Mexico;Small City
San Mateo Nejapam;1009;Mexico;Small City
Los Otates;1009;Mexico;Small City
Xoampolco;1009;Mexico;Small City
San Jose Barbabosa;1009;Mexico;Small City
Caobanal 1ra. Seccion (Mezcalapa);1009;Mexico;Small City
Salinas;1009;Mexico;Small City
Rancho Grande;1009;Mexico;Small City
Santa Margarita Huitepec;1009;Mexico;Small City
Paso de Mendez;1010;Mexico;Small City
El Huidero;1010;Mexico;Small City
San Miguel Tlamahuco;1010;Mexico;Small City
Villa Victoria;1010;Mexico;Small City
Chazon;1010;Argentina;Small City
Huitzoltepec;1010;Mexico;Small City
Don Francisco;1010;Mexico;Small City
Las Torres de Guadalupe;1010;Mexico;Small City
El Progreso Hidalgo;1010;Mexico;Small City
San Leoncio Jamaya;1010;Mexico;Small City
Coromoro;1010;Colombia;Small City
Las Plazuelas;1010;Mexico;Small City
San Jose de las Pilas;1010;Mexico;Small City
Zacalaca;1010;Mexico;Small City
Nuevo Carmen Tonapac;1010;Mexico;Small City
Barrio Aztlan;1010;Mexico;Small City
Tenancingo;1011;El Salvador;Small City
San Martin Ojo de Agua;1011;Mexico;Small City
El Escoplo;1011;Mexico;Small City
Rinconadas de San Francisco;1011;Mexico;Small City
El Dorado;1011;Colombia;Small City
Montecillos;1011;Mexico;Small City
Las Lajas;1012;Panama;Small City
Zoquiopan;1012;Mexico;Small City
Tetlatzinga;1012;Mexico;Small City
San Lorenzo Xaltelulco;1012;Mexico;Small City
Texiguat;1012;Honduras;Small City
Tamahu;1012;Guatemala;Small City
Agua Buena;1012;Panama;Small City
San Ignacio de Rivera (Ojo de Agua);1012;Mexico;Small City
Pena Colorada;1012;Mexico;Small City
Colonia Palo Prieto (Chipitongo);1012;Mexico;Small City
Union Juarez;1012;Mexico;Small City
Pueblo Nuevo;1013;Mexico;Small City
Teococuilco de Marcos Perez;1013;Mexico;Small City
Candelaria Portezuelo;1013;Mexico;Small City
Rancho Viejo;1013;Mexico;Small City
Llano Largo;1013;Panama;Small City
La Purisima;1013;Mexico;Small City
Cedros;1013;Mexico;Small City
Chirimoya (Estacion Chirimoya);1014;Mexico;Small City
Vega del Rosario;1014;Mexico;Small City
Doctor Miguel Silva (San Guillermo);1014;Mexico;Small City
Silva;1014;Mexico;Small City
Topaga;1014;Colombia;Small City
Xoconoxtle el Grande;1014;Mexico;Small City
Cololaca;1014;Honduras;Small City
Tronconal;1014;Mexico;Small City
La Junta;1014;Mexico;Small City
Union Agropecuarios Lazaro Cardenas del Norte;1014;Mexico;Small City
Concepcion de la Barranca;1014;Honduras;Small City
Palmas de Abajo;1014;Mexico;Small City
Coachimalco;1014;Mexico;Small City
San Rafael Tecario;1015;Mexico;Small City
Tlahuelompa (San Francisco Tlahuelompa);1015;Mexico;Small City
El Vado de San Pedro;1015;Mexico;Small City
El Cuije;1015;Mexico;Small City
Cerritos;1015;Mexico;Small City
Cuadrilla Vieja;1015;Mexico;Small City
Heroes de Chapultepec;1015;Mexico;Small City
La Cruz y Carrizal;1015;Mexico;Small City
Colonia la Calzada (La Olla);1015;Mexico;Small City
El Arenal;1015;Mexico;Small City
Los Remedios;1015;Mexico;Small City
San Nicolas;1015;Mexico;Small City
La Junta;1015;Mexico;Small City
Sabanilla;1015;Costa Rica;Small City
Guadalupe Buenavista;1016;Mexico;Small City
San Jose Tlacuitlapan;1016;Mexico;Small City
El Rusio;1016;Honduras;Small City
Matlahuacales Aquiles Serdan;1016;Mexico;Small City
Cuautotola;1016;Mexico;Small City
Dantzibojay;1016;Mexico;Small City
San Nicolas de la Condesa;1016;Mexico;Small City
Fraccionamiento Carlos Salinas de Gortari;1016;Mexico;Small City
San Jose Mezapa Seccion I;1016;Mexico;Small City
Santa Cruz de Juarez;1016;Mexico;Small City
San Luqueno;1016;Mexico;Small City
General Manuel J. Campos;1016;Argentina;Small City
Palmar Primero;1016;Mexico;Small City
Los Desmontes;1016;Mexico;Small City
Compuertas;1017;Mexico;Small City
El Coco;1017;Panama;Small City
San Antonio del Puente;1017;Mexico;Small City
Paredes;1017;Mexico;Small City
El Agua Dulcita;1017;Honduras;Small City
San Martin Florida;1017;Mexico;Small City
Juan Escutia (Borbollon);1017;Mexico;Small City
Las Varas;1017;Argentina;Small City
Ejido Miraflores;1017;Mexico;Small City
Francisco I. Madero;1017;Mexico;Small City
Rincon Moreno;1018;Mexico;Small City
Las Lajas;1018;Mexico;Small City
La Concordia;1018;Mexico;Small City
Colonia Alborada;1018;Mexico;Small City
Ixcapantla;1018;Mexico;Small City
San Luis de Letras;1018;Mexico;Small City
Totomixtlahuaca;1018;Mexico;Small City
Chivana;1018;Honduras;Small City
Nuevo Pacayal;1019;Mexico;Small City
San Lorenzo Soltepec;1019;Mexico;Small City
San Andres Yahuitlalpan;1019;Mexico;Small City
Michapa;1019;Mexico;Small City
El Capulo (La Quebradora);1019;Mexico;Small City
Paso Real de Sarabia;1019;Mexico;Small City
Vista Hermosa;1019;Mexico;Small City
Cocoyol;1019;Mexico;Small City
General Trevino;1019;Mexico;Small City
Cuto de la Esperanza;1019;Mexico;Small City
Barrio Guadalupe;1019;Panama;Small City
Ejido Lagunitas;1019;Mexico;Small City
Ignacio Zaragoza;1019;Mexico;Small City
San Andres Dinicuiti;1019;Mexico;Small City
Jalmolonga (La Hacienda);1019;Mexico;Small City
Los Pocitos;1019;Mexico;Small City
Santiago;1020;Mexico;Small City
San Antonio del Tequendama;1020;Colombia;Small City
Paso Blanco;1020;Mexico;Small City
Las Lajitas;1020;Mexico;Small City
Las Pintas;1020;Mexico;Small City
Calibishie;1020;Dominica;Small City
San Joaquin Zorrillos;1020;Mexico;Small City
Villa Tejupam de la Union;1020;Mexico;Small City
Sinaloa;1020;Mexico;Small City
Doxteje Barrio Primero;1020;Mexico;Small City
Huanchillas;1020;Argentina;Small City
Colonia Rafael Corrales Ayala;1020;Mexico;Small City
Siviral;1021;Mexico;Small City
Mateo;1021;Honduras;Small City
El Salvador;1021;Mexico;Small City
Jose Colomo;1021;Mexico;Small City
Camembaro;1021;Mexico;Small City
El Siviral (Jigica);1021;Mexico;Small City
Cerrito de la Cruz;1021;Mexico;Small City
San Clemente de Lima;1021;Mexico;Small City
Zarzal;1022;Mexico;Small City
Miguel Negrete;1022;Mexico;Small City
Almafuerte;1022;Argentina;Small City
Veinte de Noviembre;1022;Mexico;Small City
Velazquez;1022;Uruguay;Small City
Xacaxomulco;1022;Mexico;Small City
Alfonso Moguel;1022;Mexico;Small City
Colonia Cuauhtemoc;1022;Mexico;Small City
San Simon de Guerrero;1022;Mexico;Small City
San Marcos Tecomaxusco;1022;Mexico;Small City
Liure;1022;Honduras;Small City
El Colorado;1023;Mexico;Small City
Derramadero Segundo (Infiernillo);1023;Mexico;Small City
Las Primaveras [Invernadero];1023;Mexico;Small City
Cavaillon;1023;Haiti;Small City
Agua Gorda;1023;Mexico;Small City
Cicacalco;1023;Mexico;Small City
San Antonio Molinos;1023;Mexico;Small City
Tequicuilco;1023;Mexico;Small City
Aquiles Serdan;1024;Mexico;Small City
Pena Pobre;1024;Puerto Rico;Small City
Chacala;1024;Mexico;Small City
El Moreno (San Miguel Moreno);1024;Mexico;Small City
Aguas Buenas;1025;Mexico;Small City
El Dorado;1025;Mexico;Small City
Santa Ana Arriba;1025;Panama;Small City
San Francisco Cuexcontzi;1025;Mexico;Small City
El Transito;1025;Honduras;Small City
Colonia Nueva Revolucion;1025;Mexico;Small City
Milpillas;1025;Mexico;Small City
Rancho Nuevo de la Luz;1025;Mexico;Small City
San Lorenzo;1025;Panama;Small City
San Fernando;1026;Honduras;Small City
Chichica;1026;Panama;Small City
Rincon de los Pirules;1026;Mexico;Small City
Jaltocan;1026;Mexico;Small City
Santa Maria de la Paz;1026;Mexico;Small City
Ahuatlan;1026;Mexico;Small City
La Mintzita (Piedra Dura);1026;Mexico;Small City
Corralejo de Arriba;1026;Mexico;Small City
Tonalapa;1026;Mexico;Small City
El Escano de Tepale;1026;Honduras;Small City
Nenehuaca;1026;Mexico;Small City
Pinicuaro;1026;Mexico;Small City
San Juan Tejaluca;1027;Mexico;Small City
Loma Bonita;1027;Mexico;Small City
Colonia San Luis;1027;Mexico;Small City
San Juan Grande;1027;Mexico;Small City
Barrio de Puentecillas;1027;Mexico;Small City
Bangandho;1027;Mexico;Small City
Apantla;1027;Mexico;Small City
Santa Rosa Caxtlahuaca;1028;Mexico;Small City
Tibacuy;1028;Colombia;Small City
Tengueecho;1028;Mexico;Small City
Guadalupe Victoria;1028;Mexico;Small City
Acatepec;1028;Mexico;Small City
Buenavista;1028;Mexico;Small City
Ejido la Guayana (Rancho Seco);1028;Mexico;Small City
Huajimic;1028;Mexico;Small City
Conejeras;1028;Mexico;Small City
Pueblo Benito Garcia;1028;Mexico;Small City
Agalteca;1029;Honduras;Small City
Los Cajones;1029;Mexico;Small City
Amatlan de Quetzalcoatl;1029;Mexico;Small City
Tetelcingo;1029;Mexico;Small City
Felipe Carrillo Puerto;1029;Mexico;Small City
18 de Marzo;1029;Mexico;Small City
Tlalcozotitlan;1029;Mexico;Small City
El Tigre (Segunda Manzana de Crescencio Morales);1029;Mexico;Small City
Somondoco;1029;Colombia;Small City
Orizabita;1029;Mexico;Small City
Ejido Tabasco;1029;Mexico;Small City
Santa Fe de la Purisima;1030;Mexico;Small City
Teutila;1030;Mexico;Small City
Casa Quemada;1030;Honduras;Small City
El Rayo;1030;Mexico;Small City
San Isidro Apango;1030;Mexico;Small City
Tejaluca;1030;Mexico;Small City
Hualula;1031;Mexico;Small City
Barrio de San Ramon;1031;Mexico;Small City
Crucero Las Pilas;1031;Mexico;Small City
La Esperanza;1031;Mexico;Small City
La Esperanza (El Zapotal);1031;Mexico;Small City
Las Barrillas;1031;Mexico;Small City
Pueblo Madero (El Playon);1031;Mexico;Small City
Las Marias;1031;Puerto Rico;Small City
Savannah Bight;1031;Honduras;Small City
El Recodo de San Jose Axalco;1032;Mexico;Small City
Nueva Morelia;1032;Mexico;Small City
Barrio Tepetitlan Emilio Portes Gil;1032;Mexico;Small City
Santiago;1032;Colombia;Small City
Capula;1032;Mexico;Small City
Calpaneria Atezquilla;1032;Mexico;Small City
Caimito;1032;Panama;Small City
California;1032;Mexico;Small City
Alvaro Obregon;1032;Mexico;Small City
Bachigualatito;1032;Mexico;Small City
Puentecillas (Tercera Manzana de Zirahuato);1032;Mexico;Small City
La Cienega;1032;Mexico;Small City
Arroyo San Isidro;1032;Mexico;Small City
El Carmen (El Desierto del Carmen);1032;Mexico;Small City
Callejones;1033;Honduras;Small City
Francisco Villa;1033;Mexico;Small City
San Juan de Vina;1033;Mexico;Small City
Oxinam;1033;Mexico;Small City
San Felipe Quiriceo;1033;Mexico;Small City
Guixe;1033;Mexico;Small City
La Canada;1033;Mexico;Small City
Bocas;1033;Mexico;Small City
San Antonio de la Cuesta;1033;Honduras;Small City
San Marcos Zacatepec;1034;Mexico;Small City
Combita;1034;Colombia;Small City
Panuco;1034;Mexico;Small City
Fraccionamiento la Mezquitera;1034;Mexico;Small City
Cuartel la Mesa (El Asoleadero);1034;Mexico;Small City
Lomantan;1034;Mexico;Small City
Guadalupe Grijalva;1034;Mexico;Small City
Las Lomas de Tacamichapan;1034;Mexico;Small City
Zacamulpa;1034;Mexico;Small City
Lodo Grande;1035;Mexico;Small City
Pintillo;1035;Mexico;Small City
Jesus Tepactepec;1035;Mexico;Small City
Camotinchan;1035;Mexico;Small City
Los Cocos;1035;Argentina;Small City
Juarez;1035;Mexico;Small City
Tipacoque;1036;Colombia;Small City
La Plena;1036;Puerto Rico;Small City
Mariscal Subikuski;1036;Mexico;Small City
Carricitos;1036;Mexico;Small City
San Miguel el Grande Villa Juarez;1036;Mexico;Small City
El Rincon;1036;Mexico;Small City
San Gregorio;1036;Mexico;Small City
Cerrito;1036;Paraguay;Small City
San Jose Boxay;1037;Mexico;Small City
La Sabana;1037;Mexico;Small City
Quelove;1037;Mexico;Small City
El Uvito;1037;Panama;Small City
San Lorenzo Tenochtitlan;1037;Mexico;Small City
San Jose de Gracia;1037;Mexico;Small City
Curtina;1037;Uruguay;Small City
Cuparataro;1038;Mexico;Small City
Santa Cruz;1038;Mexico;Small City
Siqueros;1038;Mexico;Small City
San Jose de las Flores;1038;Mexico;Small City
La Palma;1038;Mexico;Small City
Excola;1038;Mexico;Small City
Llano del Tigre;1038;Mexico;Small City
El Ocoton;1038;Honduras;Small City
Colonia el Mirador (Llano del Ejido);1038;Mexico;Small City
La Union Paso Largo;1038;Mexico;Small City
San Jose del Progreso;1039;Mexico;Small City
Pavencul;1039;Mexico;Small City
El Tejocote;1039;Mexico;Small City
El Corozal;1039;Honduras;Small City
Colonia Felipe Angeles;1039;Mexico;Small City
Cerro Colorado;1039;Mexico;Small City
San Martin Tequesquipan (Tequesquipan);1039;Mexico;Small City
Llano de las Flores (Barrio del Hueso);1039;Mexico;Small City
Mineral de la Luz;1040;Mexico;Small City
Texocoyohuac;1040;Mexico;Small City
Omitlan de Juarez;1040;Mexico;Small City
Don Diego;1040;Mexico;Small City
Ocotal Chico;1040;Mexico;Small City
Santiago Chilixtlahuaca;1040;Mexico;Small City
Tepanguare;1040;Honduras;Small City
Lomas de Ahuatepec;1040;Mexico;Small City
San Jose Ocotillos;1040;Mexico;Small City
Los Llanitos;1040;Honduras;Small City
La Guasima;1040;Mexico;Small City
San Pedro Jocopilas;1040;Guatemala;Small City
Manzana la Cofradia;1040;Mexico;Small City
Altamira de Zinaparo;1040;Mexico;Small City
Texin;1041;Mexico;Small City
Jarillas;1041;Mexico;Small City
Cedros;1041;Honduras;Small City
San Andres Ixtlahuaca;1041;Mexico;Small City
San Angel;1041;Mexico;Small City
Santiago Yancuictlalpan;1041;Mexico;Small City
San Francisco Loxicha;1041;Mexico;Small City
Centro de Readaptacion Social;1041;Mexico;Small City
Rincon de Buena Vista;1041;Mexico;Small City
Tonalapa del Sur;1041;Mexico;Small City
Las Armas;1042;Mexico;Small City
La Sombra;1042;Mexico;Small City
Emancipacion Quetzalapa;1042;Mexico;Small City
Loma Chapultepec;1042;Mexico;Small City
Campo de Aguila;1042;Mexico;Small City
Xadani;1042;Mexico;Small City
Libertad;1042;Mexico;Small City
Pueblo Viejo;1042;Panama;Small City
San Nicolas Quialana;1042;Mexico;Small City
Obrajuelo;1042;Mexico;Small City
Buenos Aires (San Isidro);1042;Mexico;Small City
Agua Caliente;1042;Mexico;Small City
Cabecera de Indigenas;1042;Mexico;Small City
Santa Ana Chapitiro;1042;Mexico;Small City
Villa Carmen;1043;Panama;Small City
Taragual;1043;Honduras;Small City
La Paz;1043;Mexico;Small City
San Antonio de los Rios;1043;Mexico;Small City
La Noria;1043;Mexico;Small City
Zapoapan de Amapan;1043;Mexico;Small City
Ahuateno;1043;Mexico;Small City
Gachupines;1043;Mexico;Small City
Doctor Belisario Dominguez (La Barra);1043;Mexico;Small City
Agua Azul Rancho;1043;Honduras;Small City
Santa Maria del Buaraje;1044;Mexico;Small City
La Grandeza;1044;Mexico;Small City
El Conejo;1044;Mexico;Small City
Calcahualco;1044;Mexico;Small City
El Tumbo;1044;Mexico;Small City
Rinconadas del Bosque;1044;Mexico;Small City
El Durazno;1044;Mexico;Small City
Pueblo Viejo;1044;Mexico;Small City
Tetzacual;1044;Mexico;Small City
Atenguillo;1044;Mexico;Small City
San Vicente;1044;Mexico;Small City
Merino;1044;Mexico;Small City
Tavera;1045;Mexico;Small City
Veracruz;1045;Honduras;Small City
San Francisco Koben;1045;Mexico;Small City
Salvador Diaz Miron;1045;Mexico;Small City
Maravillas;1045;Mexico;Small City
San Francisco;1045;Mexico;Small City
Guadalupe Victoria;1045;Mexico;Small City
Tlacuilola;1045;Mexico;Small City
Yopi;1045;Mexico;Small City
San Jose Tepuzas;1045;Mexico;Small City
El Camalote;1046;Mexico;Small City
Santa Ana Tlapacoyan;1046;Mexico;Small City
Gutierrez Zamora;1046;Mexico;Small City
Aquiles Serdan;1046;Mexico;Small City
San Jeronimo;1046;Honduras;Small City
San Julio;1046;Mexico;Small City
Canton Villaflor;1046;Mexico;Small City
La Fortuna;1046;Mexico;Small City
Pugchen Mumuntic;1046;Mexico;Small City
Coahuixtla;1046;Mexico;Small City
Santo Domingo;1047;Mexico;Small City
Zetaquira;1047;Colombia;Small City
El Potrero;1047;Mexico;Small City
Las Ranas;1047;Mexico;Small City
Los Cenotes;1047;Mexico;Small City
Xagacia;1047;Mexico;Small City
Aguas Corrientes;1047;Uruguay;Small City
Hermenegildo Galeana;1047;Mexico;Small City
Augusto Gomez Villanueva;1048;Mexico;Small City
San Juan de Planes;1048;Honduras;Small City
Negritas;1048;Mexico;Small City
Entradero;1049;Panama;Small City
Estacion Zamora;1049;Mexico;Small City
Sasaltitla;1049;Mexico;Small City
Cuazahuatl;1049;Mexico;Small City
San Cayetano;1049;Mexico;Small City
General Luis Felipe Dominguez Suarez;1049;Mexico;Small City
Calzada Larga;1049;Mexico;Small City
Las Bocas;1049;Mexico;Small City
Concepcion del Sur;1049;Honduras;Small City
Berlin;1050;Honduras;Small City
Tlanalapan;1050;Mexico;Small City
Santa Rosa (El Huizache);1050;Mexico;Small City
Carti Sugtupu;1050;Panama;Small City
Biabou;1050;Saint Vincent and the Grenadines;Small City
Union Juarez;1050;Mexico;Small City
El Recodo;1050;Mexico;Small City
San Miguel Laderas;1050;Mexico;Small City
El Barrancon del Tio Blas (El Barrancon);1050;Mexico;Small City
Hoya de Cintora (La Hoya de Arriba);1050;Mexico;Small City
La Concepcion;1050;Mexico;Small City
Mata del Nance;1051;Panama;Small City
Estacion Pescaderos;1051;Mexico;Small City
Guayabal de Siquima;1051;Colombia;Small City
El Espinalillo;1051;Mexico;Small City
10 de Abril;1051;Mexico;Small City
La Trinidad;1051;Mexico;Small City
San Felix;1051;Panama;Small City
Fraccionamiento del Valle;1052;Mexico;Small City
El Caracol;1052;Mexico;Small City
El Salto de Espejo;1052;Mexico;Small City
Tierra Larga (Campo Nuevo);1052;Mexico;Small City
El Zapote;1052;Mexico;Small City
Campo Alegre;1052;Colombia;Small City
Ignacio Zaragoza 1ra. Seccion;1052;Mexico;Small City
Santa Ana;1052;Honduras;Small City
Darwin;1052;Argentina;Small City
Aguas Blancas;1053;Panama;Small City
Pueblo Nuevo;1053;Honduras;Small City
San Jose Independencia;1053;Mexico;Small City
San Pablo el Grande;1053;Mexico;Small City
Narciso Mendoza;1053;Mexico;Small City
Quinicuena;1053;Mexico;Small City
Molino de San Jose;1053;Mexico;Small City
El Progreso;1053;Mexico;Small City
San Isidro de la Estacada;1054;Mexico;Small City
Pixoy;1054;Mexico;Small City
Los Olivos;1054;Mexico;Small City
Islas Agrarias Grupo B;1054;Mexico;Small City
Llano de Piedra;1054;Panama;Small City
El Ramal (Porvenir);1054;Mexico;Small City
Canada de Luque;1054;Argentina;Small City
Santa Ana;1054;Mexico;Small City
Chalchihuitan;1054;Mexico;Small City
Cintra;1054;Argentina;Small City
Buena Vista;1054;Mexico;Small City
Rio Bonito;1054;Honduras;Small City
Ignacio Zaragoza;1055;Mexico;Small City
Laguna del Cofre;1055;Mexico;Small City
Ciervo Petiso;1055;Argentina;Small City
Colonia Cuauhtemoc;1055;Mexico;Small City
Mactun;1055;Mexico;Small City
Escolin de Olarte;1055;Mexico;Small City
Estacion Porvenir;1055;Uruguay;Small City
Sahuaral de Otero;1055;Mexico;Small City
La Brea;1055;Honduras;Small City
La Isla;1055;Mexico;Small City
Tinajas 1ra. Seccion;1055;Mexico;Small City
San Marcial Ozolotepec;1055;Mexico;Small City
La Mezquitera;1056;Mexico;Small City
Cantuna;1056;Mexico;Small City
Manuel Edgardo Avalos (San Isidro);1056;Mexico;Small City
Chacaljocom;1056;Mexico;Small City
Unidad Habitacional Mariano Matamoros;1056;Mexico;Small City
Guadalupe de Tambula;1056;Mexico;Small City
San Pedro de la Cueva;1056;Mexico;Small City
Miguel Hidalgo;1056;Mexico;Small City
Santa Rita;1056;Mexico;Small City
El Meson;1057;Mexico;Small City
Tlatzala;1057;Mexico;Small City
Guadalupe Victoria;1057;Mexico;Small City
Zapotillo de Mogotes;1057;Mexico;Small City
Ojo de Rana;1057;Mexico;Small City
Nueva America;1057;Mexico;Small City
Santa Barbara;1057;Mexico;Small City
El Galaneno;1057;Mexico;Small City
La Calera;1058;Mexico;Small City
San Marcos Arteaga;1058;Mexico;Small City
Santa Sofia;1058;Colombia;Small City
El Zapotillo;1058;Mexico;Small City
San Nicolas de la Torre;1058;Mexico;Small City
La Herradura;1058;Mexico;Small City
Guadalupe Morelos;1058;Mexico;Small City
Ixtolco de Morelos;1058;Mexico;Small City
Mompani;1059;Mexico;Small City
San Rafael La Independencia;1059;Guatemala;Small City
La Sala (La Caliente);1059;Mexico;Small City
Acoxcatlan;1059;Mexico;Small City
Alvaro Obregon 2da. Seccion (El Lechugal);1059;Mexico;Small City
Joconoxtle (La Tuna);1059;Mexico;Small City
Tula;1059;Mexico;Small City
La Tinaja;1059;Mexico;Small City
Ejido Toluca;1060;Mexico;Small City
Patla;1060;Mexico;Small City
Rio de Jesus;1060;Panama;Small City
Ocuiltzapoyo;1060;Mexico;Small City
La Garita;1060;Mexico;Small City
Tierra Blanca;1061;Mexico;Small City
Norias del Refugio;1061;Mexico;Small City
Tubuala;1061;Panama;Small City
La Nueva Era;1061;Mexico;Small City
Pozuelos;1061;Mexico;Small City
Vega Alta;1061;Cuba;Small City
Tepehuacan de Guerrero;1061;Mexico;Small City
El Bingu;1061;Mexico;Small City
El Jazmin;1061;Mexico;Small City
Ninos Heroes;1061;Mexico;Small City
San Antonio Emenguaro;1061;Mexico;Small City
El Pilar;1061;Mexico;Small City
Tocoy;1061;Mexico;Small City
Paraje Trejo (El Chaparral);1062;Mexico;Small City
El Olvera;1062;Mexico;Small City
Ejido el Castillo;1062;Mexico;Small City
Canton las Delicias;1062;Mexico;Small City
Veracruz;1062;Mexico;Small City
Lacandon;1062;Mexico;Small City
Ixtlahuaca;1063;Mexico;Small City
El Terrero;1063;Mexico;Small City
Bonpland;1063;Argentina;Small City
Finca Blanco;1063;Panama;Small City
Las Animas;1063;Mexico;Small City
Woodford Hill;1063;Dominica;Small City
El Magueyal;1063;Mexico;Small City
San Nicolas Solis;1063;Mexico;Small City
San Diego;1063;Mexico;Small City
Magas Arriba;1063;Puerto Rico;Small City
Centro de Arriba;1064;Mexico;Small City
Manzana Segunda;1064;Mexico;Small City
Quiriego;1064;Mexico;Small City
Allende;1064;Mexico;Small City
La Toma;1064;Mexico;Small City
Ejido Netzahualcoyotl;1064;Mexico;Small City
Baja Mar;1064;Honduras;Small City
La Palma (Las Palmas);1064;Mexico;Small City
El Refugio;1064;Mexico;Small City
Agua Azul;1064;Mexico;Small City
San Agustin Huixaxtla;1064;Mexico;Small City
Santa Isabel [Fraccionamiento];1065;Mexico;Small City
Nopala de Villagran;1065;Mexico;Small City
San Miguelito;1065;Mexico;Small City
San Pedro Zacapa;1065;Honduras;Small City
El Naranjo;1065;Mexico;Small City
San Francisco;1065;Mexico;Small City
Rancho Alegre;1065;Mexico;Small City
El Jaralito;1065;Mexico;Small City
Turcio Segunda Seccion;1065;Mexico;Small City
El Escobillo;1065;Mexico;Small City
Ramon F. Balboa;1065;Mexico;Small City
Alotepec;1065;Mexico;Small City
La Trinidad;1065;Mexico;Small City
San Diego;1065;Mexico;Small City
Xochiapulco;1066;Mexico;Small City
Chapa;1066;Mexico;Small City
Andres Quintana Roo;1066;Mexico;Small City
Praderas del Potrero;1066;Mexico;Small City
San Jose de Comayagua;1066;Honduras;Small City
Corral de Piedra;1066;Mexico;Small City
Escuadron Doscientos Uno;1066;Mexico;Small City
San Francisco de Cones;1066;Honduras;Small City
San Martin Lachila;1066;Mexico;Small City
Zoyotla;1066;Mexico;Small City
Caimito;1066;Panama;Small City
Tampiquito;1067;Mexico;Small City
La Soledad;1067;Mexico;Small City
Petoa;1067;Honduras;Small City
Vaquerias;1067;Mexico;Small City
Rincon de los Reyes;1067;Mexico;Small City
San Bernardo;1067;Mexico;Small City
La Laguna;1067;Mexico;Small City
Santa Catalina;1067;Uruguay;Small City
Sochiapa;1067;Mexico;Small City
Loma Alta;1067;Honduras;Small City
San Francisco Nacaxtle;1067;Mexico;Small City
Adjuntas del Rio;1068;Mexico;Small City
San Blas;1068;Mexico;Small City
Rancho Nuevo;1068;Mexico;Small City
Trojas;1068;Honduras;Small City
Hermenegildo Galeana;1068;Mexico;Small City
Santa Rosa Segundo;1068;Mexico;Small City
Colonia los Cerritos;1068;Mexico;Small City
Guadalupe de Paso Blanco;1068;Mexico;Small City
San Juan Zapotitlan;1068;Mexico;Small City
San Antonio;1069;Mexico;Small City
San Francisco Sola;1069;Mexico;Small City
Monte Blanco;1069;Mexico;Small City
San Nicolas Amealco;1069;Mexico;Small City
Mata Naranjo;1069;Mexico;Small City
Zapote de Barajas;1069;Mexico;Small City
Manantiales;1070;Mexico;Small City
La Presita Segundo Cuartel;1070;Mexico;Small City
San Salvador;1070;Mexico;Small City
Rio Grande;1070;Panama;Small City
Progreso;1070;Mexico;Small City
Samara;1071;Costa Rica;Small City
Miravalle;1071;Mexico;Small City
La Mesa de los Conejos;1071;Mexico;Small City
Aramecina;1071;Honduras;Small City
San Jose de Rio Tinto;1071;Honduras;Small City
Loma Bonita;1071;Mexico;Small City
Zacapala;1071;Mexico;Small City
Acuaco;1071;Mexico;Small City
Cuauhtenango;1072;Mexico;Small City
Tzitzio;1072;Mexico;Small City
Santa Monica;1072;Mexico;Small City
Sandy Bay;1072;Honduras;Small City
El Paraiso;1072;Mexico;Small City
Rinconadas del Venado I;1072;Mexico;Small City
Monte Verde Chiveria;1072;Mexico;Small City
Banco Nacional;1072;Mexico;Small City
Rincon de Aguirre;1072;Mexico;Small City
Huexotitla;1072;Mexico;Small City
Santa Ana Necoxtla;1072;Mexico;Small City
Pasco;1072;Argentina;Small City
Santiago el Pinar;1072;Mexico;Small City
El Capulin (La Nueva Pochota);1073;Mexico;Small City
Pino Suarez;1073;Mexico;Small City
America Libre;1073;Mexico;Small City
La Canada;1073;Mexico;Small City
Jose Maria Pino Suarez;1073;Mexico;Small City
Puerta de San Jose;1073;Argentina;Small City
Tutepec;1073;Mexico;Small City
Loma de Yerbabuena;1073;Mexico;Small City
San Jose Buena Vista;1073;Mexico;Small City
Los Pinos;1073;Mexico;Small City
Santiago Tilapa;1073;Mexico;Small City
Zoh-Laguna;1074;Mexico;Small City
Potrerillos Arriba;1074;Panama;Small City
Unidad Grajales INFONAVIT;1074;Mexico;Small City
El Palmar;1074;Mexico;Small City
Calchani;1074;Bolivia;Small City
El Colorado;1074;Mexico;Small City
Paso Carretas;1074;Mexico;Small City
Barrio de San Miguel;1074;Mexico;Small City
El Tintal;1074;Mexico;Small City
San Jose Tepeyahualco;1074;Mexico;Small City
Santa Ines Varela la Luz;1075;Mexico;Small City
Lazaro Cardenas;1075;Mexico;Small City
Rafael Ramirez;1075;Mexico;Small City
Huanguitio;1075;Mexico;Small City
La Estancia Sector Uno (La Estancia);1075;Mexico;Small City
Agua Caliente;1075;Honduras;Small City
Santa Maria Cortijo;1075;Mexico;Small City
La Colorada;1076;Panama;Small City
Villa Ocampo;1076;Mexico;Small City
Santa Rita;1076;Mexico;Small City
Zacualpa;1076;Mexico;Small City
Ocotillo;1076;Mexico;Small City
San Bartolo del Progreso;1076;Mexico;Small City
Suaqui Grande;1076;Mexico;Small City
Bugabita Arriba;1076;Panama;Small City
Las Canas;1076;Mexico;Small City
Malagana (San Antonio del Monte);1076;Mexico;Small City
San Cristobal;1076;Mexico;Small City
Maitinez;1076;Mexico;Small City
Sargento Lopez 2da. Seccion (El Chuzo);1076;Mexico;Small City
Colonia Doctor Gustavo Baz;1077;Mexico;Small City
Uspero;1077;Mexico;Small City
San Juan de la Vaqueria;1077;Mexico;Small City
San Cristobal Xochimilpa;1077;Mexico;Small City
San Isidro Palotal;1077;Mexico;Small City
San Martin Mazateopan;1077;Mexico;Small City
La Erradura;1077;Mexico;Small City
San Francisco Logueche;1077;Mexico;Small City
San Miguel Zoapan;1077;Mexico;Small City
Punta de la Vega;1077;Mexico;Small City
Nueva Frontera;1077;Mexico;Small City
San Juan Lachigalla;1077;Mexico;Small City
San Marcos;1078;Mexico;Small City
La Compania;1078;Mexico;Small City
Ojo de Agua de Crucitas;1078;Mexico;Small City
Las Brisas;1078;Mexico;Small City
Tlatilpa;1078;Mexico;Small City
La Rinconada;1078;Mexico;Small City
Acazonica;1078;Mexico;Small City
Rancho Viejo;1078;Mexico;Small City
Cerro del Murcielago;1079;Mexico;Small City
Camarones;1079;Argentina;Small City
Zilacayotitlan;1079;Mexico;Small City
Agua Azul;1079;Honduras;Small City
Melchor Ocampo;1079;Mexico;Small City
Tierra Negra;1079;Mexico;Small City
San Juanico Sector Uno;1080;Mexico;Small City
Concentracion 5 de Febrero;1080;Mexico;Small City
San Jose las Chicharras;1080;Mexico;Small City
Palos Altos;1080;Mexico;Small City
Rojas de Cuauhtemoc;1080;Mexico;Small City
Ejido el Rosario;1080;Mexico;Small City
Quetzalapa;1080;Mexico;Small City
Los Hoyos;1080;Mexico;Small City
El Roble;1080;Mexico;Small City
Alcholoa;1081;Mexico;Small City
Felipe Carrillo Puerto;1081;Mexico;Small City
San Pedro Itztla;1081;Mexico;Small City
Agua Caliente;1081;Mexico;Small City
El Carmen;1081;Mexico;Small City
El Valle de La Union;1081;Panama;Small City
El Carrizal;1081;Mexico;Small City
Ejido San Cristobal;1081;Mexico;Small City
Motovatha;1081;Mexico;Small City
Don Samuel;1081;Mexico;Small City
Martinez;1081;Mexico;Small City
El Paraiso;1081;Mexico;Small City
Alto de La Estancia;1081;Panama;Small City
General Pascual Fentes;1082;Mexico;Small City
Arbolillo;1082;Mexico;Small City
El Guante;1082;Honduras;Small City
Santiago Tlacochcalco;1082;Mexico;Small City
San Benito Encinal;1082;Mexico;Small City
San Antonio Ocopetlatlan;1082;Mexico;Small City
Tequepexpan;1082;Mexico;Small City
Guadalupe Victoria;1082;Mexico;Small City
Metlac Hernandez (Metlac Primero);1082;Mexico;Small City
Dolores Hidalgo;1082;Mexico;Small City
El Metlapil;1082;Mexico;Small City
El Cortijo;1082;Mexico;Small City
Emiliano Zapata;1082;Mexico;Small City
San Vicente;1083;Mexico;Small City
Kancabchen;1083;Mexico;Small City
Guanajuatillo;1083;Mexico;Small City
El Paracho;1083;Mexico;Small City
Escamillas;1083;Mexico;Small City
La Estrella;1083;Mexico;Small City
El Plan;1083;Mexico;Small City
El Rodeo;1083;Argentina;Small City
Esfuerzos Unidos;1083;Mexico;Small City
Guatimape;1083;Mexico;Small City
Magdalena Ocotlan;1084;Mexico;Small City
Jonotla;1084;Mexico;Small City
La Loma Cuexcontitlan;1084;Mexico;Small City
Barrio de Guadalupe del Mezquitillo;1084;Mexico;Small City
San Jose de Las Conchas;1084;Honduras;Small City
Blanquillo;1084;Uruguay;Small City
Zotoluca;1084;Mexico;Small City
Jalapita;1085;Mexico;Small City
Estacion Rosales;1085;Mexico;Small City
Chicualoque;1085;Mexico;Small City
Tecolcuautla;1085;Mexico;Small City
Santa Rosa de Lima;1085;Mexico;Small City
El Penasco;1085;Mexico;Small City
Kilometro 40;1085;Mexico;Small City
La Reforma;1085;Mexico;Small City
Paxtle;1086;Mexico;Small City
San Cristobal Honduras;1086;Mexico;Small City
Tres Bocas 1ra. Seccion;1086;Mexico;Small City
La Zumbadora;1086;Honduras;Small City
Ciudad Guzman [CERESO];1086;Mexico;Small City
Tecama;1086;Mexico;Small City
Chunchintok;1086;Mexico;Small City
Monterrey;1086;Mexico;Small City
Lomas de Tlatelolco;1086;Mexico;Small City
Ceja de Bravo;1086;Mexico;Small City
X Cabil;1087;Mexico;Small City
San Felipe Tizapa;1087;Mexico;Small City
El Terrero;1087;Honduras;Small City
Colonia Fraccionamiento el Puente;1087;Mexico;Small City
Misija;1087;Mexico;Small City
Gargantillo;1087;Mexico;Small City
Paso de la Mina 3ra. Seccion;1087;Mexico;Small City
Celmira;1087;Panama;Small City
Rancho Viejo (Rancho Nuevo de la Democracia);1087;Mexico;Small City
Palmarejo;1087;Puerto Rico;Small City
Lomas de Romero;1087;Mexico;Small City
Monte Verde;1087;Mexico;Small City
San Jeronimo Axochitlan;1088;Mexico;Small City
Bochojbo Alto;1088;Mexico;Small City
San Jose de Guaymas;1088;Mexico;Small City
Carrillo;1088;Mexico;Small City
Gordon Town;1088;Jamaica;Small City
Independencia;1088;Mexico;Small City
San Jose Manzanitos;1088;Mexico;Small City
Sain Bajo;1088;Mexico;Small City
Chihuahua;1088;Mexico;Small City
El Fortin;1088;Mexico;Small City
Machetla;1089;Mexico;Small City
San Lorenzo;1089;Mexico;Small City
San Gregorio;1089;Mexico;Small City
La Corregidora;1089;Mexico;Small City
Villa Hidalgo;1089;Mexico;Small City
El Palmar;1089;Mexico;Small City
San Pedro Taviche;1089;Mexico;Small City
El Jicaral;1089;Mexico;Small City
Estapilla;1089;Mexico;Small City
Pastoria;1089;Mexico;Small City
San Juan Daxthi;1089;Mexico;Small City
Santa Cruz Ozolotepec;1090;Mexico;Small City
Bijagua;1090;Costa Rica;Small City
San Antonio Ocotlan;1090;Mexico;Small City
El Pueblito (Garbanzal);1090;Mexico;Small City
Paso Canoas Arriba;1090;Panama;Small City
Ojo de Agua de Mendoza;1090;Mexico;Small City
Bacoachi;1090;Mexico;Small City
Costa Azul;1090;Uruguay;Small City
Nargana;1090;Panama;Small City
El Nilo;1091;Mexico;Small City
Dos Bocas;1091;Mexico;Small City
El Arenal;1091;Mexico;Small City
Ejido San Diego;1091;Mexico;Small City
Techichili;1091;Mexico;Small City
San Jose del Potrero;1091;Honduras;Small City
Santa Maria Lachixio;1091;Mexico;Small City
Pena del Panal;1091;Mexico;Small City
Chunchucmil;1091;Mexico;Small City
La Boveda;1091;Mexico;Small City
Cerro Colorado de Ocampo;1091;Mexico;Small City
Pena Blanca;1092;Mexico;Small City
El Puerto;1092;Mexico;Small City
El Gallinero;1092;Mexico;Small City
Haro;1092;Mexico;Small City
Esperanza;1092;Puerto Rico;Small City
La Concepcion;1092;Mexico;Small City
El Socorro;1092;Honduras;Small City
Nopalera;1092;Mexico;Small City
Kilometro Noventa y Nueve;1092;Mexico;Small City
Palmillas;1092;Mexico;Small City
Nicolas Blanco (San Pancho);1092;Mexico;Small City
Agua Blanca;1092;Mexico;Small City
El Cabi;1093;Mexico;Small City
Vetagrande;1093;Mexico;Small City
Juan Sarabia;1093;Mexico;Small City
Atlahuilco;1093;Mexico;Small City
Cerro Grande;1093;Honduras;Small City
Las Canas;1093;Mexico;Small City
Santiago Jicayan;1093;Mexico;Small City
Reitoca;1094;Honduras;Small City
Bacerac;1094;Mexico;Small City
La Compania;1094;Mexico;Small City
Los Aguajes;1094;Mexico;Small City
Francisco Villa;1094;Mexico;Small City
Santa Bernardina;1094;Uruguay;Small City
Piedras Coloradas;1094;Uruguay;Small City
Cuautempan;1094;Mexico;Small City
Nueva Jalapa;1094;Honduras;Small City
El Progreso;1094;Mexico;Small City
Pozuelos;1094;Mexico;Small City
Guadalupe del Monte;1094;Mexico;Small City
Valdeflores;1094;Mexico;Small City
Loma Angosta;1094;Mexico;Small City
Huepalcalco (San Miguel);1094;Mexico;Small City
Nexpan;1095;Mexico;Small City
Los Liros;1095;Mexico;Small City
Tonalixco;1095;Mexico;Small City
Ahuehueyo Primero Centro;1095;Mexico;Small City
Macapule;1095;Mexico;Small City
Sucre;1095;Colombia;Small City
San Lorenzo;1095;Mexico;Small City
Barrancas y Amate 3ra. Seccion;1095;Mexico;Small City
Apatzingan;1096;Mexico;Small City
Sanalona;1096;Mexico;Small City
Tanetze de Zaragoza;1096;Mexico;Small City
Libertad Alvaro Obregon;1096;Mexico;Small City
San Jose de Miranda;1096;Colombia;Small City
Ahuaxintitla;1096;Mexico;Small City
Tecomatan;1096;Mexico;Small City
Jose Maria Morelos;1096;Mexico;Small City
Santa Maria Tepantlali;1096;Mexico;Small City
Loza de Barrera;1096;Mexico;Small City
Veinte de Noviembre (Santa Lucia);1097;Mexico;Small City
Sisoguichi;1097;Mexico;Small City
Venustiano Carranza (Pena Blanca);1097;Mexico;Small City
Oranjestad;1097;;Small City
Los Sauces;1097;Mexico;Small City
Agua del Espino;1097;Mexico;Small City
San Jose Tenango;1097;Mexico;Small City
Manto;1098;Honduras;Small City
Chichatla;1098;Mexico;Small City
San Lucas;1098;Mexico;Small City
Vallejo (Porvenir Vallejo);1098;Mexico;Small City
Barrancas;1098;Argentina;Small City
Zacate Colorado Segundo (Fraternidad);1099;Mexico;Small City
Topaipi;1099;Colombia;Small City
Cerritos de Cardenas;1099;Mexico;Small City
Santiago Choapam;1099;Mexico;Small City
San Jose Corral Blanco;1099;Mexico;Small City
Nicolas Bravo;1099;Mexico;Small City
La Union;1099;Mexico;Small City
Granada;1100;Colombia;Small City
Bella Italia;1100;Argentina;Small City
J. Jesus Gonzalez Ortega (San Mateo);1100;Mexico;Small City
Ampliacion Tezoyuca;1100;Mexico;Small City
La Loma;1100;Mexico;Small City
Acalco;1100;Mexico;Small City
Guadalupe Calderon;1100;Mexico;Small City
San Francisco Solis;1100;Mexico;Small City
Chiquinival;1101;Mexico;Small City
Las Compuertas;1101;Mexico;Small City
Miguel Hidalgo;1101;Mexico;Small City
El Rancho;1101;Honduras;Small City
El Chocolate;1101;Mexico;Small City
El Benque;1101;Honduras;Small City
Boca del Monte;1101;Mexico;Small City
La Florida;1101;Mexico;Small City
Santiago Centro;1101;Mexico;Small City
Castamay;1101;Mexico;Small City
Valle de Angeles;1101;Honduras;Small City
Jauja;1101;Mexico;Small City
La Higuerilla (Los Lirios);1102;Mexico;Small City
Carbajales;1102;Honduras;Small City
Mesa del Huracan;1102;Mexico;Small City
Colonia Morelos;1102;Mexico;Small City
Santa Cruz;1102;Mexico;Small City
Concepcion Caro;1102;Mexico;Small City
Urique;1102;Mexico;Small City
Potrerillos;1102;Honduras;Small City
San Antonio el Llanito;1102;Mexico;Small City
Coyolito;1103;Mexico;Small City
Paseos del Valle [Fraccionamiento];1103;Mexico;Small City
Prieta;1103;Honduras;Small City
San Cristobal;1103;Mexico;Small City
Jolsibaquil;1103;Mexico;Small City
Constitucion;1103;Mexico;Small City
Residencial Arboledas;1103;Mexico;Small City
Tlacoatzintepec;1103;Mexico;Small City
La Pedrera;1104;Mexico;Small City
San Baltazar Atlimeyaya;1104;Mexico;Small City
Santa Maria Zapotitlan;1104;Mexico;Small City
Bella Vista;1104;Panama;Small City
Santa Maria Xigui;1104;Mexico;Small City
Aguas del Padre;1104;Honduras;Small City
Ocotequila;1104;Mexico;Small City
Palmillas;1104;Mexico;Small City
Los Corazones;1104;Mexico;Small City
El Salitre;1104;Mexico;Small City
Dios Padre;1104;Mexico;Small City
Colonia San Bartolome;1104;Argentina;Small City
General Alatriste (San Joaquin);1104;Mexico;Small City
Bellas Fuentes;1104;Mexico;Small City
Belisario Dominguez;1105;Mexico;Small City
Gregorio Mendez;1105;Mexico;Small City
Vicente Guerrero (San Javier);1105;Mexico;Small City
Mora Villalobos;1105;Mexico;Small City
Yaruchel;1105;Honduras;Small City
Xococapa;1105;Mexico;Small City
Los Reyes Acatlixhuayan;1105;Mexico;Small City
Fraccionamiento Privadas del Sol;1105;Mexico;Small City
La Enea;1105;Panama;Small City
Pueblo Viejo;1105;Mexico;Small City
Tzinil;1106;Mexico;Small City
San Luis de Agua Caliente;1106;Mexico;Small City
Tierra Colorada;1106;Mexico;Small City
San Miguel la Sardina;1106;Mexico;Small City
El Fresno;1107;Mexico;Small City
Luis Espinoza;1107;Mexico;Small City
Santiago;1107;Mexico;Small City
Jose Narciso Rovirosa;1107;Mexico;Small City
Dolores;1107;Honduras;Small City
Ojo de Agua;1107;Mexico;Small City
Quamila;1107;Mexico;Small City
Arvenza Uno;1107;Mexico;Small City
Colonia 3 de Mayo;1107;Mexico;Small City
San Jose de la Paz;1107;Mexico;Small City
Jamalteca;1107;Honduras;Small City
La Soledad;1107;Mexico;Small City
San Miguel Aguacomulican;1107;Mexico;Small City
Coixtlahuaca;1107;Mexico;Small City
La Floresta;1107;Uruguay;Small City
Cuauhtamazaco;1107;Mexico;Small City
Coyomeapan;1108;Mexico;Small City
Chaguani;1108;Colombia;Small City
Zapote de Palomas;1108;Mexico;Small City
Los Conos;1108;Mexico;Small City
Lo de Jesus (Campo Romero);1108;Mexico;Small City
Bufalo;1108;Puerto Rico;Small City
Llano de Agua;1108;Mexico;Small City
Yaganiza;1108;Mexico;Small City
Alista;1108;Mexico;Small City
Sierra Papacal;1108;Mexico;Small City
Pueblo Nuevo;1109;Panama;Small City
El Paraiso (La Charca);1109;Mexico;Small City
Zelocotitlan;1109;Mexico;Small City
Sabanas de Xalostoc;1109;Mexico;Small City
San Jose Yashitinin;1109;Mexico;Small City
Alberto Carrera Torres;1109;Mexico;Small City
Tenampulco;1109;Mexico;Small City
Texcatitlan;1110;Mexico;Small City
Rincon de Barrabas;1110;Mexico;Small City
Yecapixteca;1110;Mexico;Small City
Los Anastacios;1110;Panama;Small City
Santiago Huaxolotipac;1110;Mexico;Small City
Los Pozos;1110;Mexico;Small City
La Trinidad;1110;Mexico;Small City
Xul;1110;Mexico;Small City
Tazaquil;1110;Mexico;Small City
Yerbabuena;1110;Mexico;Small City
San Luis de Planes;1111;Honduras;Small City
Barra de Cazones;1111;Mexico;Small City
Santa Catarina;1111;Mexico;Small City
La Esmeralda;1111;Mexico;Small City
Santa Maria;1111;Mexico;Small City
Dieciocho de Marzo;1111;Mexico;Small City
Paso Morelos;1111;Mexico;Small City
Ejidal;1111;Mexico;Small City
Santiaguito (Santiaguito de Velazquez);1111;Mexico;Small City
Silca;1112;Honduras;Small City
Trapiche Viejo;1112;Mexico;Small City
Siogui Arriba;1112;Panama;Small City
Jomanichim;1112;Mexico;Small City
Ortiz;1112;Mexico;Small City
La Entrada;1112;Dominican Republic;Small City
La Laguna;1112;Mexico;Small City
Ocotlamanic;1112;Mexico;Small City
Chapallal Grande;1112;Mexico;Small City
Jitonhueca;1112;Mexico;Small City
El Salitre;1113;Mexico;Small City
Miguel Utrilla (Los Chorros);1113;Mexico;Small City
La Palma;1113;Mexico;Small City
Ojo de Agua de Moran;1113;Mexico;Small City
San Jose del Rodeo;1113;Mexico;Small City
San Antonio Arrazola;1113;Mexico;Small City
El Varal;1113;Mexico;Small City
San Marcos Eloxochitlan;1113;Mexico;Small City
Chinavita;1113;Colombia;Small City
El Espino de Santa Rosa;1113;Panama;Small City
El Bellote (Miguel de la Madrid);1113;Mexico;Small City
De Parral;1114;Mexico;Small City
Texcatepec;1114;Mexico;Small City
Fraccionamiento Villas de Guanajuato;1114;Mexico;Small City
Pathe;1114;Mexico;Small City
Jaltiche de Arriba;1114;Mexico;Small City
Barrio el Boncho;1114;Mexico;Small City
Apapataro;1114;Mexico;Small City
Piedra Labrada;1115;Mexico;Small City
Quezailica;1115;Honduras;Small City
Santa Fe y la Mar;1115;Mexico;Small City
Zapotanito;1116;Mexico;Small City
Ojite Rancho Nuevo;1116;Mexico;Small City
Las Mieleras;1116;Mexico;Small City
Nueva Palestina;1116;Mexico;Small City
Los Benitos;1116;Mexico;Small City
San Carlos;1116;Mexico;Small City
Calzada del Tepozan;1116;Mexico;Small City
Molino de Camou;1116;Mexico;Small City
Las Trancas;1116;Mexico;Small City
San Felipe Sultepec;1117;Mexico;Small City
San Miguel del Milagro;1117;Mexico;Small City
Las Animas;1117;Honduras;Small City
Barranca de Otates (Barranca de Otatan);1117;Mexico;Small City
Elias;1117;Colombia;Small City
Teguajinal;1117;Honduras;Small City
La Planada (El Arenal);1117;Mexico;Small City
Nogales;1117;Mexico;Small City
Santa Cruz;1118;Mexico;Small City
Santo Tomas Jalieza;1118;Mexico;Small City
San Antonio de los Tepetates;1118;Mexico;Small City
Santa Teresa;1118;Mexico;Small City
Pampanal de Bolivar;1118;Ecuador;Small City
Colonia Padre Hidalgo;1118;Mexico;Small City
Los Divorciados;1118;Mexico;Small City
El Recreo;1118;Mexico;Small City
San Felix Rijo;1118;Mexico;Small City
San Juan Jaltepec;1118;Mexico;Small City
Charapendo;1118;Mexico;Small City
San Felipe Tilpam;1118;Mexico;Small City
Ojo de Agua;1119;Mexico;Small City
Jiquilpan (Estacion Bonanza);1119;Mexico;Small City
Zoyatlan;1119;Mexico;Small City
San Pedro Denxhi Centro;1119;Mexico;Small City
Rancho Viejo;1119;Mexico;Small City
Moore Town;1119;Jamaica;Small City
Valle de Juarez;1119;Mexico;Small City
Celayita;1119;Mexico;Small City
Nexticapan;1119;Mexico;Small City
Nuevo Naranjo;1119;Mexico;Small City
Palmar Grande;1120;Mexico;Small City
Encinal Colorado;1120;Mexico;Small City
Mesillas;1120;Mexico;Small City
El Ejido;1120;Panama;Small City
Lacapan Camallagne;1120;Mexico;Small City
San Carlos;1120;Mexico;Small City
Tierras Coloradas (San Pedro);1120;Mexico;Small City
Emiliano Zapata (Casahuates);1120;Mexico;Small City
San Andres Chicahuaxtla;1120;Mexico;Small City
Los Arquitos;1120;Mexico;Small City
El Blanco;1120;Mexico;Small City
San Marcos de la Cruz;1121;Mexico;Small City
Doxteje Centro;1121;Mexico;Small City
Progreso;1121;Mexico;Small City
Tentic;1121;Mexico;Small City
General Lauro G. Caloca (El Rascon);1121;Mexico;Small City
El Tablon;1121;Honduras;Small City
Seccion del Cerrito;1121;Mexico;Small City
Jose Esteban Coronado;1121;Mexico;Small City
Tulillos de Abajo;1121;Mexico;Small City
Piedras de Lumbre;1121;Mexico;Small City
Lamboglia;1121;Puerto Rico;Small City
La Pendencia;1121;Mexico;Small City
Doxteje Centro;1121;Mexico;Small City
El Bajio;1122;Mexico;Small City
Tzicatlan;1122;Mexico;Small City
Galan;1122;Colombia;Small City
Tupambae;1122;Uruguay;Small City
Ahuexotitlan;1122;Mexico;Small City
Cerro Quemado;1122;Mexico;Small City
San Pedro Coyutla;1123;Mexico;Small City
Ejido la Pina (Maromilla);1123;Mexico;Small City
Patambo;1123;Mexico;Small City
Canton Rancho Nuevo;1123;Mexico;Small City
Taretan;1123;Mexico;Small City
Santa Cruz Otlatla;1123;Mexico;Small City
Ejido Zaragoza;1123;Mexico;Small City
Agua Senora;1123;Mexico;Small City
El Lindero;1123;Mexico;Small City
Estacion la Piedad;1123;Mexico;Small City
Hampolol;1123;Mexico;Small City
Atzala;1123;Mexico;Small City
Medias Aguas;1123;Mexico;Small City
Teocalco;1123;Mexico;Small City
Villa Soriano;1124;Uruguay;Small City
Maxtleca de Galeana;1124;Mexico;Small City
Santiago Oxthoc;1124;Mexico;Small City
Octavio Paz;1124;Mexico;Small City
Carmen Yalchuch;1124;Mexico;Small City
Zihuateutla;1124;Mexico;Small City
Sinapan;1125;Mexico;Small City
Rio Verde;1125;Mexico;Small City
Las Cuevas;1125;Mexico;Small City
Valle de Vazquez;1125;Mexico;Small City
Caxitepec;1125;Mexico;Small City
Zapote de Cestao;1125;Mexico;Small City
San Francisco de Tacuichamona;1125;Mexico;Small City
Zapotan;1125;Mexico;Small City
Temango;1125;Mexico;Small City
Betania;1125;Mexico;Small City
Santa Catarina Otzolotepec;1126;Mexico;Small City
San Jose;1126;Mexico;Small City
Alvaro Obregon;1126;Mexico;Small City
Chulum Cardenas;1126;Mexico;Small City
Melchor Ocampo;1126;Mexico;Small City
Ameluca;1126;Mexico;Small City
San Isidro;1126;Mexico;Small City
Santa Ana;1126;Mexico;Small City
San Nicolas el Chico;1126;Mexico;Small City
Ignacio Zaragoza;1127;Mexico;Small City
Zamora;1127;Mexico;Small City
El Palmar Grande;1127;Mexico;Small City
Kinil;1127;Mexico;Small City
Aldea San Antonio;1127;Argentina;Small City
Santa Cruz Acatepec;1127;Mexico;Small City
La Concepcion (La Concha);1127;Mexico;Small City
Floresta;1127;Colombia;Small City
General Juan Jose Baz (San Jose del Corral);1127;Mexico;Small City
Montana Monarca (Punta Altozano);1128;Mexico;Small City
San Antonio la Labor;1128;Mexico;Small City
Los Garcias;1129;Mexico;Small City
El Cano;1129;Panama;Small City
Huejotitan;1129;Mexico;Small City
San Jose Cuyachapa;1129;Mexico;Small City
Las Pilas;1129;Mexico;Small City
Cuapaxtitla;1129;Mexico;Small City
La Albarrada (San Francisco la Albarrada);1129;Mexico;Small City
San Antonio Tariacuri;1129;Mexico;Small City
Coatepec Costales;1130;Mexico;Small City
Estacion Tamuin;1130;Mexico;Small City
Barrio de Boyecha;1130;Mexico;Small City
Nuevo Xcan;1130;Mexico;Small City
El Cuitzillo Grande;1130;Mexico;Small City
San Joaquin;1130;Honduras;Small City
Abelardo L. Rodriguez;1130;Mexico;Small City
San Vicente Palapa;1130;Mexico;Small City
Quebrada;1130;Puerto Rico;Small City
Turuachi;1131;Mexico;Small City
Cerrito de Jaral;1131;Mexico;Small City
Tenjay;1131;Mexico;Small City
Laguna Seca;1131;Honduras;Small City
Laborie;1131;Saint Lucia;Small City
Honey;1131;Mexico;Small City
La Guadalupana;1131;Mexico;Small City
Buenos Aires;1131;Honduras;Small City
Paseos de la Pradera;1131;Mexico;Small City
San Simon;1131;Mexico;Small City
Omoa;1131;Mexico;Small City
San Isidro de Gamboa;1131;Mexico;Small City
Cinco de Febrero;1131;Mexico;Small City
Xiloxochico de Rafael Avila Camacho;1131;Mexico;Small City
Congregacion Reforma;1132;Mexico;Small City
La Unidad Huitzizilapan;1132;Mexico;Small City
Parcelas Penuelas;1132;Puerto Rico;Small City
Los Naranjos;1132;Mexico;Small City
Francisco Ibarra Ramos;1132;Mexico;Small City
San Andres;1132;Mexico;Small City
Concepcion;1133;Mexico;Small City
El Copal;1133;Mexico;Small City
Rafael Pascacio Gamboa;1133;Mexico;Small City
Colonia la Central;1133;Mexico;Small City
Los Alamos;1133;Mexico;Small City
Peralta;1134;Mexico;Small City
La Concepcion;1134;Mexico;Small City
Salitrillo;1134;Mexico;Small City
San Jose Piedras Negras;1135;Mexico;Small City
La Paz;1135;Colombia;Small City
Las Golondrinas [Fraccionamiento];1135;Mexico;Small City
Aquiles Serdan;1135;Mexico;Small City
Martires;1135;Argentina;Small City
Loma de Guamuchil;1135;Mexico;Small City
Xochitepec;1135;Mexico;Small City
El Palmarcito;1135;Mexico;Small City
Pueblo Centenario;1136;Uruguay;Small City
Aurora Ermita;1136;Mexico;Small City
Santos Reyes Tepejillo;1136;Mexico;Small City
Los Naranjos Esquipulas;1136;Mexico;Small City
Puerta del Monte;1136;Mexico;Small City
Cantinela;1136;Mexico;Small City
Otates;1136;Mexico;Small City
Coyahualco;1136;Mexico;Small City
Santa Elena;1137;Paraguay;Small City
San Miguel Figueroa;1137;Mexico;Small City
Arroyo Palenque;1137;Mexico;Small City
El Progreso;1137;Mexico;Small City
Ixcatla;1137;Mexico;Small City
Citala;1137;Mexico;Small City
San Jose del Caliche (El Caliche);1138;Mexico;Small City
Colonia Rincon Villa del Valle;1138;Mexico;Small City
Colonia La Tordilla;1138;Argentina;Small City
Santa Clara;1138;Puerto Rico;Small City
Viborillas;1138;Mexico;Small City
Laguneta;1139;Mexico;Small City
Guataqui;1139;Colombia;Small City
Ahuacatlan;1139;Mexico;Small City
Pechucalco;1139;Mexico;Small City
Italo;1139;Argentina;Small City
La Bueso;1139;Honduras;Small City
Dotegiare;1139;Mexico;Small City
Guadalupe de Lerma;1140;Mexico;Small City
Chimalpa Viejo;1140;Mexico;Small City
San Ignacio;1140;Mexico;Small City
Las Tejeras;1140;Honduras;Small City
Fulgencio Yegros;1140;Paraguay;Small City
La Cesira;1140;Argentina;Small City
Chachahuantla;1140;Mexico;Small City
Pastelera;1140;Mexico;Small City
San Diego de Alcala;1140;Mexico;Small City
Cabuyaro;1140;Colombia;Small City
Estacion de San Francisco;1140;Mexico;Small City
La Parguera;1141;Puerto Rico;Small City
Zacatal;1141;Mexico;Small City
Palizada;1141;Mexico;Small City
El Perico;1141;Honduras;Small City
El Mango;1141;Mexico;Small City
San Martin Pachivia (Pachivia);1141;Mexico;Small City
Los Sauces;1141;Mexico;Small City
El Triunfo 1ra. Seccion (Cardona);1141;Mexico;Small City
Congregacion Calles;1142;Mexico;Small City
El Consuelo;1142;Mexico;Small City
Cajonos;1142;Mexico;Small City
Constitucion;1142;Mexico;Small City
Macvilho;1142;Mexico;Small City
Santa Rosa Abata;1142;Mexico;Small City
Churuquita Chiquita;1142;Panama;Small City
Villa Elisa;1143;Dominican Republic;Small City
Sierra de Agua;1143;Mexico;Small City
Guandaro;1143;Mexico;Small City
Jamaica;1143;Mexico;Small City
Jose Maria Morelos y Pavon;1143;Mexico;Small City
Curimeo;1143;Mexico;Small City
Chimhucum;1143;Mexico;Small City
San Lorenzo Itzicuaro;1143;Mexico;Small City
Maripi;1143;Colombia;Small City
Los Hucuares;1144;Mexico;Small City
La Palma;1144;Panama;Small City
Colonia Morelos de Guadalupe de Rivera;1144;Mexico;Small City
Los Angeles;1144;Mexico;Small City
Granados;1144;Mexico;Small City
Santa Barbara;1144;Mexico;Small City
La Soledad;1144;Mexico;Small City
Zumpango;1144;Mexico;Small City
El Habal;1144;Mexico;Small City
Colonia el Pirame;1144;Mexico;Small City
Coyoles Central;1144;Honduras;Small City
Nigromante;1144;Mexico;Small City
San Juan Tezongo;1144;Mexico;Small City
Palmira;1144;Panama;Small City
Dolores;1144;Mexico;Small City
Ocampo;1145;Mexico;Small City
Barrio de San Miguel;1145;Mexico;Small City
El Chimbo;1145;Honduras;Small City
El Barrido;1145;Mexico;Small City
Sumidero;1145;Puerto Rico;Small City
Casa de Cerros;1145;Mexico;Small City
San Miguel el Grande;1145;Mexico;Small City
Saladero;1145;Mexico;Small City
Colinas del Sol;1145;Mexico;Small City
San German;1146;Mexico;Small City
Los Caminos;1146;Honduras;Small City
Etucuaro;1146;Mexico;Small City
Paraje Montero (Paraje Montero de Zaragoza);1146;Mexico;Small City
Ex-Hacienda de Guadalupe;1146;Mexico;Small City
Ojos de Agua;1146;Honduras;Small City
Loma Bonita;1146;Mexico;Small City
Saltillo;1146;Mexico;Small City
Maria Chiquita;1146;Panama;Small City
Mezquital del Oro;1147;Mexico;Small City
La Competencia;1147;Mexico;Small City
Guadalupe Victoria;1147;Mexico;Small City
El Ojuelo;1147;Mexico;Small City
Las Mercedes [Agropecuaria];1147;Mexico;Small City
El Huajote;1147;Mexico;Small City
El Rincon de los Perales;1147;Mexico;Small City
Santa Ana Coatepec;1147;Mexico;Small City
La Guadalupe;1147;Mexico;Small City
La Presita;1147;Mexico;Small City
Pueblo Nuevo;1147;Mexico;Small City
San Cristobal Chacon;1147;Mexico;Small City
San Gabriel y San Ignacio;1147;Mexico;Small City
Reforma;1148;Mexico;Small City
Aztlan;1148;Mexico;Small City
El Ahuacate;1148;Mexico;Small City
Chipahuatlan;1148;Mexico;Small City
Rio Seco 2da. Seccion (Santiaguito);1148;Mexico;Small City
Acahuizotla;1148;Mexico;Small City
Tijeras;1148;Panama;Small City
Yutanduchi de Guerrero;1148;Mexico;Small City
Pueblo Sequeira;1149;Uruguay;Small City
La Guadalupe;1149;Mexico;Small City
San Jose del Torreon;1149;Mexico;Small City
Ahuehuepan;1149;Mexico;Small City
Alaquines;1149;Mexico;Small City
La Isla (Kilometro 10);1149;Mexico;Small City
San Agustin de las Flores;1149;Mexico;Small City
Mesa Grande;1149;Mexico;Small City
Yaxcopoil;1149;Mexico;Small City
San Martin Esperilla;1149;Mexico;Small City
Agua Zarca;1149;Mexico;Small City
Tallaboa;1150;Puerto Rico;Small City
Cavanagh;1150;Argentina;Small City
La Tiza;1150;Panama;Small City
La Laja;1150;Mexico;Small City
Colonia Independencia;1150;Mexico;Small City
Ventoquipa;1150;Mexico;Small City
Fraccionamiento los Alamos;1150;Mexico;Small City
El Pueblito;1150;Mexico;Small City
Los Canos;1150;Mexico;Small City
Camasca;1150;Honduras;Small City
Jerusalen;1151;Mexico;Small City
Jicarero;1151;Mexico;Small City
Las Coloradas;1151;Mexico;Small City
El Anono;1151;Mexico;Small City
Estrella de Belen;1151;Mexico;Small City
Gambino;1151;Mexico;Small City
Lazaro Cardenas;1151;Mexico;Small City
San Andres de las Peras;1151;Mexico;Small City
San Antonio;1151;Honduras;Small City
Mata de Platano;1151;Honduras;Small City
San Marcos;1151;Mexico;Small City
Palo Seco;1152;Puerto Rico;Small City
Loma Tendida;1152;Mexico;Small City
Jagueey Blanco;1152;Mexico;Small City
Pueblo Viejo;1152;Mexico;Small City
Jaboncillo;1152;Mexico;Small City
Polutla;1152;Mexico;Small City
Garruchos;1152;Argentina;Small City
Fraccionamiento Colinas Universidad;1152;Mexico;Small City
San Isidro;1152;Mexico;Small City
San Pedro;1152;Mexico;Small City
San Andres;1152;Panama;Small City
Jutiapa;1153;Honduras;Small City
Cerro Cora;1153;Argentina;Small City
Benito Juarez;1153;Mexico;Small City
Cuexpala;1153;Mexico;Small City
Efrain A. Gutierrez;1153;Mexico;Small City
Boshindo;1153;Mexico;Small City
Villa Morelos;1153;Mexico;Small City
Guadalupe Victoria;1153;Mexico;Small City
Colonia de Guadalupe;1153;Mexico;Small City
Felipe Carrillo Puerto;1154;Mexico;Small City
Landero y Coss;1154;Mexico;Small City
Paso Canoa;1155;Mexico;Small City
Juncal;1155;Puerto Rico;Small City
El Aguila;1155;Mexico;Small City
El Carmen;1156;Mexico;Small City
Morelia (Victorico Rodolfo Grajales);1156;Mexico;Small City
Santa Isabel;1156;Mexico;Small City
Xayacatlan de Bravo;1156;Mexico;Small City
Boquiapa;1156;Mexico;Small City
San Agustin del Palmar;1156;Mexico;Small City
Union de Corrientes;1156;Mexico;Small City
Reforma y Planada;1156;Mexico;Small City
El Canario;1157;Mexico;Small City
San Francisco de Borja;1157;Mexico;Small City
San Francisco de Arriba;1157;Mexico;Small City
El Cortezo;1157;Panama;Small City
San Miguel Amazcala;1157;Mexico;Small City
El Ambar;1157;Mexico;Small City
El Arenal;1157;Mexico;Small City
Tepexititla;1157;Mexico;Small City
Fraccionamiento Paraiso Real;1157;Mexico;Small City
Hermenegildo Galeana;1158;Mexico;Small City
Nuevo Cereso Regional de Altamira;1158;Mexico;Small City
San Esteban de Abajo;1158;Mexico;Small City
El Carmen;1158;Mexico;Small City
Pachiquita;1158;Mexico;Small City
Santa Ana de Guerrero (El Cascabel);1158;Mexico;Small City
Octeyuco Dos Mil;1158;Mexico;Small City
Arena 6ta. Seccion (La Bolsa);1158;Mexico;Small City
La Monja;1159;Mexico;Small City
Porvenir;1159;Uruguay;Small City
Zolonquiapa;1159;Mexico;Small City
Tierra Nueva;1159;Mexico;Small City
Arauli;1160;Honduras;Small City
Pochalcatl;1160;Mexico;Small City
General Juan Jose Rios;1160;Mexico;Small City
Ansihuacuaro;1160;Mexico;Small City
La Palma;1160;Mexico;Small City
Jimenez;1160;Mexico;Small City
Villa Tulumba;1161;Argentina;Small City
Los Achotes;1161;Mexico;Small City
Soledad Nueva;1161;Mexico;Small City
Colombia de Guadalupe;1161;Mexico;Small City
Ignacio Zaragoza;1161;Mexico;Small City
El Tequesquite;1161;Mexico;Small City
Barra de Tecoanapa;1162;Mexico;Small City
Nuevo Volcan Chichonal;1162;Mexico;Small City
La Victoria;1162;Mexico;Small City
Teofani;1162;Mexico;Small City
San Juan Texcalpan;1162;Mexico;Small City
Etchoropo;1162;Mexico;Small City
San Francisco Javier;1162;Mexico;Small City
Correderos;1162;Honduras;Small City
Matacapan;1162;Mexico;Small City
Tincontlan;1162;Mexico;Small City
Rincon del Porvenir;1162;Mexico;Small City
El Escribano;1162;Mexico;Small City
Zaragoza;1163;Mexico;Small City
Guillermo Prieto;1163;Mexico;Small City
San Jose Chalmita;1163;Mexico;Small City
San Jeronimo Xayacatlan;1163;Mexico;Small City
Ignacio Bastida (Santa Catarina Tlayca);1164;Mexico;Small City
Rancho Nuevo;1164;Mexico;Small City
El Saneal;1164;Mexico;Small City
Duyure;1164;Honduras;Small City
San Pedro de Ibarra;1164;Mexico;Small City
Huapacal 1ra. Seccion;1164;Mexico;Small City
Santiago Ixtaltepec;1164;Mexico;Small City
Colonia Miguel Hidalgo;1164;Mexico;Small City
Las Ollas;1165;Mexico;Small City
Paredon;1165;Mexico;Small City
Tierra Blanca;1165;Mexico;Small City
Bienvenido;1165;Mexico;Small City
La Pinta;1165;Mexico;Small City
San Jose de las Flores;1166;Mexico;Small City
Sauz de Calera;1166;Mexico;Small City
El Ocotal;1166;Mexico;Small City
Nicolas Bravo;1166;Mexico;Small City
Herlitzka;1166;Argentina;Small City
Trincheras;1166;Mexico;Small City
Coba;1167;Mexico;Small City
Ayahualulco;1167;Mexico;Small City
Laguna Larga;1167;Mexico;Small City
Colonia Francisco Javier Mina;1167;Mexico;Small City
La Palmita (La Palmita de San Gabriel);1167;Mexico;Small City
Las Sabinas;1167;Mexico;Small City
Cupuan del Rio;1167;Mexico;Small City
Cotaxtla;1167;Mexico;Small City
Tlaltenanguito;1168;Mexico;Small City
Soyata;1168;Mexico;Small City
Colonia el Mirador;1168;Mexico;Small City
Los Ramones;1169;Mexico;Small City
Palmarejo;1169;Puerto Rico;Small City
San Miguel Peras;1169;Mexico;Small City
Yetlancingo;1169;Mexico;Small City
Cerro Blanco;1169;Honduras;Small City
San Francisco la Union;1170;Guatemala;Small City
Progreso (Campo 47);1170;Mexico;Small City
Pedro Santana;1170;Dominican Republic;Small City
Piquillin;1170;Argentina;Small City
Tepetzintla;1170;Mexico;Small City
El Durazno;1170;Mexico;Small City
Valle de Risco;1171;Panama;Small City
San Isidro;1171;Mexico;Small City
Bariometo;1171;Mexico;Small City
Barrio Nuevo de los Muertos;1171;Mexico;Small City
Santa Maria Acatepec;1171;Mexico;Small City
La Espigadilla;1172;Panama;Small City
Arroyo Grande;1172;Mexico;Small City
Buenavista Tetela;1172;Mexico;Small City
San Jose de Rancho Nuevo (Los Arrieros);1172;Mexico;Small City
Lazaro Cardenas;1172;Mexico;Small City
Delgado de Abajo;1172;Mexico;Small City
El Obraje;1172;Honduras;Small City
Maricao;1172;Puerto Rico;Small City
El Pedregal;1172;Mexico;Small City
Bacubirito;1172;Mexico;Small City
El Tequesquite;1172;Mexico;Small City
Palo Colorado;1172;Mexico;Small City
Cienega;1172;Colombia;Small City
La Esperanza [Granjas Familiares];1173;Mexico;Small City
Bautista Chico;1173;Mexico;Small City
San Lorenzo;1173;Mexico;Small City
Ochusjob;1173;Mexico;Small City
Santiago Malacatepec;1173;Mexico;Small City
Profresor Roberto Barrios;1173;Mexico;Small City
Providencia;1173;Mexico;Small City
San Sebastian de Las Barrancas Sur;1173;Mexico;Small City
San Juan Jaripeo;1173;Mexico;Small City
Chilcuautla;1174;Mexico;Small City
Los Barriles;1174;Mexico;Small City
La Presa;1174;Mexico;Small City
El Llano del Compromiso;1174;Mexico;Small City
Los Arcos;1174;Mexico;Small City
La Cantera;1174;Mexico;Small City
Ejido General Leandro Valle;1174;Mexico;Small City
Santa Isabel;1174;Mexico;Small City
Arroyo Zapotillo;1174;Mexico;Small City
Santa Cruz;1174;Honduras;Small City
Tenexio;1174;Mexico;Small City
Oxcum;1175;Mexico;Small City
Arthur's Town;1175;Bahamas;Small City
Ignacio Allende (Concepcion);1175;Mexico;Small City
Santa Maria Velato;1175;Mexico;Small City
San Benito;1175;Mexico;Small City
Barrio de San Isidro;1176;Mexico;Small City
Tepetitla;1176;Mexico;Small City
El Cope;1176;Panama;Small City
Cuesta Amarilla;1176;Mexico;Small City
Romero de Guzman;1177;Mexico;Small City
Barranca de Upia;1177;Colombia;Small City
Dieciseis de Septiembre;1177;Mexico;Small City
Hornitos;1177;Mexico;Small City
El Cuenqueno;1177;Mexico;Small City
El Vergel;1177;Mexico;Small City
San Juan del Rio;1177;Mexico;Small City
Monclova Segundo Sector;1177;Mexico;Small City
Lazaro Cardenas (Chilil);1177;Mexico;Small City
Occidente 4ta. Seccion;1178;Mexico;Small City
Santo Domingo Shomege (Shomege);1178;Mexico;Small City
Manlio Fabio Altamirano;1178;Mexico;Small City
Santa Rita;1178;Mexico;Small City
Colonia Guadalupe;1178;Mexico;Small City
San Ildefonso;1178;Mexico;Small City
La Independencia (Las Pilas);1178;Mexico;Small City
Camelia (Barrio la Camelia);1178;Mexico;Small City
Miguel Hidalgo;1178;Mexico;Small City
Xolostitla de Morelos (Xolostitla);1179;Mexico;Small City
Suc-Tuc;1179;Mexico;Small City
Romero de Torres;1179;Mexico;Small City
Murra;1179;Nicaragua;Small City
Pechucalco 2da. Seccion (Las Cruces);1180;Mexico;Small City
Donaciano Ojeda;1180;Mexico;Small City
Sibilia;1180;Guatemala;Small City
Magdalena Tlacotepec;1180;Mexico;Small City
San Gregorio;1180;Mexico;Small City
Hool;1181;Mexico;Small City
Alpatlahuac;1181;Mexico;Small City
Tres Esquinas;1181;Colombia;Small City
Nueva Libertad (El Colorado);1182;Mexico;Small City
San Antonio Nixini;1182;Mexico;Small City
Colonia Jordan;1182;Mexico;Small City
San Clemente;1182;Mexico;Small City
Potrerillos Abajo;1182;Panama;Small City
El Colegio;1182;Mexico;Small City
Jose Maria Morelos;1182;Mexico;Small City
Nuevo San Jose Independencia;1183;Mexico;Small City
Chichicapa;1183;Mexico;Small City
La Fe;1183;Mexico;Small City
Nanacatlan;1183;Mexico;Small City
Monte Redondo;1183;Mexico;Small City
Canada;1183;Mexico;Small City
Tulimanca;1183;Mexico;Small City
Pueblo Hidalgo;1183;Mexico;Small City
Nicolas Bravo;1184;Mexico;Small City
Las Liebres;1184;Mexico;Small City
Fond Bassin Bleu;1184;Haiti;Small City
Piedras Negras;1184;Mexico;Small City
El Llano;1184;Mexico;Small City
El Escanito;1184;Honduras;Small City
Tepetlacolco;1184;Mexico;Small City
Frias;1184;Mexico;Small City
Tzicatlacoyan;1185;Mexico;Small City
Ojo de Agua;1185;Mexico;Small City
Marroquin;1185;Mexico;Small City
Rio Canas Abajo;1185;Puerto Rico;Small City
Boquilla de Babisas (La Boquilla de Conchos);1185;Mexico;Small City
Colonia Constitucion;1185;Mexico;Small City
Paso Nacional;1185;Mexico;Small City
San Martin;1185;Mexico;Small City
Lazaro Cardenas;1186;Mexico;Small City
Marcol;1186;Mexico;Small City
El Cazadero;1186;Mexico;Small City
El Veladero;1186;Mexico;Small City
Dorp Tera Kora;1186;;Small City
Santiago Mexquititlan Barrio 4to.;1186;Mexico;Small City
Huitzila;1186;Mexico;Small City
El Molino;1186;Mexico;Small City
Noria del Borrego (Norias);1186;Mexico;Small City
San Angel;1186;Mexico;Small City
El Llanito;1186;Mexico;Small City
Euan;1186;Mexico;Small City
Malinaltepec;1187;Mexico;Small City
San Luis de Lozada;1187;Mexico;Small City
Punta Pena;1187;Panama;Small City
Yamaranguila;1187;Honduras;Small City
Pemucho;1187;Mexico;Small City
Ococh;1187;Mexico;Small City
Punta Piedra;1188;Honduras;Small City
Garachine;1188;Panama;Small City
San Jose de Duran (Los Troncoso);1188;Mexico;Small City
Tlaxocoyucan;1188;Mexico;Small City
Alfonso Garzon [Granjas Familiares];1188;Mexico;Small City
Huitzilac;1188;Mexico;Small City
Guadalupe Texcalac;1188;Mexico;Small City
Estacion Camacho;1189;Mexico;Small City
El Vicarlo;1189;Mexico;Small City
Paso de Pirules;1189;Mexico;Small City
El Tule;1189;Mexico;Small City
Xhitey;1189;Mexico;Small City
Las Lomas;1189;Mexico;Small City
Tacuba Nueva;1189;Mexico;Small City
Calido;1189;Mexico;Small City
Los Idolos;1189;Mexico;Small City
El Silencio;1190;Mexico;Small City
El Mollejon;1190;Mexico;Small City
El Carmen Ocotepec;1190;Mexico;Small City
Cieneguilla;1190;Mexico;Small City
Santa Cruz Texmalaquilla;1190;Mexico;Small City
Lomas de Santa Cruz;1190;Mexico;Small City
Mezquite de Luna;1191;Mexico;Small City
Parahuen;1191;Mexico;Small City
Macutzio;1191;Mexico;Small City
San Lorenzo;1191;Mexico;Small City
Fraccionamiento Riberas de San Jeronimo;1191;Mexico;Small City
Lobatos;1192;Mexico;Small City
La Colonia;1192;Mexico;Small City
La Aurora;1192;Mexico;Small City
Texcaco;1192;Mexico;Small City
Playa de la Libertad;1192;Mexico;Small City
Concepcion del Monte;1192;Mexico;Small City
El Corpus;1193;Honduras;Small City
Narciso Mendoza;1193;Mexico;Small City
Villa Cuauhtemoc;1193;Mexico;Small City
Santa Rosalia;1193;Mexico;Small City
La Trinidad Chimalpa;1193;Mexico;Small City
La Sabana;1193;Mexico;Small City
Chontalcoatlan;1193;Mexico;Small City
Paso de Valencia;1193;Mexico;Small City
San Juan Tlacotompa (Tlacotompa);1193;Mexico;Small City
Gustavo Diaz Ordaz;1193;Mexico;Small City
Cuatro Caminos;1194;Mexico;Small City
Picardias;1194;Mexico;Small City
El Guaco;1194;Mexico;Small City
San Miguel de las Palmas;1194;Mexico;Small City
Cuesta de Laja;1195;Mexico;Small City
Monte del Coecillo;1195;Mexico;Small City
Taman;1195;Mexico;Small City
El Mirador;1195;Mexico;Small City
Macin Chico;1195;Mexico;Small City
El Juile;1195;Mexico;Small City
San Juan Lachao;1195;Mexico;Small City
Nuevo San Martin;1195;Mexico;Small City
Jecopaco;1196;Mexico;Small City
Jamaica;1196;Mexico;Small City
San Andres Paxtlan;1196;Mexico;Small City
Chiltepec de Hidalgo;1196;Mexico;Small City
La Paz de Ordaz;1196;Mexico;Small City
Paracas;1196;Peru;Small City
Matanzas;1196;Mexico;Small City
Escalerilla Lagunas;1196;Mexico;Small City
San Jose Solis;1197;Mexico;Small City
El Naranjito;1197;Mexico;Small City
Xoxolpa;1197;Mexico;Small City
Ejido la Pitahaya (Santo Domingo);1197;Mexico;Small City
Benito Juarez;1197;Mexico;Small City
Rio Jordan;1197;Mexico;Small City
Peotillos;1198;Mexico;Small City
Los Almendros;1198;Mexico;Small City
Buenavista (Matasanos);1198;Mexico;Small City
Buayums;1198;Mexico;Small City
Las Ochenta;1199;Puerto Rico;Small City
Los Pilares;1199;Mexico;Small City
Corpus;1199;Honduras;Small City
Uruachi;1199;Mexico;Small City
Otates;1199;Mexico;Small City
Villa Sara;1199;Uruguay;Small City
Puerto Bogota;1200;Colombia;Small City
Colonia Luces en el Mar;1200;Mexico;Small City
Capitan Pablo Lagerenza;1200;Paraguay;Small City
Carrizalillo;1200;Mexico;Small City
Uriburu;1200;Argentina;Small City
Las Yerbitas [Aserradero];1200;Mexico;Small City
San Jose de Bernalejo (El Guayabo);1200;Mexico;Small City
Jenesano;1200;Colombia;Small City
La Junta;1200;Chile;Small City
San Vicente (Calpulalpan Tercera Manzana);1201;Mexico;Small City
Loreto;1201;Argentina;Small City
Pochutla;1201;Mexico;Small City
San Jose;1201;Guatemala;Small City
Tazumbo;1201;Mexico;Small City
Eureka de Media Luna (Eureka);1201;Mexico;Small City
Zequentic;1201;Mexico;Small City
Tonalaco;1202;Mexico;Small City
Arata;1202;Argentina;Small City
Atacco;1202;Mexico;Small City
Pointe Michel;1202;Dominica;Small City
Patria Nueva;1202;Mexico;Small City
Purisima de Covarrubias;1202;Mexico;Small City
Pahua Hueca;1202;Mexico;Small City
San Carlos Autopan;1202;Mexico;Small City
Agronomos Mexicanos;1202;Mexico;Small City
Cerrito de Zavala;1203;Mexico;Small City
La Palmita y Anexos (La Presita);1203;Mexico;Small City
Higinio Olivo;1203;Mexico;Small City
San Antonio;1203;Puerto Rico;Small City
Ocurio;1203;Mexico;Small City
Poturo;1203;Mexico;Small City
Vicente Guerrero;1203;Mexico;Small City
Cardenas;1204;Nicaragua;Small City
La Dicha;1204;Mexico;Small City
San Agustin Zapotlan;1204;Mexico;Small City
Rincon Verde;1204;Mexico;Small City
Maravillas;1204;Mexico;Small City
Nauzontla;1204;Mexico;Small City
San Antonio;1204;Belize;Small City
Fuig;1204;Puerto Rico;Small City
Salsacate;1205;Argentina;Small City
Molagavita;1205;Colombia;Small City
Huemetla;1205;Mexico;Small City
El Salvador (Ranchito San Jose del Carmen);1205;Mexico;Small City
Potrero de los Sanchez (Estacion Techa);1205;Mexico;Small City
Palmer;1205;Puerto Rico;Small City
Tulcingo;1205;Mexico;Small City
San Antonio de Corrales;1205;Mexico;Small City
Oriente 2da. Seccion (San Cayetano);1205;Mexico;Small City
Constancia del Rosario;1205;Mexico;Small City
Joconal;1206;Honduras;Small City
San Antonio Bulujib;1206;Mexico;Small City
Colonia los Remedios;1206;Mexico;Small City
Las Cruces;1206;Mexico;Small City
San Ignacio;1206;Mexico;Small City
Colonia Nueva Germania;1206;Paraguay;Small City
Mutquin;1207;Argentina;Small City
Susacon;1207;Colombia;Small City
Prados del Rosario;1207;Mexico;Small City
Puente de Piedra;1207;Mexico;Small City
Garrochales;1208;Puerto Rico;Small City
Rio Esteban;1208;Honduras;Small City
Ceuta;1208;Mexico;Small City
Abasolo;1208;Mexico;Small City
Chonegal;1208;Mexico;Small City
Hidalgo;1209;Mexico;Small City
Concepcion la Venta;1209;Mexico;Small City
Guadalcazar;1209;Mexico;Small City
Once de Abril;1209;Mexico;Small City
Vetas;1210;Colombia;Small City
San Miguel;1210;Paraguay;Small City
Primero de Mayo (Chupaderos);1210;Mexico;Small City
El Achiotal;1210;Honduras;Small City
Tierra Nueva;1210;Mexico;Small City
El Paraiso;1210;Mexico;Small City
Terminal de Providencia;1210;Mexico;Small City
Netzahualcoyotl;1210;Mexico;Small City
Ahuehuetitla;1210;Mexico;Small City
El Chacal;1211;Mexico;Small City
Tequila 1ra. Seccion (La Aurora);1211;Mexico;Small City
Miguel Hidalgo;1212;Mexico;Small City
La Reforma;1212;Mexico;Small City
San Juan Coatzospam;1212;Mexico;Small City
La Panadera;1212;Mexico;Small City
Tepexco;1212;Mexico;Small City
El Tortuguero;1212;Mexico;Small City
Talol;1212;Mexico;Small City
La Presa;1212;Mexico;Small City
Campanario;1213;Mexico;Small City
San Jose de los Reynoso;1213;Mexico;Small City
Villa Union;1213;Mexico;Small City
Narino;1213;Colombia;Small City
Conca;1213;Mexico;Small City
Ojo de Agua;1213;Mexico;Small City
Santa Ana Nichi Ejido;1213;Mexico;Small City
Presa del Rosario;1213;Mexico;Small City
Morelita;1214;Mexico;Small City
Los Conquistadores;1214;Argentina;Small City
Cerrito de Gasca;1214;Mexico;Small City
La Colorada;1214;Panama;Small City
Rosales;1214;Mexico;Small City
Colonia Guadalupana;1214;Mexico;Small City
Colonia Patria Nueva;1214;Mexico;Small City
Alejo Gonzalez (Bilbao);1214;Mexico;Small City
San Pedro Tetitlan;1214;Mexico;Small City
Playa de Chachalacas;1214;Mexico;Small City
Popo Park;1214;Mexico;Small City
Mier y Noriega;1214;Mexico;Small City
Xalticpac;1214;Mexico;Small City
La Joya de Calvillo;1215;Mexico;Small City
La Purisima;1215;Mexico;Small City
San Carlos Minas;1215;Argentina;Small City
La Playa;1215;Colombia;Small City
San Andres de los Gama;1215;Mexico;Small City
Colonia Jose Maria Morelos;1215;Mexico;Small City
Frias;1215;Colombia;Small City
Rio Seco Puente de Doria;1215;Mexico;Small City
Rancho del Padre;1215;Mexico;Small City
El Molino;1215;Mexico;Small City
Ahuajutla;1215;Mexico;Small City
Astapa;1215;Mexico;Small City
Techachalco;1215;Mexico;Small City
Praderas de San Francisco;1215;Mexico;Small City
Santo Domingo;1216;Panama;Small City
Jesus Huitznahuac;1216;Mexico;Small City
Occidente (San Francisco);1216;Mexico;Small City
Piedra Blanca;1216;Mexico;Small City
Barrio de Arriba de San Juan Xoconusco;1216;Mexico;Small City
Menores;1217;Mexico;Small City
Los Palacios;1217;Mexico;Small City
San Antonio Matlahuacales;1217;Mexico;Small City
Hermanos Cedillo;1217;Mexico;Small City
Oxeloco;1217;Mexico;Small City
Tlacuilolapan;1217;Mexico;Small City
Quebrada Larga;1217;Honduras;Small City
Paso del Correo;1217;Mexico;Small City
La Guata;1217;Honduras;Small City
El Cesped;1217;Mexico;Small City
La Estancia de San Jose del Carmen;1218;Mexico;Small City
Amado Gomez;1218;Mexico;Small City
Ayotitlan;1218;Mexico;Small City
Santiago Bayacora;1218;Mexico;Small City
Kankintu;1218;Panama;Small City
Boqueron;1218;Puerto Rico;Small City
Lucio Blanco (Los Gavilanes);1218;Mexico;Small City
Molinos;1219;Mexico;Small City
San Jose de Aura;1219;Mexico;Small City
San Cristobal los Nava;1219;Mexico;Small City
San Jose Boqui;1219;Mexico;Small City
Fraccion San Roque (El Prieto);1219;Mexico;Small City
Cumbre de Barranca Honda;1219;Mexico;Small City
Colonia Arboledas (San Andres);1219;Mexico;Small City
Maclovio Herrera (Colonia Aviacion);1219;Mexico;Small City
Nacuche;1219;Mexico;Small City
Cuesta de Penones;1219;Mexico;Small City
San Isidro el Berro;1219;Mexico;Small City
Oriente 2da. Seccion (Palma Huaca);1220;Mexico;Small City
Paez;1220;Colombia;Small City
Puerto Castilla;1220;Honduras;Small City
Manaca Civil;1220;Panama;Small City
Batopilas;1220;Mexico;Small City
La Noria de San Antonio;1220;Mexico;Small City
El Pozo;1220;Mexico;Small City
Rosa Sanchez;1221;Puerto Rico;Small City
Pozo de Jarillas;1221;Mexico;Small City
San Felipe de Hijar;1221;Mexico;Small City
Majastic;1221;Mexico;Small City
Colonia Alvaro Obregon;1221;Mexico;Small City
Ojo de Agua;1221;Mexico;Small City
Las Letras;1221;Mexico;Small City
Constitucion Mexicana;1222;Mexico;Small City
Rio Rita;1222;Panama;Small City
La Pahua;1222;Mexico;Small City
Ixtlahuaca;1222;Mexico;Small City
Howard;1222;Panama;Small City
Miravalles;1222;Mexico;Small City
La Laguna;1222;Mexico;Small City
Saltillo;1222;Mexico;Small City
San Juan Diuxi;1222;Mexico;Small City
San Jose de la Montana;1222;Mexico;Small City
Ignacio Zaragoza;1222;Mexico;Small City
Epitacio Huerta;1222;Mexico;Small City
El Refugio;1222;Mexico;Small City
La Tabaquera;1222;Mexico;Small City
Dzula;1223;Mexico;Small City
Sabana del Puerto;1223;Dominican Republic;Small City
La Barreta;1223;Mexico;Small City
Bimbaletes Aguascalientes (El Alamo);1223;Mexico;Small City
El Guantillo;1223;Honduras;Small City
La Blanca;1223;Mexico;Small City
Santa Lucia;1224;Honduras;Small City
La Barra de Colotepec;1224;Mexico;Small City
Uci;1224;Mexico;Small City
San Juan Cote Ejido;1224;Mexico;Small City
El Obraje;1224;Mexico;Small City
Puerta del Llano;1224;Mexico;Small City
Alcocer;1224;Mexico;Small City
San Pedro Ocotepec;1224;Mexico;Small City
El Remolino;1225;Mexico;Small City
Chigmecatitlan;1225;Mexico;Small City
La Esperanza;1225;Mexico;Small City
Jose Maria Morelos (Santa Monica);1225;Mexico;Small City
Colonia Michoacana;1225;Mexico;Small City
Estacion Tuzantan;1225;Mexico;Small City
Cacate;1225;Mexico;Small City
San Jose de Gracia;1225;Mexico;Small City
Pascala del Oro;1226;Mexico;Small City
Polyuc;1226;Mexico;Small City
Ladrilleras de Ocoro;1226;Mexico;Small City
Carboneras;1226;Mexico;Small City
El Fresno;1226;Mexico;Small City
San Rafael Zaragoza;1226;Mexico;Small City
Tlamanca;1226;Mexico;Small City
Loma Alta;1226;Mexico;Small City
CERESO Nuevo;1227;Mexico;Small City
Orduna de Arriba;1227;Mexico;Small City
Florian;1227;Colombia;Small City
Jose Maria Morelos;1227;Mexico;Small City
Jonacapa;1227;Mexico;Small City
San Pablo Pejo;1227;Mexico;Small City
Paptalaya;1227;Honduras;Small City
Cerritos del Pilar;1228;Mexico;Small City
Xmaben;1228;Mexico;Small City
Atlamajalcingo del Rio;1228;Mexico;Small City
Guadalupe Hidalgo;1228;Mexico;Small City
San Joaquin;1228;Mexico;Small City
Tres Cerros;1228;Mexico;Small City
Rancho Alegre;1228;Mexico;Small City
Jalpa;1228;Mexico;Small City
Xalatlaco;1228;Mexico;Small City
Juncalito Abajo;1229;Dominican Republic;Small City
San Cristobal Lachirioag;1229;Mexico;Small City
El Salero;1229;Mexico;Small City
Buenavista;1229;Mexico;Small City
Arroyo Chical (Nuevo Arroyo Chicali);1230;Mexico;Small City
Jesus del Monte;1230;Mexico;Small City
Almolonga;1230;Mexico;Small City
San Miguel Atepoxco;1231;Mexico;Small City
Santiago Tetepec;1231;Mexico;Small City
Granadas;1231;Mexico;Small City
Manalisco;1231;Mexico;Small City
San Juan del Rio;1231;Mexico;Small City
Pueblo Nuevo de Morelos;1231;Mexico;Small City
Moras;1231;Mexico;Small City
Emiliano Zapata;1232;Mexico;Small City
San Bernardo Pena Blanca;1232;Mexico;Small City
Izotepec;1232;Mexico;Small City
Rancho de las Lomas;1232;Mexico;Small City
Rancho Alegre;1232;Mexico;Small City
Cascade;1232;Jamaica;Small City
Colonia Plenitud;1233;Mexico;Small City
Vicente Herrera;1233;Mexico;Small City
Loma de los Carmona;1233;Mexico;Small City
Colonia Guadalupe;1233;Mexico;Small City
Tantima;1233;Mexico;Small City
El Rosal;1234;Mexico;Small City
Carmen Serdan;1234;Mexico;Small City
Tres Capones;1234;Argentina;Small City
Penamiller;1234;Mexico;Small City
Cuadrilla de Dolores;1234;Mexico;Small City
Emiliano Zapata;1234;Mexico;Small City
Santo Domingo;1234;Mexico;Small City
Patlicha;1235;Mexico;Small City
Colonia Angel Bocanegra (Adolfo Lopez Mateos);1235;Mexico;Small City
Molino de Santa Ana;1235;Mexico;Small City
La Mesa;1235;Panama;Small City
Colonia Hidalgo (El Tecolote);1235;Mexico;Small City
San Antonio Xahuento;1235;Mexico;Small City
Cuatro Caminos;1236;Mexico;Small City
San Miguel del Arenal;1236;Mexico;Small City
Serrano;1236;Mexico;Small City
Fontezuelas;1236;Mexico;Small City
La Soledad;1236;Mexico;Small City
Chiconamel;1236;Mexico;Small City
Espave;1236;Panama;Small City
San Jose de Abajo [Unidad Habitacional];1236;Mexico;Small City
San Antonio Tedzidz;1237;Mexico;Small City
San Jose Cuamantzingo;1237;Mexico;Small City
Loche;1237;Mexico;Small City
Zocoteaca de Leon;1237;Mexico;Small City
San Juan Seco de Valencia;1237;Mexico;Small City
Penuelas;1237;Mexico;Small City
Doctor Montes de Oca;1238;Mexico;Small City
La Higuera;1238;Mexico;Small City
Banamichi;1238;Mexico;Small City
Denjhi;1238;Mexico;Small City
El Carmen;1238;Mexico;Small City
Santa Monica;1238;Mexico;Small City
Los Cides;1238;Mexico;Small City
La Quemada;1238;Mexico;Small City
Sergio Villasenor;1238;Mexico;Small City
Palo Bendito;1239;Mexico;Small City
San Juan Sautla;1239;Mexico;Small City
Licenciado Gustavo Diaz Ordaz (18 de Marzo);1239;Mexico;Small City
Zizicazapa;1239;Mexico;Small City
Ceguaca;1239;Honduras;Small City
Hato Montana;1239;Panama;Small City
San Diego;1240;Mexico;Small City
Lepan;1240;Mexico;Small City
San Antonio de Litin;1240;Argentina;Small City
Tierra Blanca;1240;Mexico;Small City
El Rincon;1240;Mexico;Small City
Tomaquilapa;1240;Mexico;Small City
Samachique;1241;Mexico;Small City
Ejido Ojo de Agua;1241;Mexico;Small City
La Cieneguita;1241;Mexico;Small City
Hidalgo Amajac;1241;Mexico;Small City
San Juan Bautista Cacalote;1241;Mexico;Small City
San Pedro Chimay;1241;Mexico;Small City
San Pedro Tesistan;1242;Mexico;Small City
La Huanica;1242;Mexico;Small City
Lazaro Cardenas;1242;Mexico;Small City
La Palma;1242;Mexico;Small City
Michimaloya;1242;Mexico;Small City
La Guama;1242;Honduras;Small City
El Cortes;1242;Mexico;Small City
Cayaco;1242;Mexico;Small City
Barrio del Cajon;1242;Mexico;Small City
Puerto Chacabuco;1243;Chile;Small City
Quintana Roo;1243;Mexico;Small City
El Porvenir;1243;Mexico;Small City
Suarez;1243;Colombia;Small City
La Ortiga;1244;Mexico;Small City
Paujiles;1244;Honduras;Small City
La Luz;1244;Mexico;Small City
San Juan Cuautla;1244;Mexico;Small City
Oriente 1ra. Seccion (Santo Domingo);1244;Mexico;Small City
Division del Norte;1244;Mexico;Small City
Santo Domingo Jalieza;1244;Mexico;Small City
El Terrero;1244;Mexico;Small City
El Panorama;1244;Mexico;Small City
Janambo;1245;Mexico;Small City
Les Abricots;1245;Haiti;Small City
Tzopilja;1245;Mexico;Small City
Tonalixco;1245;Mexico;Small City
Puebla;1245;Mexico;Small City
Cerro Grande;1245;Mexico;Small City
Loma de Sogotegoyo;1245;Mexico;Small City
San Ignacio de San Jose Parangueo;1246;Mexico;Small City
Zapotitlan Palmas;1246;Mexico;Small City
La Guadalupe;1246;Mexico;Small City
Santa Cruz del Islote;1247;Colombia;Small City
Cementeras del Pital;1247;Mexico;Small City
El Espejo;1247;Mexico;Small City
Colonia Wenceslao Labra;1248;Mexico;Small City
Basaseachic;1248;Mexico;Small City
La Ordena;1248;Mexico;Small City
Zacamixtle;1248;Mexico;Small City
Pitahayal;1248;Mexico;Small City
Santo Domingo de las Palmas;1248;Mexico;Small City
Dzitnup;1248;Mexico;Small City
El Mogote;1248;Mexico;Small City
Jiquinlaca;1248;Honduras;Small City
San Pedro Cuitlapan;1249;Mexico;Small City
San Marcos;1249;Mexico;Small City
El Capulin;1249;Mexico;Small City
El Puesto;1249;Mexico;Small City
Magdaleno Cedillo;1249;Mexico;Small City
La Herradura;1249;Mexico;Small City
Nombre de Jesus;1250;Honduras;Small City
Guacamaya;1250;Honduras;Small City
Camina;1250;Chile;Small City
San Jose el Nuevo;1250;Mexico;Small City
Paso de Nunez (Buenavista);1250;Mexico;Small City
Manto del Rio Ejido;1250;Mexico;Small City
Coetzala;1250;Mexico;Small City
Pueblo Nuevo;1250;Mexico;Small City
Amatitlan;1251;Mexico;Small City
Guadalupe Victoria;1251;Mexico;Small City
Las Huertas Tercera Seccion;1251;Mexico;Small City
Bacadehuachi;1251;Mexico;Small City
Tehuixtla;1251;Mexico;Small City
Francisco Primo de Verdad (Cienega de Mata);1251;Mexico;Small City
Arimatea;1251;Mexico;Small City
Piedra Pesada;1251;Mexico;Small City
Arturo Martinez Adame;1251;Mexico;Small City
San Matias;1251;Honduras;Small City
San Miguel Ixtapan;1251;Mexico;Small City
Pablo L. Sidar;1251;Mexico;Small City
Telcruz;1252;Mexico;Small City
San Pablo Atzompa;1252;Mexico;Small City
Chaucingo;1252;Mexico;Small City
Barrio la Joya;1252;Mexico;Small City
San Rafael;1252;Mexico;Small City
Cumuato;1252;Mexico;Small City
Tecuexcontitlan (Tecoescontitlan);1252;Mexico;Small City
San Pedro Temamatla;1252;Mexico;Small City
Loma de San Francisco;1252;Mexico;Small City
Tecualilla;1252;Mexico;Small City
Campo Carretero;1252;Mexico;Small City
San Jose de la Era;1253;Mexico;Small City
Santa Ursula;1253;Mexico;Small City
Pueblo Nuevo;1253;Mexico;Small City
La Providencia;1253;Mexico;Small City
Cuautla;1253;Mexico;Small City
Porvenir;1253;Mexico;Small City
Ocotlan;1253;Mexico;Small City
San Cristobal;1253;Mexico;Small City
Nicolas Bravo;1253;Mexico;Small City
Tepozcuautla;1254;Mexico;Small City
Xochicoatlan;1254;Mexico;Small City
San Antonio de los Horcones;1254;Mexico;Small City
Santa Anita;1254;Argentina;Small City
Santiago Cuixtla;1254;Mexico;Small City
Maya Tecun I;1254;Mexico;Small City
Auka;1254;Honduras;Small City
Santiago Yosondua;1254;Mexico;Small City
Colonia Felipe Angeles;1254;Mexico;Small City
El Ranchito;1255;Mexico;Small City
Banderas (Guatacalca 2da. Seccion);1255;Mexico;Small City
Santa Cruz Ex-Hacienda;1255;Mexico;Small City
Ejido Hidalgo;1255;Mexico;Small City
Colonia Aquiles Cordoba Moran;1255;Mexico;Small City
Aquiles Cordova Moran;1255;Mexico;Small City
La Guadalupe;1255;Mexico;Small City
La Luz de Juarez;1255;Mexico;Small City
La Sauceda;1255;Mexico;Small City
Anse La Raye;1256;Saint Lucia;Small City
Gabriel Hernandez (Mancinas);1256;Mexico;Small City
San Jose de Gracia;1256;Mexico;Small City
San Sebastian;1256;Mexico;Small City
Marulanda;1256;Colombia;Small City
Higuera de los Vega;1256;Mexico;Small City
San Isidro Xoteapan (San Isidro Texcaltitan);1256;Mexico;Small City
Presa de Rayas;1257;Mexico;Small City
Las Sabanas;1257;Nicaragua;Small City
Tonalapan;1257;Mexico;Small City
Mixtlalcingo;1257;Mexico;Small City
Gomez;1257;Panama;Small City
Zoyatitla;1257;Mexico;Small City
Colonia Obrera;1258;Mexico;Small City
Yetla de Juarez;1258;Mexico;Small City
San Sebastian Coatlan;1258;Mexico;Small City
Seccion 23;1258;Mexico;Small City
Azacualpa;1258;Honduras;Small City
Pajarito;1258;Colombia;Small City
Vegas de la Soledad y Soledad Dos;1258;Mexico;Small City
Los Dulces Nombres;1258;Mexico;Small City
Ejido Tosalibampo;1258;Mexico;Small City
Llano Grande;1258;Mexico;Small City
Jitzamuri;1259;Mexico;Small City
Monteleon;1259;Mexico;Small City
Cuapinolito (Azulillo);1259;Mexico;Small City
Venustiano Carranza;1259;Mexico;Small City
San Juan Metaltepec;1259;Mexico;Small City
Privada del Alamo;1259;Mexico;Small City
Puerto de Carroza;1260;Mexico;Small City
Bartolo;1260;Puerto Rico;Small City
Santa Ana del Pilar;1260;Mexico;Small City
Jose Maria Morelos (San Jose);1261;Mexico;Small City
Tamazula;1261;Mexico;Small City
Villa Escolar;1261;Argentina;Small City
Carboneras;1261;Mexico;Small City
La Soledad;1261;Mexico;Small City
Los Encinos;1261;Mexico;Small City
Sudzal;1261;Mexico;Small City
Jose Refugio Salcido;1262;Mexico;Small City
El Calvario;1262;Mexico;Small City
San Juan Quetzalcoapan;1262;Mexico;Small City
Esperanza;1262;Belize;Small City
Mamantel;1262;Mexico;Small City
Santiago Amoltepec;1263;Mexico;Small City
San Miguel Tenango;1263;Mexico;Small City
Colonia Lazaro Cardenas;1263;Mexico;Small City
Marte R. Gomez;1263;Mexico;Small City
El Verde;1263;Mexico;Small City
Mangulile;1263;Honduras;Small City
Etucuaro;1263;Mexico;Small City
Agua Blanca Serrania;1263;Mexico;Small City
Zaragoza la Montana;1263;Mexico;Small City
San Miguel Oxtotilpan;1264;Mexico;Small City
Ojo de Agua de Bucio;1264;Mexico;Small City
San Francisco Menendez;1264;El Salvador;Small City
Colonia Yucatan;1264;Mexico;Small City
San Antonio Primero;1264;Mexico;Small City
Acoapa;1264;Mexico;Small City
Los Pinos;1265;Mexico;Small City
Puerto de Providencia;1265;Mexico;Small City
Huixcolotla;1265;Mexico;Small City
Francisco I. Madero;1265;Mexico;Small City
Oztotitlan;1265;Mexico;Small City
Estacion Capomas;1265;Mexico;Small City
Alfredo V. Bonfil;1265;Mexico;Small City
Cerro Armadillo Grande;1266;Mexico;Small City
Estacion Dobladero;1266;Mexico;Small City
El Loreto Occidental;1266;Mexico;Small City
Zapuyo;1267;Mexico;Small City
Arroyo de Banco;1267;Mexico;Small City
Tecualtitan;1267;Mexico;Small City
Ocotepec;1268;Mexico;Small City
El Palacio;1268;Mexico;Small City
San Miguel;1268;Mexico;Small City
Empaque Tarriba;1268;Mexico;Small City
San Juan;1268;Mexico;Small City
La Union;1268;Mexico;Small City
El Potrero;1269;Mexico;Small City
San Jose Ojetenan;1269;Guatemala;Small City
Ahuacatitlan Cuarto y Quinto Cuartel;1269;Mexico;Small City
San Simon Almolongas;1269;Mexico;Small City
Tuxpan de Bolanos;1269;Mexico;Small City
Arena de Hidalgo;1270;Mexico;Small City
Guadalupe Hidalgo;1270;Mexico;Small City
Metepec Primero;1270;Mexico;Small City
Tanhuixco;1270;Mexico;Small City
El Aguacatal;1270;Mexico;Small City
San Agustin Buenavista;1271;Mexico;Small City
Ajilho;1271;Mexico;Small City
Loma de Guadalupe (La Biznaga);1271;Mexico;Small City
Taujica;1271;Honduras;Small City
Comalapa;1272;Nicaragua;Small City
Nonoava;1272;Mexico;Small City
Concordia;1272;Honduras;Small City
Tlaxco;1272;Mexico;Small City
Tiltepec;1272;Mexico;Small City
Santa Cruz Escandon;1272;Mexico;Small City
Iztacapa;1272;Mexico;Small City
Ejido La Quemada;1272;Mexico;Small City
Ixtapangajoya;1272;Mexico;Small City
Acatla;1272;Mexico;Small City
Playa Chica;1273;Mexico;Small City
El Terrero;1273;Mexico;Small City
Tenantitla;1273;Mexico;Small City
Cerro Gordo;1273;Mexico;Small City
Aldama;1273;Mexico;Small City
Banderas del Aguila;1274;Mexico;Small City
El Aguila;1274;Mexico;Small City
Paso Bonito;1274;Mexico;Small City
La Loma;1274;Mexico;Small City
San Rafael;1274;Mexico;Small City
Cerro Cama;1274;Panama;Small City
Santa Cruz Yucucani;1274;Mexico;Small City
Rafael Perazza;1274;Uruguay;Small City
Rio Pachine;1275;Mexico;Small City
Barrio la Teneria;1275;Mexico;Small City
Ixhuatlan de Madero;1275;Mexico;Small City
La Ceiba;1275;Mexico;Small City
Cuchulumtic;1275;Mexico;Small City
Bejuco;1276;Honduras;Small City
El Susto;1276;Mexico;Small City
Colonia Veinte de Noviembre;1276;Mexico;Small City
Tlanipatla;1276;Mexico;Small City
San Martin Itunyoso;1276;Mexico;Small City
Carbonera;1277;Mexico;Small City
El Rodeo;1278;Mexico;Small City
Villa Hidalgo (El Cubo);1278;Mexico;Small City
Vega del Sol;1278;Mexico;Small City
Xuchapa;1278;Mexico;Small City
La Magdalena Tenexpan;1278;Mexico;Small City
El Bajio;1278;Mexico;Small City
Nueva Primavera;1278;Mexico;Small City
General Mosconi;1279;Argentina;Small City
Lomas del Real;1279;Mexico;Small City
La Glorieta;1279;Mexico;Small City
Colonia 3 de Mayo (La Cruz);1279;Mexico;Small City
El Olivar;1279;Honduras;Small City
Huayacanes;1279;Mexico;Small City
Ejido San Jose Xilatzen;1279;Mexico;Small City
Las Higueras;1280;Mexico;Small City
San Antonio Chiverias;1280;Mexico;Small City
Los Pilares;1280;Mexico;Small City
San Andres (San Andres Chichayotla);1280;Mexico;Small City
Trapiche de Abra;1280;Mexico;Small City
Otatlan;1280;Mexico;Small City
Benito Juarez Uno;1281;Mexico;Small City
Huajumbaro;1281;Mexico;Small City
Abriaqui;1281;Colombia;Small City
Tierra Colorada;1281;Mexico;Small City
Santillan;1281;Mexico;Small City
San Cristobal Hidalgo;1281;Mexico;Small City
Chilapa;1282;Mexico;Small City
El Carmen;1282;Mexico;Small City
Montenegro la Lana;1282;Mexico;Small City
Mexpan;1282;Mexico;Small City
Nunchia;1282;Colombia;Small City
San Bernardino Lagunas;1282;Mexico;Small City
Patria Nueva (San Jose el Contento);1282;Mexico;Small City
Nueva Independencia;1283;Mexico;Small City
Santa Cruz Lachixolana;1283;Mexico;Small City
San Roque;1283;Mexico;Small City
La Palma;1283;Panama;Small City
Libertad Ventanas;1283;Mexico;Small City
El Eden;1283;Mexico;Small City
Travesia;1283;Honduras;Small City
Santiago Yogana;1284;Mexico;Small City
Cayuco;1284;Puerto Rico;Small City
La Mesa (La Mesa de Cedano);1284;Mexico;Small City
Rancheria de Pocitos;1284;Mexico;Small City
Los Mogotes;1284;Mexico;Small City
Rodrigo;1284;Mexico;Small City
Santa Anita;1284;Mexico;Small City
Colonia Morelos;1284;Mexico;Small City
La Luz;1285;Mexico;Small City
Mazatan;1285;Mexico;Small City
Gilita;1285;Mexico;Small City
La Playona;1285;Honduras;Small City
Santa Maria Jacatepec;1286;Mexico;Small City
Granada;1286;Mexico;Small City
El Juncal;1286;Honduras;Small City
El Cubolero;1286;Honduras;Small City
Yibeljoj;1286;Mexico;Small City
San Pedro Matamoros;1286;Mexico;Small City
Almoloya;1287;Mexico;Small City
Cerro Azul;1287;Panama;Small City
San Pedro Cuayuca;1287;Mexico;Small City
La Loma;1287;Mexico;Small City
Santa Apolonia;1288;Mexico;Small City
Chamacuaro;1288;Mexico;Small City
Puxcatan;1288;Mexico;Small City
Costasacate;1288;Argentina;Small City
Nicolas Bravo 5ta. Seccion (Punta Brava);1289;Mexico;Small City
Acahuasco;1289;Mexico;Small City
Santa Rosa;1289;Mexico;Small City
Colonia Bellavista;1289;Mexico;Small City
San Agustin Berros;1289;Mexico;Small City
El Limonar;1289;Mexico;Small City
Fraccionamiento Laureles Erendira;1290;Mexico;Small City
San Bartolo;1290;Guatemala;Small City
Las Nieves;1290;Mexico;Small City
Colonia Renacimiento;1290;Mexico;Small City
El Escondido;1290;Mexico;Small City
Santa Cruz de la Loma (Tepetates);1290;Mexico;Small City
Las Palmas;1291;Panama;Small City
Los Mancera;1291;Mexico;Small City
Santa Gertrudis Miramar;1291;Mexico;Small City
Cardal;1291;Uruguay;Small City
Palo Seco (El Gato);1291;Mexico;Small City
Buenavista;1291;Mexico;Small City
Tomendan;1291;Mexico;Small City
Panuco de Coronado;1291;Mexico;Small City
Plaza Nueva;1292;Mexico;Small City
Tlapala;1292;Mexico;Small City
El Tortuguero;1292;Nicaragua;Small City
Tlahuapa;1292;Mexico;Small City
La Manga 2da. Seccion (El Jobal);1292;Mexico;Small City
Los Lirios;1292;Mexico;Small City
Los Guajes;1292;Mexico;Small City
Estacion Llano;1292;Mexico;Small City
Tecoltepec;1292;Mexico;Small City
Julian Grajales;1293;Mexico;Small City
Tonalixco;1293;Mexico;Small City
Stella;1293;Puerto Rico;Small City
Alcozacan;1293;Mexico;Small City
Morocoy;1293;Mexico;Small City
Mitziton;1293;Mexico;Small City
Granadillas (La Colonia);1293;Mexico;Small City
Tlanepantla;1293;Mexico;Small City
Manaca Norte;1294;Panama;Small City
Sonora;1294;Mexico;Small City
Francisco Sarabia;1294;Mexico;Small City
San Agustin Amatengo;1294;Mexico;Small City
Pozo Dulce;1295;Mexico;Small City
Tzoeptic;1295;Mexico;Small City
La Union Ejido Mexcaltepec;1295;Mexico;Small City
Tuxcueca;1295;Mexico;Small City
El Tulin;1295;Mexico;Small City
Camopi;1295;French Guiana;Small City
Laguna de Vaquerias;1295;Mexico;Small City
Mezquite de Sotelo;1295;Mexico;Small City
Llano Largo;1295;Panama;Small City
Umbita;1295;Colombia;Small City
San Vicente Lachixio;1295;Mexico;Small City
Concepcion Las Minas;1295;Guatemala;Small City
El Corcovado;1295;Mexico;Small City
Aduana del Sasabe;1295;Mexico;Small City
El Moral;1295;Mexico;Small City
Sabaneta;1296;Mexico;Small City
Hacienda de la Bolsa;1296;Mexico;Small City
La Reforma;1296;Mexico;Small City
San Vicente Coyotepec;1296;Mexico;Small City
San Bernardino de Milpillas Chico;1296;Mexico;Small City
San Cristobal;1297;Mexico;Small City
San Pedro Huitzapula Norte (Huitzapula Norte);1297;Mexico;Small City
Itzamatitlan;1297;Mexico;Small City
San Pablo Atotonilco;1297;Mexico;Small City
Embajador Martini;1298;Argentina;Small City
Cocle;1298;Panama;Small City
General Francisco Villa;1298;Mexico;Small City
El Jagueey;1298;Mexico;Small City
Cotorina;1298;Mexico;Small City
Quartier Morin;1299;Haiti;Small City
Cuauhtemoc;1300;Mexico;Small City
Zopilotepe;1300;Honduras;Small City
Guarizama;1300;Honduras;Small City
Colonia Juarez;1300;Mexico;Small City
Silos;1300;Colombia;Small City
El Triunfo de las Tres Maravillas;1300;Mexico;Small City
Potrerillo;1300;Mexico;Small City
La Ensenada;1300;Chile;Small City
Pronunciamiento;1301;Argentina;Small City
Ranchito de Castro;1301;Mexico;Small City
Guaymitas;1301;Mexico;Small City
Venustiano Carranza;1301;Mexico;Small City
La Libertad;1301;Mexico;Small City
Cofradia;1301;Honduras;Small City
Cucuchucho;1302;Mexico;Small City
La Soledad;1302;Mexico;Small City
La Calera (Nacimientos);1302;Mexico;Small City
Nuevo Vallarta;1302;Mexico;Small City
Lagunillas;1302;Mexico;Small City
Laguna Seca;1302;Mexico;Small City
Ignacio Zaragoza;1303;Mexico;Small City
La Sardina;1303;Mexico;Small City
Jolja;1303;Mexico;Small City
Liborio Negron Torres;1303;Puerto Rico;Small City
Las Lomas;1303;Mexico;Small City
Los Bahuises;1303;Mexico;Small City
Mulatupo;1303;Panama;Small City
Jolochero 2da. Seccion;1303;Mexico;Small City
Santa Rosa de Aguan;1304;Honduras;Small City
Alvaro Obregon (Santa Cruz);1304;Mexico;Small City
Zumpango;1304;Mexico;Small City
Santo Domingo Chihuitan;1304;Mexico;Small City
Ojo Caliente;1305;Mexico;Small City
Colonia San Juan;1305;Mexico;Small City
La Manzanilla;1305;Mexico;Small City
El Palmito;1305;Mexico;Small City
Santa Lucia Utatlan;1305;Guatemala;Small City
Juanico;1305;Uruguay;Small City
La Sauceda;1305;Mexico;Small City
Puerto de Nieto;1305;Mexico;Small City
El Progreso;1305;Mexico;Small City
Benito Juarez;1305;Mexico;Small City
Tepache;1305;Mexico;Small City
Agua Zarca;1306;Mexico;Small City
Santa Cruz;1306;Mexico;Small City
Comallo;1306;Argentina;Small City
San Diego;1306;Honduras;Small City
El Picacho;1306;Mexico;Small City
Cerritos;1306;Mexico;Small City
Tlaquiltepec;1307;Mexico;Small City
Venecia;1307;Colombia;Small City
Ignacio Gutierrez Gomez;1307;Mexico;Small City
Teloxtoc;1307;Mexico;Small City
San Lucas;1307;Honduras;Small City
Zapote de Peralta;1307;Mexico;Small City
San Gustavo;1307;Argentina;Small City
Dos Rios;1307;Mexico;Small City
San Pedro del Rincon;1308;Mexico;Small City
Las Vegas;1308;Honduras;Small City
La Iberica (La Gotera);1308;Mexico;Small City
San Ildefonso Villa Alta;1309;Mexico;Small City
Tepetitan Reyeshogpan de Hidalgo;1309;Mexico;Small City
San Isidro las Banderas;1309;Mexico;Small City
El Sabino;1309;Mexico;Small City
Romerillo;1310;Mexico;Small City
Chapalilla;1310;Mexico;Small City
Rincon de Curungueo;1310;Mexico;Small City
Los Santos;1310;Colombia;Small City
El Saladito;1310;Mexico;Small City
Akumal;1310;Mexico;Small City
Arenal de Alvarez (Arenal de Paco);1311;Mexico;Small City
Colonia Emiliano Zapata;1311;Mexico;Small City
Ixtahuiata (La Legua);1311;Mexico;Small City
Talisman;1311;Mexico;Small City
Zocea;1311;Mexico;Small City
Las Tunas;1311;Mexico;Small City
San Sebastian Huehuetenango;1311;Guatemala;Small City
Zacatula;1312;Mexico;Small City
Las Ovejas;1312;Argentina;Small City
Banderas;1312;Mexico;Small City
La Estancia;1312;Mexico;Small City
San Juan Tabaa;1312;Mexico;Small City
Tenza;1312;Colombia;Small City
Ahuacachahue (Ndog'yo Itun Tichi);1313;Mexico;Small City
Ejido Viejo;1313;Mexico;Small City
Progreso;1313;Mexico;Small City
San Nicolas;1313;Honduras;Small City
Fraccionamiento la Noria;1313;Mexico;Small City
El Espino;1313;Colombia;Small City
San Martin;1313;Mexico;Small City
Petites Anses;1314;Guadeloupe;Small City
Residencial Tajin;1314;Mexico;Small City
La Trinidad;1314;Honduras;Small City
Colonia San Francisco (San Francisco);1314;Mexico;Small City
Cuncunul;1314;Mexico;Small City
Julian Villagran;1314;Mexico;Small City
Dos Ceibas;1314;Mexico;Small City
Tepatlaxco;1314;Mexico;Small City
Banus Vallarta (Verde Vallarta);1315;Mexico;Small City
Estacion San Manuel;1315;Mexico;Small City
San Juan Tomasquillo Herradura;1315;Mexico;Small City
La Virtud;1315;Honduras;Small City
Jaripeo;1315;Mexico;Small City
Tancazahuela;1315;Mexico;Small City
Lourdes;1315;Mexico;Small City
Zirimicuaro;1315;Mexico;Small City
Fraccionamiento del Magisterio Tulancinguense;1316;Mexico;Small City
Loma del Rio;1316;Mexico;Small City
Santa Cruz;1316;Mexico;Small City
Adolfo Lopez Mateos;1316;Mexico;Small City
Colonia Obrera;1316;Mexico;Small City
Vicente Guerrero;1317;Mexico;Small City
Barrio San Diego;1317;Mexico;Small City
La Central;1317;Mexico;Small City
Zacacuautla;1317;Mexico;Small City
San Andres Cohamiata;1317;Mexico;Small City
Santa Maria;1317;Mexico;Small City
La Escondida;1318;Mexico;Small City
Santa Casilda;1318;Mexico;Small City
Maxela;1318;Mexico;Small City
Ubilio Garcia;1318;Mexico;Small City
Las Quemazones;1319;Mexico;Small City
Camalote;1319;Honduras;Small City
Catishtic;1319;Mexico;Small City
Ahuihuiyuco;1320;Mexico;Small City
Los Planes;1320;Honduras;Small City
Doctor Samuel Leon Brindis;1320;Mexico;Small City
Sauteurs;1320;Grenada;Small City
Cuauhtempan (San Andres Cuauhtempan);1320;Mexico;Small City
Canada de Ramirez;1320;Mexico;Small City
Santa Rita;1320;Mexico;Small City
Tlayehualancingo;1320;Mexico;Small City
Lazaro Cardenas;1321;Mexico;Small City
Piaxtla;1321;Mexico;Small City
Santiaguito;1321;Mexico;Small City
Saint David's;1321;Grenada;Small City
San Jose de Zaragoza;1321;Mexico;Small City
General Simon Bolivar;1321;Mexico;Small City
Putlunichuchut (Vista Hermosa);1321;Mexico;Small City
Corral Falso;1322;Mexico;Small City
Barrio Chiquichuca;1322;Mexico;Small City
Llano de la Puerta;1322;Mexico;Small City
Totatiche;1323;Mexico;Small City
Los Lotes;1323;Panama;Small City
Barrio de San Miguel;1323;Mexico;Small City
El Pochotal;1323;Mexico;Small City
San Francisco Jacona;1323;Mexico;Small City
Plan de Ayala (Campo Cinco);1323;Mexico;Small City
Los Sabinos;1323;Mexico;Small City
El Coloso;1324;Mexico;Small City
Colonia Sesenta y Dos;1324;Mexico;Small City
El Quiteno;1324;Panama;Small City
Ejido Jesus Maria;1324;Mexico;Small City
Meson Nuevo (Canada de la Magdalena);1324;Mexico;Small City
Libertad Melchor Ocampo;1324;Mexico;Small City
Las Chicharras;1324;Mexico;Small City
El Hatito;1324;Mexico;Small City
Codrington;1325;Antigua and Barbuda;Small City
Almolonga;1325;Mexico;Small City
Casa Blanca;1325;Mexico;Small City
Nuevo Urecho;1325;Mexico;Small City
El Puente;1325;Honduras;Small City
San Jose Viborillas;1325;Mexico;Small City
Villa Madero;1325;Mexico;Small City
Santa Clara del Tule;1326;Mexico;Small City
Jaula de Abajo;1326;Mexico;Small City
Ozelonacaxtla;1326;Mexico;Small City
San Antonio de Fernandez;1326;Mexico;Small City
Texcala;1328;Mexico;Small City
Corralillos;1328;Mexico;Small City
1ra. Seccion de Izapa;1329;Mexico;Small City
Lomas de San Martin;1329;Mexico;Small City
Poblado Cinco;1329;Mexico;Small City
Tlixco;1329;Mexico;Small City
Nueva Libertad;1329;Mexico;Small City
Rancho Nuevo;1330;Mexico;Small City
Ocelota;1330;Mexico;Small City
Fraccionamiento Villa Jardin;1330;Mexico;Small City
Cieneguilla;1330;Mexico;Small City
San Francisco de Coray;1330;Honduras;Small City
El Rosario;1330;Mexico;Small City
Chiaucingo;1331;Mexico;Small City
Jose Maria Morelos;1331;Mexico;Small City
Axaxacualco;1331;Mexico;Small City
Tanlajas;1331;Mexico;Small City
Plan del Rio;1331;Mexico;Small City
Pilotos;1331;Mexico;Small City
Santa Ana;1331;Mexico;Small City
Francia;1331;Honduras;Small City
La Plaine;1332;Dominica;Small City
Sutatausa;1332;Colombia;Small City
Santa Maria de los Angeles;1332;Mexico;Small City
Oropendolas;1333;Honduras;Small City
Tabossi;1333;Argentina;Small City
San Andres Playa Encantada (El Podrido);1333;Mexico;Small City
San Jose el Llanito;1333;Mexico;Small City
Buenos Aires;1333;Mexico;Small City
Barrio de Ensido;1333;Mexico;Small City
Fraccionamiento Villas de la Llave;1334;Mexico;Small City
Coronel Baigorria;1334;Argentina;Small City
Xochimilco;1334;Mexico;Small City
Potrerillos;1334;Honduras;Small City
Benitez;1334;Puerto Rico;Small City
Ejido de Guadalupe;1335;Mexico;Small City
San Pedro Ecatepec;1335;Mexico;Small City
Tepapayeca;1335;Mexico;Small City
Condembaro;1335;Mexico;Small City
Benito Juarez;1335;Mexico;Small City
La Luz;1335;Mexico;Small City
Las Cieneguitas;1335;Mexico;Small City
Pandi;1336;Colombia;Small City
El Fuerte;1336;Mexico;Small City
Tikuch;1336;Mexico;Small City
Ixcapa;1337;Mexico;Small City
El Porvenir;1337;Honduras;Small City
Cumbres III;1337;Mexico;Small City
Ahuatepec Pueblo;1337;Mexico;Small City
Chamulapita;1337;Mexico;Small City
Palmas Bellas;1337;Panama;Small City
El Coyote;1337;Mexico;Small City
Santa Cruz Mixtepec;1338;Mexico;Small City
Felipe Neri (Cuatepec);1338;Mexico;Small City
San Juan Quiotepec;1338;Mexico;Small City
Ocoxaltepec;1338;Mexico;Small City
Las Maravillas;1339;Mexico;Small City
Ex-hacienda la Concepcion;1339;Mexico;Small City
Milagros;1339;Mexico;Small City
Emiliano Zapata;1339;Mexico;Small City
Esquias;1339;Honduras;Small City
Ixtlilco el Chico;1340;Mexico;Small City
La Caridad;1340;Mexico;Small City
Venta de Ocotillos;1340;Mexico;Small City
X-pichil;1340;Mexico;Small City
Camalotita;1340;Mexico;Small City
Ojos de Agua;1340;Honduras;Small City
Chalahuiyapa;1341;Mexico;Small City
La Estancia;1341;Mexico;Small City
La Ballena;1341;Mexico;Small City
El Rincon;1341;Panama;Small City
Zaniza;1342;Mexico;Small City
Santa Fe;1342;Mexico;Small City
Adolfo Lopez Mateos;1342;Mexico;Small City
Paseos del Marques;1342;Mexico;Small City
Sabidos;1342;Mexico;Small City
La Paz;1342;Mexico;Small City
Tenango;1342;Mexico;Small City
Santa Ana;1343;Mexico;Small City
Villagran;1343;Mexico;Small City
Rincon de Cano;1343;Mexico;Small City
San Juan Hueyapan;1343;Mexico;Small City
Parcelas La Milagrosa;1344;Puerto Rico;Small City
San Juan Bautista;1344;Mexico;Small City
Dalmacio Velez;1344;Argentina;Small City
Xochitonalco;1345;Mexico;Small City
Alfredo V. Bonfil (Siete Ejidos);1345;Mexico;Small City
San Juan Colon;1345;Mexico;Small City
General Jose Eduvigis Diaz;1345;Paraguay;Small City
Colonia Juarez;1345;Mexico;Small City
Caimitillo;1345;Panama;Small City
Chalam;1345;Mexico;Small City
San Sebastian Nicananduta;1346;Mexico;Small City
San Lucas Huarirapeo (La Mesa de San Lucas);1346;Mexico;Small City
Candelero Arriba;1346;Puerto Rico;Small City
El Tejocote (El Domingo);1346;Mexico;Small City
Nuevo Nicapa;1346;Mexico;Small City
Zoquitipan;1346;Mexico;Small City
Miguel Hidalgo 2da. Seccion B (La Natividad);1346;Mexico;Small City
Paxtepec;1347;Mexico;Small City
Itzoteno;1347;Mexico;Small City
Salguero;1347;Mexico;Small City
San Antonio el Paso;1348;Mexico;Small City
Lazaro Cardenas (La Purisima);1348;Mexico;Small City
Saclamanton;1348;Mexico;Small City
Llano Grande;1348;Mexico;Small City
Colonia Emiliano Zapata;1348;Mexico;Small City
Michac;1348;Mexico;Small City
Genova;1348;Colombia;Small City
Colonia Ecologica Asociacion de Lucha Social (Lucha Social);1349;Mexico;Small City
Sinahua;1349;Mexico;Small City
La Bocana;1349;Mexico;Small City
Barranco Adentro;1349;Panama;Small City
Teayo;1349;Mexico;Small City
Coxolico;1349;Mexico;Small City
Arroyo Granizo;1349;Mexico;Small City
Amanalco de Becerra;1349;Mexico;Small City
Rio Bravo;1349;Mexico;Small City
Goascoran;1350;Honduras;Small City
Xalitla;1350;Mexico;Small City
Emiliano Zapata;1350;Mexico;Small City
Holetown;1350;Barbados;Small City
Ejido Palma (Ejido San Francisco);1350;Mexico;Small City
San Rafael;1351;Mexico;Small City
Tlacuitapan;1351;Mexico;Small City
San Gregorio;1351;Mexico;Small City
Veinte de Noviembre;1351;Mexico;Small City
El Potrero de Sataya;1351;Mexico;Small City
Sotaquira;1352;Colombia;Small City
La Palma;1352;Mexico;Small City
El Ciervo;1352;Mexico;Small City
Crisostomos;1352;Mexico;Small City
Acachapan y Colmena 3ra. Seccion;1352;Mexico;Small City
Piscila;1352;Mexico;Small City
San Francisco;1353;Mexico;Small City
El Mirador;1353;Mexico;Small City
Buena Vista;1353;Mexico;Small City
San Pedro Tarimbaro;1353;Mexico;Small City
Portezuelo;1353;Mexico;Small City
San Pedro Cacahuatepec;1353;Mexico;Small City
Senor del Pozo;1353;Mexico;Small City
Ixcamilpa;1354;Mexico;Small City
San Jose Villa de Allende;1354;Mexico;Small City
Lomas de San Pablo;1354;Mexico;Small City
Enramadas;1355;Mexico;Small City
Villa Insurgentes (El Calabazal);1355;Mexico;Small City
Angeles;1355;Costa Rica;Small City
Llano de Enmedio;1355;Mexico;Small City
Xochitepec;1356;Mexico;Small City
Chiscas;1356;Colombia;Small City
Tula;1356;Mexico;Small City
Ixhuapan;1356;Mexico;Small City
Lo de Lamedo;1356;Mexico;Small City
Colonia la Libertad;1356;Mexico;Small City
San Antonio del Rosario;1356;Mexico;Small City
La Colonia Guadalupe;1356;Mexico;Small City
La Presumida;1357;Mexico;Small City
Progresso;1357;Belize;Small City
Alejandro Gallinal;1357;Uruguay;Small City
Santa Cruz Ajajalpan;1357;Mexico;Small City
Ignacio Zaragoza;1357;Mexico;Small City
Cala Norte;1357;Mexico;Small City
San Juan Huiluco;1358;Mexico;Small City
Villa Hermosa;1358;Mexico;Small City
San Miguel Epejan;1358;Mexico;Small City
San Agustin Atenango;1358;Mexico;Small City
Pueblo Nuevo;1359;Mexico;Small City
Palmar de Cuautla;1359;Mexico;Small City
Buenavista de Benito Juarez;1359;Mexico;Small City
Coronel Martinez;1359;Paraguay;Small City
San Gabriel;1359;Mexico;Small City
Sibaca;1359;Mexico;Small City
Alvaro Obregon;1359;Mexico;Small City
San Agustin;1359;Mexico;Small City
San Ignacio;1360;Mexico;Small City
El Refugio de los Sauces;1360;Mexico;Small City
Santa Clara;1360;Panama;Small City
Francisco Villa;1360;Mexico;Small City
Articulo Primero Constitucional;1360;Mexico;Small City
Morrito;1360;Nicaragua;Small City
Burica;1360;Panama;Small City
Higuera Blanca;1360;Mexico;Small City
Santa Teresa;1360;Mexico;Small City
Los Nogales;1360;Mexico;Small City
La Joya;1360;Mexico;Small City
Zangarro (Zangarro Nuevo);1360;Mexico;Small City
Santa Elena;1361;Honduras;Small City
Colinas del Sol;1361;Mexico;Small City
Zacatonal de Juarez;1361;Mexico;Small City
Santiago Ixcuintepec;1361;Mexico;Small City
Xochicalco (Cirenio Longares);1361;Mexico;Small City
Tierra Blanca;1361;Mexico;Small City
Lazaro Cardenas;1361;Mexico;Small City
Tesoco;1362;Mexico;Small City
Alborada;1362;Mexico;Small City
La Loma (La Loma de Quila);1362;Mexico;Small City
Santa Rosa de Rivas;1362;Mexico;Small City
Colonia Gomez Morin;1362;Mexico;Small City
Manuel Avila Camacho;1362;Mexico;Small City
Galerade Panales;1362;Mexico;Small City
La Reforma;1362;Mexico;Small City
Subirana;1362;Honduras;Small City
Amado Nervo;1362;Mexico;Small City
Santa Rosalia;1363;Colombia;Small City
Congregacion el Tajin;1363;Mexico;Small City
Plaza de Caisan;1363;Panama;Small City
Santa Cruz Pocitos;1363;Mexico;Small City
Yetla;1363;Mexico;Small City
Buen Retiro (El Retiro);1364;Mexico;Small City
Los Galvan;1364;Mexico;Small City
Bachomobampo Numero Dos;1365;Mexico;Small City
Punta Arena;1365;Mexico;Small City
Byera Village;1365;Saint Vincent and the Grenadines;Small City
Tierra Blanca;1366;Mexico;Small City
Paso Nacional;1366;Mexico;Small City
La Estacion;1366;Mexico;Small City
La Higuerita (Colonia San Rafael);1366;Mexico;Small City
Teremendo;1366;Mexico;Small City
Jose Maria Morelos;1366;Mexico;Small City
San Lorenzo Vista Hermosa;1367;Mexico;Small City
Arroyos;1367;Mexico;Small City
Emiliano Zapata;1367;Mexico;Small City
Guadalupe;1367;Mexico;Small City
Arroyo del Potrero;1367;Mexico;Small City
El Venado;1367;Mexico;Small City
Rodrigo M. Quevedo;1367;Mexico;Small City
El Tepetate;1367;Mexico;Small City
El Rodeo;1367;Mexico;Small City
El Lampotal;1368;Mexico;Small City
Rio Sereno;1368;Panama;Small City
Flor Batavia;1368;Mexico;Small City
Buenavista de Cortes;1368;Mexico;Small City
San Nicolas;1368;Mexico;Small City
Calle Real;1368;Mexico;Small City
Santa Cruz el Porvenir;1368;Mexico;Small City
Tlacoaxtla;1369;Mexico;Small City
Jauregui;1369;Mexico;Small City
Cuxpala;1369;Mexico;Small City
El Rucio;1369;Mexico;Small City
Ibarra;1369;Mexico;Small City
Guadalupe Victoria;1369;Mexico;Small City
Icxotitla;1369;Mexico;Small City
Santa Maria Colotepec;1369;Mexico;Small City
El Embarcadero;1370;Mexico;Small City
Congregacion Hidalgo;1370;Mexico;Small City
Jicaro Galan;1370;Honduras;Small City
Cerro Guzman;1370;Mexico;Small City
Juan Adrian;1371;Dominican Republic;Small City
Tecacahuaco;1371;Mexico;Small City
Barrio el Vivero;1371;Mexico;Small City
Maggotty;1371;Jamaica;Small City
Chacalapa;1371;Mexico;Small City
San Salvador Torrecillas;1371;Mexico;Small City
Apalani;1371;Mexico;Small City
El Tunal;1372;Mexico;Small City
Villa Hidalgo;1372;Mexico;Small City
Seis de Enero;1372;Mexico;Small City
Patuan;1373;Mexico;Small City
Ojo de Agua de Solano;1373;Mexico;Small City
El Copetillo;1373;Mexico;Small City
San Miguel;1373;Mexico;Small City
Lazaro Cardenas;1373;Mexico;Small City
Alanje;1373;Panama;Small City
Capula;1373;Mexico;Small City
Ekpedz;1374;Mexico;Small City
Jose Guadalupe Rodriguez;1374;Mexico;Small City
Santa Maria Huamelula;1374;Mexico;Small City
San Julian;1374;Mexico;Small City
El Diamante (La Retranca);1374;Mexico;Small City
Huepaco;1374;Mexico;Small City
Sierra Colorada;1374;Argentina;Small City
Santa Anita;1374;Mexico;Small City
Quetame;1374;Colombia;Small City
Rio Duque;1374;Panama;Small City
Pezmatlan;1375;Mexico;Small City
Lazaro Cardenas;1375;Mexico;Small City
Saboya;1375;Colombia;Small City
Siachoque;1375;Colombia;Small City
San Vicente de Juarez;1375;Mexico;Small City
Guadalupe de Rivera;1375;Mexico;Small City
La Capilla;1375;Colombia;Small City
Cajelitos;1376;Mexico;Small City
Huitzmaloc;1376;Mexico;Small City
Cocoyotla;1376;Mexico;Small City
Teneria;1376;Mexico;Small City
Rio Limpio;1376;Dominican Republic;Small City
Tepeteno de Iturbide;1377;Mexico;Small City
El Refugio de Providencia (Providencia);1377;Mexico;Small City
Loma de los Hoyos;1377;Mexico;Small City
Ciudad Chemuyil;1377;Mexico;Small City
Atzalan;1377;Mexico;Small City
Tandzumadz;1377;Mexico;Small City
Tixmadeje Chiquito;1377;Mexico;Small City
Palos Verdes;1377;Mexico;Small City
San Bernardo;1377;Mexico;Small City
Santa Isabel;1378;Mexico;Small City
Palmillas;1378;Mexico;Small City
Tecuanipa;1378;Mexico;Small City
Palo Gacho;1378;Mexico;Small City
Alamos Tepetitlan;1378;Mexico;Small City
San Jose del Sitio;1378;Mexico;Small City
Santiaguillo;1378;Mexico;Small City
Estanzuela;1379;Mexico;Small City
El Coto;1379;Mexico;Small City
Tozongo;1379;Mexico;Small City
Chalchihuapan;1379;Mexico;Small City
Trapiche del Rosario;1379;Mexico;Small City
San Jose de Abajo;1379;Mexico;Small City
Bacabachi;1380;Mexico;Small City
Santa Maria Puxmetacan;1380;Mexico;Small City
Los Lorenzos;1380;Mexico;Small City
Comejen;1380;Mexico;Small City
Ejido los Huastecos;1380;Mexico;Small City
Pueblito de Allende;1381;Mexico;Small City
Las Tazas;1381;Mexico;Small City
Tepusco;1381;Mexico;Small City
Boca de Parita;1381;Panama;Small City
La Libertad;1381;Mexico;Small City
Coto Norte;1381;Puerto Rico;Small City
San Agustin Huitzizilapan;1381;Mexico;Small City
Jesus Carranza (Rancho de Jesus);1382;Mexico;Small City
Rayon;1382;Mexico;Small City
Zapoapan de Cabanas;1382;Mexico;Small City
Cuauhtemoc;1382;Mexico;Small City
Arellano;1382;Mexico;Small City
Ixcatla;1382;Mexico;Small City
Rinconada;1382;Mexico;Small City
Aputzio de Juarez;1383;Mexico;Small City
Zaragoza (Puerto de Medina);1383;Mexico;Small City
Bisira;1383;Panama;Small City
Las Grullas Margen Derecha;1383;Mexico;Small City
San Andres de la Cal;1383;Mexico;Small City
Maripa;1383;Mexico;Small City
Sotelo;1383;Mexico;Small City
El Tule;1383;Mexico;Small City
Vicente Guerrero;1383;Mexico;Small City
Los Berros;1383;Mexico;Small City
San Jeronimo Totoltepec;1383;Mexico;Small City
Miraflores;1384;Mexico;Small City
Cebadilla 1ra. Seccion;1384;Mexico;Small City
Xochiltepec;1385;Mexico;Small City
Telchaquillo;1385;Mexico;Small City
Chila de Juarez;1385;Mexico;Small City
San Andres Enguaro;1385;Mexico;Small City
Canada de Negros;1385;Mexico;Small City
Puerto Alto;1385;Honduras;Small City
El Zapotal;1385;Mexico;Small City
Santo Tomas;1386;Mexico;Small City
Zaragoza;1386;Mexico;Small City
Ignacio Zaragoza;1386;Mexico;Small City
Justo Sierra;1386;Mexico;Small City
Tlachichilco;1386;Mexico;Small City
Yosphi;1386;Mexico;Small City
Rio Pico;1386;Argentina;Small City
Tecalpulco;1386;Mexico;Small City
San Francisco de Rivas;1387;Mexico;Small City
Jose F. Gutierrez;1387;Mexico;Small City
Tlatzala;1387;Mexico;Small City
Uren;1387;Mexico;Small City
Ahuacatitlan;1387;Mexico;Small City
San Mateo el Viejo;1387;Mexico;Small City
Corpus Christi;1387;Paraguay;Small City
Castle Bruce;1387;Dominica;Small City
Ahuatepec de Camino;1387;Mexico;Small City
Dzibikak;1388;Mexico;Small City
Belmira;1388;Colombia;Small City
Ahuehuetzingo;1388;Mexico;Small City
Arroyo Limon;1389;Mexico;Small City
Santa Rita;1389;Mexico;Small City
La Maruja;1389;Argentina;Small City
La Reforma;1389;Mexico;Small City
La Ceiba;1389;Mexico;Small City
Colonia Reforma Tlalmimilolpan;1389;Mexico;Small City
El Sauce;1389;Honduras;Small City
Carona;1390;Mexico;Small City
Xilocuautla;1390;Mexico;Small City
Sesori;1390;El Salvador;Small City
Zoquiapa;1390;Mexico;Small City
Paispamba;1390;Colombia;Small City
San Roque de Torres;1390;Mexico;Small City
Residencial las Olas;1391;Mexico;Small City
Ranquitte;1391;Haiti;Small City
San Miguel Atlapulco;1391;Mexico;Small City
Acatempan;1391;Mexico;Small City
Nueva Armenia;1392;Honduras;Small City
Bolon;1392;Mexico;Small City
Mafafas;1392;Mexico;Small City
Bustamante;1392;Mexico;Small City
El Mirador;1392;Mexico;Small City
Real de Catorce;1392;Mexico;Small City
Yataity del Norte;1392;Paraguay;Small City
Lomas de Tepemecatl;1392;Mexico;Small City
La Palma;1392;Mexico;Small City
Belisario Dominguez;1393;Mexico;Small City
Coatepec;1393;Mexico;Small City
Portobelo;1393;Panama;Small City
Nuevo Xochimilco;1393;Mexico;Small City
Benito Juarez;1393;Mexico;Small City
Toliman;1393;Mexico;Small City
Onzaga;1393;Colombia;Small City
Canas;1393;Mexico;Small City
Carpinteros;1393;Mexico;Small City
Santa Maria Transpontina;1393;Mexico;Small City
San Francisco Oxtutla;1393;Mexico;Small City
Licenciado Gustavo Diaz Ordaz;1394;Mexico;Small City
El Aranado;1395;Argentina;Small City
Rancho Nuevo;1395;Mexico;Small City
La Joya;1396;Mexico;Small City
Las Masas (La Luz Masas);1396;Mexico;Small City
San Lucas;1396;Mexico;Small City
El Botadero;1396;Mexico;Small City
Bellavista;1396;Colombia;Small City
Ignacio Allende;1396;Mexico;Small City
Cabrera;1397;Colombia;Small City
Canada;1397;Mexico;Small City
Jicayan de Tovar;1397;Mexico;Small City
Chambellan;1397;Haiti;Small City
Cerritos;1397;Mexico;Small City
Trejos;1398;Mexico;Small City
Oriente 6ta. Seccion (Los Mulatos);1398;Mexico;Small City
Yahualica;1398;Mexico;Small City
Francisco I. Madero;1398;Mexico;Small City
Barranco;1398;Panama;Small City
Tanaquillo;1398;Mexico;Small City
Punta Ocote;1399;Honduras;Small City
Chicuasen;1399;Mexico;Small City
El Progreso;1399;Mexico;Small City
Huay Max;1399;Mexico;Small City
El Huecu;1399;Argentina;Small City
Cedro de la Manzana;1399;Mexico;Small City
General Higinio Morinigo;1399;Paraguay;Small City
San Nicolas Tolentino;1399;Mexico;Small City
Santo Domingo Atoyatempan;1400;Mexico;Small City
Philipsburg;1400;;Small City
Huitepec;1400;Mexico;Small City
La Concha (La Concepcion);1400;Mexico;Small City
Aratichanguio;1401;Mexico;Small City
Veintiuno de Agosto;1401;Mexico;Small City
Atotonilco;1401;Mexico;Small City
La Amistad;1401;Mexico;Small City
Palo Alto;1402;Mexico;Small City
Jagual;1402;Puerto Rico;Small City
Higueras de los Natoches;1402;Mexico;Small City
Jacareacanga;1402;Brazil;Small City
La Mojonera;1403;Mexico;Small City
Buenavista;1403;Mexico;Small City
Felipe Angeles;1403;Mexico;Small City
San Pedro Juchaltengo;1404;Mexico;Small City
Burgos;1404;Mexico;Small City
Villa Rotaria;1404;Mexico;Small City
Colonia Abraham Gonzalez (La Quemada);1404;Mexico;Small City
El Guayabito;1404;Honduras;Small City
Aticama;1404;Mexico;Small City
San Alejo;1404;Mexico;Small City
Santa Cruz Cuautomatitla;1405;Mexico;Small City
Quebradas;1405;Honduras;Small City
Llano Grande;1405;Mexico;Small City
Rio Chiquito;1405;Honduras;Small City
Xohuayan;1405;Mexico;Small City
Ceibas;1405;Argentina;Small City
San Isidro Monterrosas;1405;Mexico;Small City
Rio Blanco;1406;Puerto Rico;Small City
El Mentidero;1406;Mexico;Small City
El Arenal;1406;Mexico;Small City
Santa Lucia La Reforma;1406;Guatemala;Small City
Rancho Nuevo de Morelos (De Guadalupe);1406;Mexico;Small City
Copila;1406;Mexico;Small City
Tlaola;1406;Mexico;Small City
Tepeyehualco de Hidalgo;1406;Mexico;Small City
Pueblo Viejo;1406;Mexico;Small City
Ignacio Manuel Altamirano;1406;Mexico;Small City
Los Charcos;1406;Mexico;Small City
San Diego;1407;Mexico;Small City
Bravo;1407;Mexico;Small City
Paso de la Mina 2da. Seccion (Barrial);1407;Mexico;Small City
Orba (Infiernito);1407;Mexico;Small City
Tequisquiapan;1407;Mexico;Small City
Santa Anita;1408;Mexico;Small City
Ojo de Agua de la Trinidad;1408;Mexico;Small City
San Bartolome Loxicha;1408;Mexico;Small City
Kusapin;1408;Panama;Small City
Culico 2da. Seccion;1408;Mexico;Small City
Zamachihue;1408;Mexico;Small City
San Isidro Huilotepec;1408;Mexico;Small City
El Tizate;1408;Mexico;Small City
Ixtacapa el Chico;1409;Mexico;Small City
Cuauhtamingo;1409;Mexico;Small City
Colonia las Arboledas;1409;Mexico;Small City
Morelos;1409;Mexico;Small City
Porfirio Diaz;1409;Mexico;Small City
Chavarrillo;1409;Mexico;Small City
San Francisco Ozomatlan;1410;Mexico;Small City
Lagunillas;1410;Mexico;Small City
Santa Clara;1410;Panama;Small City
Manta;1410;Colombia;Small City
La Angostura;1410;Mexico;Small City
San Antonio de las Palmas;1411;Mexico;Small City
El Tecolote;1411;Mexico;Small City
Nuevo Guerrero;1411;Mexico;Small City
Ulster Spring;1411;Jamaica;Small City
Valladolid;1411;Mexico;Small City
Emiliano Zapata;1411;Mexico;Small City
Pochotillo;1411;Mexico;Small City
Gato Colorado;1412;Argentina;Small City
Oropoli;1412;Honduras;Small City
Merida;1412;Mexico;Small City
Caobas;1412;Mexico;Small City
Camocuautla;1412;Mexico;Small City
Picholco;1413;Mexico;Small City
Salisbury;1413;Dominica;Small City
Adolfo Moreno;1413;Mexico;Small City
El Maguey;1413;Mexico;Small City
El Aguila (La Mesa);1413;Mexico;Small City
Canada de Guadarrama;1414;Mexico;Small City
Xochitlaxco (San Baltazar);1414;Mexico;Small City
Santa Maria Guadalupe Tecola;1414;Mexico;Small City
Ejutla;1414;Mexico;Small City
Lomas de Vallejos;1415;Argentina;Small City
Palo Mulato;1415;Mexico;Small City
San Antonio Xoquitla;1415;Mexico;Small City
San Jose de Ayala;1415;Mexico;Small City
Buena Vista (Puxcatan);1415;Mexico;Small City
San Martin Tlapala;1415;Mexico;Small City
Cacota;1415;Colombia;Small City
El Polvorin;1415;Mexico;Small City
San Juan de Sabinas;1415;Mexico;Small City
Cabra Numero Uno;1415;Panama;Small City
San Luis Boro;1415;Mexico;Small City
El Porvenir;1416;Mexico;Small City
El Carmen;1416;Mexico;Small City
Chavaxtla;1416;Mexico;Small City
Soufriere;1416;Dominica;Small City
La Labor;1416;Honduras;Small City
La Playa;1417;Mexico;Small City
Taxadho;1417;Mexico;Small City
Providencia de Napoles;1417;Mexico;Small City
Las Varas (Estacion Babicora);1417;Mexico;Small City
Cucaita;1417;Colombia;Small City
San Miguel Xoltepec;1417;Mexico;Small City
San Pablo de los Gallos;1417;Mexico;Small City
Casa Blanca;1417;Mexico;Small City
Los Condes;1418;Mexico;Small City
Labor de Peralta;1418;Mexico;Small City
Tlalconteno;1418;Mexico;Small City
Bajandas;1418;Puerto Rico;Small City
La Tesorera;1418;Mexico;Small City
Sabanalarga;1419;Colombia;Small City
Egipto;1419;Mexico;Small City
Arcelia de Rodriguez;1419;Mexico;Small City
San Jose de Cusmapa;1419;Nicaragua;Small City
Sibanilja Pocolum;1419;Mexico;Small City
Los Pollos;1419;Panama;Small City
Fraccionamiento Praderas de la Venta;1420;Mexico;Small City
Caja de Agua;1420;Mexico;Small City
Chinantla;1420;Mexico;Small City
Nuevo Francisco Leon;1420;Mexico;Small City
Veinte de Noviembre;1420;Mexico;Small City
Temastian (La Cantera);1421;Mexico;Small City
Comapa;1421;Mexico;Small City
La Esperanza;1421;Mexico;Small City
Cuaxoxpan;1421;Mexico;Small City
Polvillos (San Bartolo Quinta Seccion);1421;Mexico;Small City
Nativitas;1421;Mexico;Small City
Huizachal;1421;Mexico;Small City
Santiago Tepextla;1422;Mexico;Small City
Espino;1422;Puerto Rico;Small City
Chichimequillas;1422;Mexico;Small City
Santa Cruz La Laguna;1422;Guatemala;Small City
X-Hazil Sur;1422;Mexico;Small City
Tlaltecahuacan;1423;Mexico;Small City
La Magdalena de los Reyes (La Magdalena);1423;Mexico;Small City
San Bartolo Lanzados;1424;Mexico;Small City
Ixcateopan;1424;Mexico;Small City
Tronconal;1424;Mexico;Small City
Los Tangos;1424;Honduras;Small City
Tanute;1424;Mexico;Small City
Derramaderos;1424;Mexico;Small City
Tlaltetelco (San Miguel Tlaltetelco);1424;Mexico;Small City
Ixpila;1424;Mexico;Small City
Mazapiltepec;1425;Mexico;Small City
Arroyo Seco;1425;Mexico;Small City
Atacheo de Regalado;1425;Mexico;Small City
Nuevo Michoacan (Estacion Riito);1425;Mexico;Small City
Abrevadero;1425;Mexico;Small City
San Antonio Rayon;1425;Mexico;Small City
Cantioc;1426;Mexico;Small City
Santa Martha Chichihualtepec;1426;Mexico;Small City
Tepetongo;1426;Mexico;Small City
San Pablo Huacano;1427;Mexico;Small City
La Palma;1427;Mexico;Small City
Agua Fria;1427;Mexico;Small City
Jilotzingo;1427;Mexico;Small City
Las Sabanetas;1427;Mexico;Small City
Colonia Obrera;1427;Mexico;Small City
Araro;1427;Mexico;Small City
El Sitio;1427;Mexico;Small City
Mexquitic de Carmona;1428;Mexico;Small City
Tacicuaro;1428;Mexico;Small City
Juan del Grijalva;1428;Mexico;Small City
Cash;1429;Mexico;Small City
Tlaxpanaloya;1429;Mexico;Small City
Javier Rojo Gomez;1429;Mexico;Small City
San Ignacio de Tupile;1429;Panama;Small City
Dextho de Victoria;1429;Mexico;Small City
Los Limones;1429;Mexico;Small City
San Andres Teotilalpam;1429;Mexico;Small City
El Conchero;1429;Mexico;Small City
La Despensa;1430;Mexico;Small City
San Cayetano;1430;Colombia;Small City
Santa Cruz;1430;Honduras;Small City
Majagual;1430;Dominican Republic;Small City
San Lucas Texcaltitlan;1430;Mexico;Small City
General Enrique Martinez;1430;Uruguay;Small City
San Martin;1430;Mexico;Small City
General Alvear;1431;Argentina;Small City
Ex-Hacienda del Copal;1431;Mexico;Small City
Viva Cardenas;1431;Mexico;Small City
Nuevo Pumpuapa (Cereso);1431;Mexico;Small City
Tepetitan;1431;Mexico;Small City
San Jose del Boqueron;1432;Honduras;Small City
Sutamarchan;1432;Colombia;Small City
La Gavia;1432;Mexico;Small City
Valle del Rio;1432;Mexico;Small City
Virginias;1432;Mexico;Small City
Gualjoco;1432;Honduras;Small City
Lazaro Cardenas (Santana);1433;Mexico;Small City
Rio Blanco;1433;Mexico;Small City
Bara de Chachalacas;1433;Mexico;Small City
Tacubaya;1433;Mexico;Small City
Potters Village;1433;Antigua and Barbuda;Small City
Santa Catarina;1433;Mexico;Small City
Benito Juarez (La Playita);1433;Mexico;Small City
Atecax;1433;Mexico;Small City
Rizo de Oro;1434;Mexico;Small City
La Humedad;1434;Mexico;Small City
Ayotla;1434;Mexico;Small City
San Francisco Oxtotilpan;1435;Mexico;Small City
San Nicolas el Oro;1435;Mexico;Small City
San Antonio;1435;Panama;Small City
El Tigre;1435;Honduras;Small City
San Antonio de la Laguna;1436;Mexico;Small City
El Porvenir de Velasco Suarez;1436;Mexico;Small City
Tatahuicapa;1436;Mexico;Small City
Rio de la Soledad;1436;Mexico;Small City
Los Pozos;1436;Mexico;Small City
Chiquimitio;1436;Mexico;Small City
Santa Maria Acu;1437;Mexico;Small City
La Estancia de Amezcua;1437;Mexico;Small City
San Andres;1437;Mexico;Small City
La Laguna;1438;Mexico;Small City
San Jeronimo Coaltepec;1438;Mexico;Small City
El Lolo;1438;Honduras;Small City
San Vicente el Alto;1438;Mexico;Small City
Penuelas;1438;Mexico;Small City
Estacion de Apulco;1438;Mexico;Small City
Colonia Libertad;1438;Argentina;Small City
31 de Octubre;1440;Mexico;Small City
Xanaba;1440;Mexico;Small City
Tupataro;1441;Mexico;Small City
San Miguel Axoxuca;1441;Mexico;Small City
Tlaxcalixtlahuaca;1441;Mexico;Small City
Conjunto Habitacional el Trebol;1441;Mexico;Small City
Cusuna;1441;Honduras;Small City
Chapopote Chico;1441;Mexico;Small City
San Bernardo;1441;Mexico;Small City
Almolonga;1442;Mexico;Small City
Aquiles Serdan;1442;Mexico;Small City
Poblado Chulavista (El Chorizo);1442;Mexico;Small City
San Juan Chilateca;1442;Mexico;Small City
San Miguel Tecuitlapa;1442;Mexico;Small City
La Union;1442;Mexico;Small City
Jucutacato;1442;Mexico;Small City
Las Trojas;1442;Mexico;Small City
La Placita de Morelos;1442;Mexico;Small City
Paraje la Pera;1442;Mexico;Small City
Plan de Ayala;1443;Mexico;Small City
San Buenaventura;1443;Mexico;Small City
Banica;1443;Dominican Republic;Small City
La Libertad;1444;Honduras;Small City
Paisanos;1444;Mexico;Small City
San Jose Villarreal;1444;Mexico;Small City
Texcala;1444;Mexico;Small City
Mixtla;1444;Mexico;Small City
San Miguel Chimalapa;1444;Mexico;Small City
Colonia Aviacion Autopan;1444;Mexico;Small City
San Pedro Petlacotla;1444;Mexico;Small City
San Jose;1444;Panama;Small City
Francisco I. Madero;1444;Mexico;Small City
San Francisco Tlaloc;1445;Mexico;Small City
Chorotis;1445;Argentina;Small City
Moroncarit;1445;Mexico;Small City
Villa Gregorio Garcia;1446;Mexico;Small City
El Jicaral;1446;Nicaragua;Small City
Monte Largo 1ra. Seccion;1446;Mexico;Small City
Flor Azul;1446;Mexico;Small City
La Capilla;1446;Mexico;Small City
San Juan Lagunas;1446;Mexico;Small City
Tonayan;1446;Mexico;Small City
San Isidro;1446;Mexico;Small City
San Pedro Apostol;1447;Mexico;Small City
Santiago;1447;Mexico;Small City
La Esperanza;1447;Mexico;Small City
San Antonio Solis;1447;Mexico;Small City
Las Colinas;1447;Panama;Small City
Juan de la Granja;1447;Mexico;Small City
Puerto Parra;1448;Colombia;Small City
La Mesa;1448;Panama;Small City
San Jose las Lomas;1448;Mexico;Small City
Santa Genoveva de Docordo;1448;Colombia;Small City
Vista Hermosa (Cuasinada);1448;Mexico;Small City
Loma de Juarez;1448;Mexico;Small City
San Fernando;1448;Mexico;Small City
Lapachito;1448;Argentina;Small City
Ciudad Satelite;1448;Mexico;Small City
Tetecolala;1449;Mexico;Small City
Yaguacire;1449;Honduras;Small City
Los Medranos;1449;Mexico;Small City
Santiago Ayuquililla;1449;Mexico;Small City
Cahuatache;1449;Mexico;Small City
Usipa;1450;Mexico;Small City
Gabriel Leyva Solano (Zapotillo Dos);1450;Mexico;Small City
Majomut;1450;Mexico;Small City
Animas;1450;Puerto Rico;Small City
Basuchil;1451;Mexico;Small City
Fosca;1451;Colombia;Small City
Barrio los Tules;1451;Mexico;Small City
Jurare;1451;Mexico;Small City
Tornabe;1452;Honduras;Small City
Orizaba;1452;Mexico;Small City
Ejido de Coscomate del Progreso;1452;Mexico;Small City
San Buenaventura;1452;Honduras;Small City
La Linea;1452;Mexico;Small City
Patosil;1452;Mexico;Small City
Lucerna;1452;Honduras;Small City
Goros Numero Dos;1453;Mexico;Small City
San Antonio;1453;Uruguay;Small City
El Salto;1453;Mexico;Small City
Matamoros;1453;Mexico;Small City
Jose de San Martin;1453;Argentina;Small City
Tlacolulan;1453;Mexico;Small City
Tepetzitzintla;1453;Mexico;Small City
Mi Patria es Primero;1455;Mexico;Small City
Santiago Undameo;1455;Mexico;Small City
San Jose Pathe;1455;Mexico;Small City
Nuevo Leon;1456;Mexico;Small City
Marmato;1456;Colombia;Small City
San Juan Atezcapan;1456;Mexico;Small City
San Juan;1457;Mexico;Small City
Santa Maria Amajac;1457;Mexico;Small City
La Concepcion;1457;Mexico;Small City
Pedro Garcia;1457;Dominican Republic;Small City
San Juan de Dios (Naranjas de Dios);1457;Mexico;Small City
Tamazulita;1457;Mexico;Small City
La Esperanza;1458;Mexico;Small City
Los Saucos;1458;Mexico;Small City
Campo Balbuena;1458;Mexico;Small City
Colonia Palma;1459;Mexico;Small City
Santiago Quiavicuzas;1459;Mexico;Small City
Fermin Rabadan Cervantes;1459;Mexico;Small City
Gildardo Magana (Los Angeles);1460;Mexico;Small City
El Potrerillo (Potrerillo del Rincon);1460;Mexico;Small City
Santiago;1460;Mexico;Small City
Emiliano Zapata;1460;Mexico;Small City
Laguna Verde;1460;Honduras;Small City
Rancho Nuevo;1460;Mexico;Small City
San Juan Bautista Jayacatlan;1462;Mexico;Small City
San Jose Tlacotitlan;1462;Mexico;Small City
Chacoma;1462;Mexico;Small City
Higueras;1462;Mexico;Small City
San Javier;1462;Mexico;Small City
La Libertad;1462;Mexico;Small City
El Zapote Bravo;1463;Mexico;Small City
El Capomal;1463;Mexico;Small City
Tiholop;1463;Mexico;Small City
Santa Catarina;1463;Mexico;Small City
San Jose;1463;Honduras;Small City
Plan de Ayala;1463;Mexico;Small City
San Jose Cuaro;1463;Mexico;Small City
Ejido Vicente Guerrero;1463;Mexico;Small City
San Diego;1463;Mexico;Small City
Giraldo;1464;Colombia;Small City
Xochicuautla;1464;Mexico;Small City
San Juan de los Cues;1464;Mexico;Small City
Conscripto Bernardi;1464;Argentina;Small City
Balsamo Oriental;1465;Honduras;Small City
Xaaga;1465;Mexico;Small City
Huachinantla;1465;Mexico;Small City
Agua Nueva;1465;Mexico;Small City
Mbutuy;1466;Paraguay;Small City
San Pedro Nuevo;1466;Mexico;Small City
Chiquila;1466;Mexico;Small City
Costa Azul;1466;Mexico;Small City
Estacion Mogone;1466;Mexico;Small City
Cubara;1466;Colombia;Small City
Jaque;1466;Panama;Small City
El Molino;1466;Mexico;Small City
Entronque de Matehuala (El Huizache);1467;Mexico;Small City
Palmillas de San Juan;1467;Mexico;Small City
Ricardo Flores Magon;1467;Mexico;Small City
La Angostura;1467;Mexico;Small City
Villa Reduccion;1467;Argentina;Small City
San Juan Totolapan;1467;Mexico;Small City
Pilcaniyeu;1467;Argentina;Small City
Tres Estrellas;1467;Mexico;Small City
Florencia;1467;Colombia;Small City
San Rafael Rio Seco;1468;Mexico;Small City
Yaurel;1468;Puerto Rico;Small City
Santiago Vazquez;1468;Uruguay;Small City
Santa Ana Coapan;1468;Mexico;Small City
La Concepcion;1468;Mexico;Small City
Las Penas;1469;Mexico;Small City
Santa Maria de Guaymas;1469;Mexico;Small City
Tamandaro;1469;Mexico;Small City
Angel Albino Corzo (Guadalupe);1469;Mexico;Small City
Concepcion de Guasistagua;1470;Honduras;Small City
El Laurel;1470;Mexico;Small City
San Sebastian Abasolo;1471;Mexico;Small City
Raya Zaragoza;1471;Mexico;Small City
San Sebastian;1471;Honduras;Small City
Joba Arriba;1471;Dominican Republic;Small City
Los Roques;1471;Venezuela, Bolivarian Rep. of;Small City
El Sibal;1472;Mexico;Small City
Colonia Chalchihuecan;1472;Mexico;Small City
Santa Maria Urapicho;1472;Mexico;Small City
San Jeronimo el Grande;1472;Mexico;Small City
La Concepcion;1472;Mexico;Small City
Villa San Justo;1473;Argentina;Small City
Cuendo;1473;Mexico;Small City
Coahuayutla de Guerrero;1473;Mexico;Small City
Benito Juarez;1473;Mexico;Small City
San Miguel Yuxtepec;1473;Mexico;Small City
Aquiles Serdan 1ra. Seccion;1473;Mexico;Small City
Carmelita;1474;Belize;Small City
La Concepcion;1474;Mexico;Small City
Ohuilapam;1474;Mexico;Small City
San Jose Lachiguiri;1474;Mexico;Small City
Pasaje;1474;Mexico;Small City
Tres Garantias;1474;Mexico;Small City
Santa Maria Nativitas;1474;Mexico;Small City
Santa Catarina Cuixtla;1474;Mexico;Small City
El Pintor;1474;Mexico;Small City
Samalayuca;1474;Mexico;Small City
Xicotencatl;1474;Mexico;Small City
San Isidro;1476;Mexico;Small City
San Bartolo Ozocalpan;1476;Mexico;Small City
Purisima de Cubos (La Purisima);1476;Mexico;Small City
Guadalupe Libertad;1476;Mexico;Small City
Puxtla;1476;Mexico;Small City
El Colomo;1476;Mexico;Small City
San Juan Pancoac;1476;Mexico;Small City
Maravilla Tenejapa;1477;Mexico;Small City
Primer Canton;1477;Mexico;Small City
El Palmar (San Gabriel);1477;Mexico;Small City
Baburia;1477;Mexico;Small City
Zapotitlan Lagunas;1477;Mexico;Small City
Colonia Isidro Fabela;1478;Mexico;Small City
Hueyapa;1478;Mexico;Small City
Tonosi;1478;Panama;Small City
San Juan;1478;Mexico;Small City
La Gloria;1478;Mexico;Small City
Valle de los Girasoles [Fraccionamiento];1478;Mexico;Small City
Genaro Codina;1479;Mexico;Small City
San Juan Atepec;1479;Mexico;Small City
El Rosario;1479;Mexico;Small City
Copandaro (Copandaro del Cuatro);1479;Mexico;Small City
Pericotepec;1479;Mexico;Small City
Maria Antonia;1479;Puerto Rico;Small City
Tapanala;1479;Mexico;Small City
Suspiro Picacho;1479;Mexico;Small City
Tlamatoca;1479;Mexico;Small City
Muquen;1480;Mexico;Small City
Santa Maria Chicometepec;1480;Mexico;Small City
La Mina;1480;Mexico;Small City
Cuyuxtlahuaca;1480;Mexico;Small City
El Naranjo;1480;Mexico;Small City
El Tepetatal;1480;Mexico;Small City
Zipacon;1480;Colombia;Small City
Tepechicotlan;1480;Mexico;Small City
Pueblito del Rio;1481;Puerto Rico;Small City
Boxasni;1481;Mexico;Small City
Alta Italia;1481;Argentina;Small City
La Estancia;1481;Mexico;Small City
Wawina;1481;Honduras;Small City
Los Nicolases;1481;Mexico;Small City
San Cristobal;1482;Mexico;Small City
Taza de Agua Ojo Zarco;1482;Mexico;Small City
San Miguel Analco;1482;Mexico;Small City
San Martin Obispo (San Martin San Pedro);1483;Mexico;Small City
La Concepcion;1483;Mexico;Small City
El Sacrificio;1483;Mexico;Small City
Portaceli;1483;Mexico;Small City
Bahia Asuncion;1484;Mexico;Small City
La Encarnacion;1484;Honduras;Small City
Lipuntahuaca;1484;Mexico;Small City
Rancho Grande;1484;Honduras;Small City
Apas;1485;Mexico;Small City
Zoquitlan;1485;Mexico;Small City
Ejido del Tejocote;1485;Mexico;Small City
Guadalupe;1485;Mexico;Small City
Vicente Guerrero;1486;Mexico;Small City
Culebra;1486;Puerto Rico;Small City
Isla Holbox;1486;Mexico;Small City
Valle de San Juan;1486;Colombia;Small City
Santa Teresa;1486;Mexico;Small City
Colonia 24 de Febrero;1486;Mexico;Small City
Tlacoapa;1486;Mexico;Small City
Santa Teresita de Don Diego;1487;Mexico;Small City
Mexcala;1487;Mexico;Small City
Santa Maria Guenagati;1487;Mexico;Small City
Juan Pujol;1487;Argentina;Small City
Santa Maria Visitacion;1487;Guatemala;Small City
El Nith;1487;Mexico;Small City
Cerro de Piedra;1487;Mexico;Small City
Norte 1ra. Seccion (San Julian);1488;Mexico;Small City
Benito Juarez;1488;Mexico;Small City
Armenia;1488;Honduras;Small City
Daguao;1488;Puerto Rico;Small City
Pomposo Castellanos;1489;Mexico;Small City
Medio Sitio;1490;Mexico;Small City
Villa de los Ninos;1490;Mexico;Small City
Santo Tomas;1490;Mexico;Small City
Corcovado;1490;Mexico;Small City
Los Saucitos;1490;Mexico;Small City
San Antonio;1490;Mexico;Small City
El Terrero;1490;Mexico;Small City
Ojitos;1490;Mexico;Small City
Puntas de Valdez;1491;Uruguay;Small City
El Sauz de Abajo;1492;Mexico;Small City
Candela;1492;Mexico;Small City
Tziritzicuaro;1492;Mexico;Small City
San Juan del Parana;1492;Paraguay;Small City
La Horqueta (Poblado Doce);1492;Mexico;Small City
Comapa;1493;Guatemala;Small City
Piletas;1493;Mexico;Small City
Nolo;1493;Mexico;Small City
Santa Catalina;1493;Mexico;Small City
Nuevo San Juan;1494;Panama;Small City
San Lucas el Viejo;1494;Mexico;Small City
Rincon de Cedenos (Rincon de Dolores);1494;Mexico;Small City
Comanja;1495;Mexico;Small City
Agua Zarca;1495;Mexico;Small City
Ucum;1495;Mexico;Small City
San Miguel Tecpan;1495;Mexico;Small City
Xcanatun;1495;Mexico;Small City
Tapias de Santa Cruz (Pedro Ruiz Gonzalez);1495;Mexico;Small City
Chinobampo;1495;Mexico;Small City
Carlos Antonio Lopez;1496;Paraguay;Small City
Dorp Rincon;1496;;Small City
Emiliano Zapata;1496;Mexico;Small City
Granjenal;1496;Mexico;Small City
Texcapilla;1497;Mexico;Small City
Bajio de San Nicolas;1498;Mexico;Small City
San Pablo Pixtun;1498;Mexico;Small City
Temaxcaltepec;1498;Mexico;Small City
Santa Ana Azcapotzaltongo;1498;Mexico;Small City
Mojiman;1498;Honduras;Small City
El Tule;1498;Mexico;Small City
El Fuerte;1498;Mexico;Small City
Aquiles Serdan;1498;Mexico;Small City
Francisco Sarabia;1499;Mexico;Small City
Rincon;1499;Puerto Rico;Small City
Francisco Rueda;1499;Mexico;Small City
Santa Fe;1499;Panama;Small City
Cerinza;1499;Colombia;Small City
El Sauz;1499;Mexico;Small City
Palmito del Verde;1499;Mexico;Small City
San Felipe;1499;Belize;Small City
Junin;1499;Colombia;Small City
Kanavayen;1500;Venezuela, Bolivarian Rep. of;Small City
Tapera;1500;Brazil;Small City
Lourdes;1500;Colombia;Small City
Diez de Octubre;1500;Mexico;Small City
Tzintzimeo;1500;Mexico;Small City
El Censo;1500;Mexico;Small City
La Colonia;1500;Mexico;Small City
Spanish Wells;1500;Bahamas;Small City
Transito Tular;1500;Mexico;Small City
Las Gaviotas;1500;Chile;Small City
Caimanero;1500;Mexico;Small City
Isla Bastimentos;1500;Panama;Small City
Corriente 1ra. Seccion;1501;Mexico;Small City
Emiliano Zapata;1501;Mexico;Small City
Teotlalco;1502;Mexico;Small City
Zacualtipanito;1502;Mexico;Small City
Chiconamel;1502;Mexico;Small City
Mixcum;1502;Mexico;Small City
Santa Maria Amajac;1502;Mexico;Small City
Bahuichivo;1502;Mexico;Small City
Calcehtok;1503;Mexico;Small City
San Agustin;1503;Mexico;Small City
Venustiano Carranza;1503;Mexico;Small City
Cofradia de Navolato (Cofradia de los Rocha);1503;Mexico;Small City
Loma de Bacum;1503;Mexico;Small City
Guayabal;1504;Dominican Republic;Small City
Barrio de Canales;1505;Mexico;Small City
Chichicastle 1ra. Seccion;1505;Mexico;Small City
Achotal de Moreno;1505;Mexico;Small City
Encrucijada 3ra. Seccion (Las Calzadas);1505;Mexico;Small City
Estanzuela de Romero;1505;Mexico;Small City
Cozotlan Norte;1505;Mexico;Small City
Auas;1505;Honduras;Small City
San Gaspar;1506;Mexico;Small City
Los Organos de San Agustin;1506;Mexico;Small City
Emiliano Zapata;1507;Mexico;Small City
San Tadeo;1507;Mexico;Small City
Lazaro Cardenas (El Empalme);1507;Mexico;Small City
Ejido Sonora;1507;Mexico;Small City
Coyuquilla Norte;1507;Mexico;Small City
Mayran;1507;Mexico;Small City
Santa Maria la Calera;1507;Mexico;Small City
Alfajayucan;1507;Mexico;Small City
Mequetla;1507;Mexico;Small City
La Estancia;1508;Honduras;Small City
Santa Elena;1508;Mexico;Small City
Gaviotas Sur (El Cedral);1508;Mexico;Small City
Valle Luz;1509;Mexico;Small City
Santa Fe Tepetlapa;1510;Mexico;Small City
Santa Rita;1510;Mexico;Small City
Paquera;1510;Costa Rica;Small City
El Tio;1510;Argentina;Small City
Atalpan;1510;Mexico;Small City
Dieciocho de Marzo;1510;Mexico;Small City
Tejocote de Calera;1510;Mexico;Small City
Pinheiros;1511;Brazil;Small City
Ennery;1511;Haiti;Small City
Santa Maria Yucunicoco;1511;Mexico;Small City
Nuevo Torno Largo;1511;Mexico;Small City
Acegua;1511;Uruguay;Small City
Huitron;1511;Mexico;Small City
Chixtontic;1512;Mexico;Small City
El Mezquitillo;1512;Mexico;Small City
Santiago Tepeticpac;1512;Mexico;Small City
Altos de Chipion;1512;Argentina;Small City
Ignacio Zaragoza;1512;Mexico;Small City
La Canada;1512;Mexico;Small City
San Lorenzo Albarradas;1512;Mexico;Small City
Esquipulas;1512;Costa Rica;Small City
Uripitio;1512;Mexico;Small City
San Isidro;1513;Mexico;Small City
Fraccionamiento las Liebres;1513;Mexico;Small City
Nejapa de Madero;1513;Mexico;Small City
Ejido Patzcuaro;1513;Mexico;Small City
Concepcion;1513;Colombia;Small City
San Joaquin del Monte;1514;Mexico;Small City
Masiaca;1514;Mexico;Small City
Tlachichila;1514;Mexico;Small City
El Porvenir I;1514;Mexico;Small City
Huazantlan del Rio;1514;Mexico;Small City
San Bartolito Tlaltelolco;1514;Mexico;Small City
Benito Juarez;1515;Mexico;Small City
Salazar;1515;Mexico;Small City
La Subida;1515;Mexico;Small City
Antonio J Bermudez;1516;Mexico;Small City
La Peninsula;1516;Mexico;Small City
Rafael Hernandez;1516;Puerto Rico;Small City
Palma Pegada;1516;Mexico;Small City
Paseo de San Javier;1516;Mexico;Small City
Guadalupe Victoria;1517;Mexico;Small City
Tlaltempanapa;1517;Mexico;Small City
Sucopo;1517;Mexico;Small City
Guaymango;1517;El Salvador;Small City
Eureka y Belen;1517;Mexico;Small City
Churuquita Grande;1518;Panama;Small City
Fraccionamiento la Virgen;1518;Mexico;Small City
El Durazno;1518;Mexico;Small City
Cerro de San Francisco;1518;Mexico;Small City
La Loma de los Negritos;1519;Mexico;Small City
Guadalupe Sarabia;1519;Mexico;Small City
Villa Hermosa (Las Pozas);1519;Mexico;Small City
Zothe;1519;Mexico;Small City
Jilotlan de los Dolores;1519;Mexico;Small City
Los Laureles;1519;Argentina;Small City
Tercera Manzana de Zaragoza;1519;Mexico;Small City
San Jacinto;1519;Guatemala;Small City
Barrio de San Juan;1520;Mexico;Small City
Iralaya;1520;Honduras;Small City
Santiago Cuautenco;1520;Mexico;Small City
La Esquina;1520;Mexico;Small City
Teacalco de Dorantes (San Jose Teacalco);1520;Mexico;Small City
Salvador Rosas Magallon;1520;Mexico;Small City
Rancho Viejo;1521;Mexico;Small City
Monte Alegre;1521;Mexico;Small City
El Giral;1522;Panama;Small City
El Rincon;1522;Honduras;Small City
San Mateo Soltepec;1522;Mexico;Small City
La Goma;1522;Mexico;Small City
Coacoyulichan;1522;Mexico;Small City
Carrilobo;1522;Argentina;Small City
Dunmore Town;1523;Bahamas;Small City
Marale;1523;Honduras;Small City
Cartago;1524;Colombia;Small City
Pencuyut;1524;Mexico;Small City
La Sabana;1524;Honduras;Small City
Maravillas;1525;Mexico;Small City
San Rafael Petzal;1525;Guatemala;Small City
Chiriqui Grande;1525;Panama;Small City
San Patricio;1525;Paraguay;Small City
San Cristobal;1525;Mexico;Small City
San Roque;1525;Mexico;Small City
Villa Mantero;1526;Argentina;Small City
San Miguel Papaxtla;1526;Mexico;Small City
Altamira;1526;Mexico;Small City
San Sebastian del Monte;1526;Mexico;Small City
Belisario Dominguez;1526;Mexico;Small City
Benito Gonzalez;1526;Mexico;Small City
Apulco;1526;Mexico;Small City
Zacacoyuca;1526;Mexico;Small City
Pueblo Nuevo;1527;Mexico;Small City
Santa Rosa;1527;Mexico;Small City
Perla de Acapulco;1527;Mexico;Small City
Corcovado;1527;Puerto Rico;Small City
Seis de Octubre;1528;Mexico;Small City
Saint-Louis du Sud;1528;Haiti;Small City
Venta Grande;1528;Mexico;Small City
San Jose Ozumba;1528;Mexico;Small City
Pastos;1528;Puerto Rico;Small City
Toxtla;1529;Mexico;Small City
La Tirana;1529;Chile;Small City
Duque;1529;Puerto Rico;Small City
El Pino;1529;Dominican Republic;Small City
Estero de Milpas;1529;Mexico;Small City
Isla Pucu;1529;Paraguay;Small City
Miguel Valdez Quintero (El Corazon);1530;Mexico;Small City
Colonia los Aguiluchos;1530;Mexico;Small City
Santa Cruz de las Flores;1531;Mexico;Small City
Unidad Habitacional 10 de Abril;1531;Mexico;Small City
Lazaro Cardenas;1531;Mexico;Small City
Xochiatipan de Castillo;1532;Mexico;Small City
Ex-Hacienda de Guadalupe;1532;Mexico;Small City
Esquipulas Palo Gordo;1533;Guatemala;Small City
Ejido de San Mateo Coapexco;1533;Mexico;Small City
Santa Rosa de Lima;1533;Mexico;Small City
Santa Monica;1533;Mexico;Small City
El Arador;1533;Mexico;Small City
Ursulo Galvan;1534;Mexico;Small City
El Chinaco (El Pujido);1534;Mexico;Small City
San Ignacio Nopala;1534;Mexico;Small City
Santa Cruz Xaltetela;1535;Mexico;Small City
San Andres Nicolas Bravo;1535;Mexico;Small City
San Juan Ahuehueco;1535;Mexico;Small City
Las Catarinas;1535;Mexico;Small City
Cerro del Aire;1535;Mexico;Small City
San Lucas del Pulque;1535;Mexico;Small City
Morales;1535;Mexico;Small City
Juan Lopez Abajo;1535;Dominican Republic;Small City
Iracoubo;1536;French Guiana;Small City
Santa Matilde;1537;Mexico;Small City
Querendas;1537;Mexico;Small City
Maclovio Herrera;1538;Mexico;Small City
Mixtlan;1538;Mexico;Small City
Charlestown;1538;Saint Kitts and Nevis;Small City
Tuxcacuesco;1538;Mexico;Small City
Orduna de Abajo;1538;Mexico;Small City
La Lagunilla;1538;Mexico;Small City
Ninguno [CERESO];1539;Mexico;Small City
Mata Obscura;1539;Mexico;Small City
Petite Anse;1539;Haiti;Small City
Tepoxtepec;1539;Mexico;Small City
Pueblo Viejo;1539;Mexico;Small City
Higuerillas;1539;Mexico;Small City
La Defensa;1540;Mexico;Small City
Ahuacatlan;1540;Mexico;Small City
Agua Caliente Grande (De Gastelum);1540;Mexico;Small City
Llano Grande;1540;Mexico;Small City
Ixtapan de la Concepcion;1540;Mexico;Small City
Potrerillo del Norote;1541;Mexico;Small City
Santo Domingo Ocotitlan;1541;Mexico;Small City
Las Lomas;1541;Mexico;Small City
Las Junturas;1541;Argentina;Small City
La Capilla;1541;Mexico;Small City
Arroyo de Enmedio;1541;Mexico;Small City
Guadalupe Victoria;1541;Mexico;Small City
Buenavista de Trujillo;1541;Mexico;Small City
Loma de la Esperanza;1541;Mexico;Small City
Puerto Yerua;1541;Argentina;Small City
El Acebuche;1542;Mexico;Small City
La Loma;1542;Panama;Small City
Huimilpan;1542;Mexico;Small City
Potrerillos;1542;Mexico;Small City
Soyatlan de Afuera;1543;Mexico;Small City
El Rodeo;1543;Mexico;Small City
Mata Tenatito (Casco Hacienda);1543;Mexico;Small City
La Rosa;1543;Mexico;Small City
Colonia Pedro Maria Anaya;1543;Mexico;Small City
Tetlaxco;1543;Mexico;Small City
Castilla La Nueva;1543;Colombia;Small City
El Huerfano;1544;Mexico;Small City
Palomas;1544;Mexico;Small City
Mojarras;1544;Mexico;Small City
Lazaro Cardenas;1544;Mexico;Small City
General Jose Maria Delgado;1544;Paraguay;Small City
Palmichal;1545;Costa Rica;Small City
Colatlan;1545;Mexico;Small City
Santa Cruz de Barcenas;1546;Mexico;Small City
Fraccion Milpillas;1546;Mexico;Small City
Tierras Coloradas;1546;Mexico;Small City
Barrio de la Barranca;1547;Mexico;Small City
Buenos Aires;1547;Mexico;Small City
Santa Ana Zicatecoyan;1547;Mexico;Small City
Potreros;1547;Mexico;Small City
Coscomate del Progreso;1547;Mexico;Small City
Atenguillo;1547;Mexico;Small City
Ejido Gogorron (Ex-Hacienda de Gogorron);1548;Mexico;Small City
El Tamarindo;1548;Mexico;Small City
Santa Elena;1548;Mexico;Small City
General Pedro Maria Anaya;1548;Mexico;Small City
Colonia Doctor Gustavo Baz;1548;Mexico;Small City
Zaragoza;1548;Mexico;Small City
Tancoco;1548;Mexico;Small City
Axochio;1549;Mexico;Small City
Wenceslao Escalante;1549;Argentina;Small City
Caracol;1549;Haiti;Small City
San Felipe Hidalgo;1549;Mexico;Small City
Juan Santiago;1549;Dominican Republic;Small City
Telen;1549;Argentina;Small City
Piedra Parada;1549;Mexico;Small City
Zempoala;1550;Mexico;Small City
El Capulin;1550;Mexico;Small City
Jolotichan;1550;Mexico;Small City
Quitupan;1551;Mexico;Small City
Ixticpan;1551;Mexico;Small City
Arenal Santa Ana;1551;Mexico;Small City
Colonia el Pedregal;1551;Mexico;Small City
Primera de Analco;1551;Mexico;Small City
San Lucas;1551;Mexico;Small City
Sensenti;1551;Honduras;Small City
La Capilla;1552;Mexico;Small City
La Rosa;1552;Honduras;Small City
El Pinto;1552;Mexico;Small City
Lomitas;1552;Honduras;Small City
Galecio Narcia;1553;Mexico;Small City
El Estudiante;1553;Mexico;Small City
Agua de Oro;1553;Argentina;Small City
Carilo;1553;Argentina;Small City
Benito Juarez II (San Martin);1553;Mexico;Small City
Gatun;1553;Panama;Small City
La Caja;1554;Mexico;Small City
San Nicolas del Carmen;1554;Mexico;Small City
San Jose Buenavista;1554;Mexico;Small City
San Luis Anahuac (Toriles);1554;Mexico;Small City
Tetitlan;1554;Mexico;Small City
Emilio Carranza (Santa Cruz);1554;Mexico;Small City
Atlequizayan;1554;Mexico;Small City
San Pablo de los Remedios;1555;Mexico;Small City
Los Pescados;1555;Mexico;Small City
Cerocahui;1556;Mexico;Small City
Pacayas;1556;Costa Rica;Small City
Las Animas;1557;Mexico;Small City
Cerro Gordo;1557;Mexico;Small City
El Carmen;1557;Mexico;Small City
Santa Teresa;1558;Mexico;Small City
Ayapa;1559;Honduras;Small City
Santo Tomas Tamazulapam;1559;Mexico;Small City
El Palmar;1560;Mexico;Small City
Temimilcingo;1560;Mexico;Small City
Kochol;1560;Mexico;Small City
Tepeitic;1560;Mexico;Small City
Ejido Saltillo;1560;Mexico;Small City
Camelia Roja;1560;Mexico;Small City
Los Cristales (Talican);1560;Mexico;Small City
Huascato;1561;Mexico;Small City
Tambores;1561;Uruguay;Small City
Pahactla;1561;Mexico;Small City
Corrales;1561;Colombia;Small City
San Francisco de Guzman;1562;Mexico;Small City
Multe;1562;Mexico;Small City
Tziscao;1562;Mexico;Small City
San Angel;1563;Mexico;Small City
Quiamoloapan;1564;Mexico;Small City
San Andres;1564;Mexico;Small City
Chotepe;1564;Honduras;Small City
Arcabuco;1564;Colombia;Small City
Los Herreras;1565;Mexico;Small City
Xochapa;1565;Mexico;Small City
La Esperanza;1565;Mexico;Small City
Miquihuana;1565;Mexico;Small City
Mariano Matamoros;1566;Mexico;Small City
El Naranjillo;1566;Mexico;Small City
Villa Urquiza;1566;Argentina;Small City
Xocoyolzintla;1566;Mexico;Small City
Tamaulipas;1567;Mexico;Small City
Idiazabal;1567;Argentina;Small City
San Jose del Tunal;1567;Mexico;Small City
La Laborcita;1567;Mexico;Small City
El Cuyo;1567;Mexico;Small City
Istaro;1567;Mexico;Small City
Lagunilla;1567;Mexico;Small City
La Paloma;1567;Uruguay;Small City
La Magdalena;1568;Mexico;Small City
Vicente Guerrero;1568;Mexico;Small City
Nueva Colombia;1568;Mexico;Small City
Laguna de Tabernillas (El Resbaloso);1568;Mexico;Small City
Cerro Punta;1568;Panama;Small City
Jimenez;1568;Mexico;Small City
San Martin;1568;Mexico;Small City
Xichu;1569;Mexico;Small City
San Francisco Coatlan;1569;Mexico;Small City
Hacienda Arriba;1570;Mexico;Small City
San Miguel;1571;Mexico;Small City
Rodriguez Tejeda;1571;Mexico;Small City
Ojo Seco;1571;Mexico;Small City
Santa Clara;1571;Mexico;Small City
Cintalapa;1571;Mexico;Small City
Cuyali;1572;Honduras;Small City
Vicente Guerrero;1572;Mexico;Small City
Ignacio Lopez Rayon;1573;Mexico;Small City
San Francisco Atotonilco;1573;Mexico;Small City
La Mesilla;1573;Mexico;Small City
Montoro;1574;Mexico;Small City
Martinez Dominguez;1574;Mexico;Small City
Mavoro;1574;Mexico;Small City
San Miguel Tecuiciapan;1574;Mexico;Small City
Tarejero;1575;Mexico;Small City
Santa Ana de Allende;1575;Mexico;Small City
Carnerillo;1575;Argentina;Small City
Xaibe;1575;Belize;Small City
Independencia;1575;Paraguay;Small City
Guarumal;1575;Panama;Small City
Venta de Bravo;1576;Mexico;Small City
Arroyo Choapam;1576;Mexico;Small City
Tixhualactun;1576;Mexico;Small City
Mata de Indio;1576;Mexico;Small City
Praxedis de Guerrero;1576;Mexico;Small City
Mezquitic de la Magdalena;1576;Mexico;Small City
Ocotlan de Venustiano Carranza;1577;Mexico;Small City
Casa Nueva;1578;Mexico;Small City
Plan de Ayala;1578;Mexico;Small City
Metlapa;1578;Mexico;Small City
La Labor;1579;Mexico;Small City
Las Flechas;1579;Mexico;Small City
Llano de la Lima;1579;Mexico;Small City
Ahuacatan;1579;Mexico;Small City
Colonia Veintitres de Mayo;1579;Mexico;Small City
La Lima;1579;Mexico;Small City
Mazapa;1580;Mexico;Small City
Buena Vista;1580;Paraguay;Small City
El Porvenir;1580;Mexico;Small City
La Calle;1580;Mexico;Small City
Huilacapixtla;1580;Mexico;Small City
San Jose del Potrero;1581;Mexico;Small City
Kini;1581;Mexico;Small City
San Nicolas;1581;Mexico;Small City
Santa Maria Camotlan;1581;Mexico;Small City
El CERESO;1581;Mexico;Small City
Aranguren;1581;Argentina;Small City
La Libertad;1581;Mexico;Small City
Tupataro;1581;Mexico;Small City
Texmola;1581;Mexico;Small City
San Francisco;1583;Mexico;Small City
Ahuacatlan;1583;Mexico;Small City
Hacienda Sotavento;1583;Mexico;Small City
San Jose la Garzona;1583;Mexico;Small City
Lazaro Cardenas;1583;Mexico;Small City
Darliston;1583;Jamaica;Small City
Santo Domingo;1584;Mexico;Small City
San Isidro Buenavista;1584;Mexico;Small City
San Isidro Monjas;1584;Mexico;Small City
San Luis del Cordero;1584;Mexico;Small City
Chalmita;1584;Mexico;Small City
La Candelaria Teotlalpan;1585;Mexico;Small City
Villa Concepcion del Tio;1585;Argentina;Small City
Santa Cruz Lujan;1585;Mexico;Small City
San Pedro Totolapam;1585;Mexico;Small City
Viani;1586;Colombia;Small City
San Juan Cabeza del Rio;1586;Mexico;Small City
Cumpich;1587;Mexico;Small City
El Muey;1587;Mexico;Small City
San Jose Itho;1587;Mexico;Small City
Herrera;1587;Argentina;Small City
Ejido la Joya;1587;Mexico;Small City
Mazatepec;1587;Mexico;Small City
La Orduna;1588;Mexico;Small City
San Isidro;1588;Mexico;Small City
Central Aguirre;1588;Puerto Rico;Small City
Cantera de Villagran;1588;Mexico;Small City
Meliton Albanez Dominguez;1588;Mexico;Small City
Socavon (El Carmen);1588;Mexico;Small City
Tepexco;1589;Mexico;Small City
Gavia de Rionda;1590;Mexico;Small City
Los Arana;1590;Mexico;Small City
Valencia de Cerro Gordo;1591;Mexico;Small City
La Perla;1591;Mexico;Small City
Las Palmas;1592;Mexico;Small City
Santa Cruz Huitzizilapan;1592;Mexico;Small City
San Lorenzo;1593;Mexico;Small City
La Flor;1593;Mexico;Small City
Durango;1593;Mexico;Small City
Santa Maria Papalo;1593;Mexico;Small City
Tepazolco;1593;Mexico;Small City
San Antonio Huitepec;1594;Mexico;Small City
San Nicolas;1594;Mexico;Small City
Nuevo Amatenango;1594;Mexico;Small City
Laguna Limpia;1594;Argentina;Small City
El Tzay;1594;Mexico;Small City
Las Margaritas;1595;Mexico;Small City
Paseos de las Haciendas [Fraccionamiento];1596;Mexico;Small City
Plan de Iguala;1596;Mexico;Small City
Lagunilla;1596;Mexico;Small City
La Palma;1597;Mexico;Small City
Camotan;1597;Guatemala;Small City
Totora;1597;Bolivia;Small City
San Lorenzo;1598;Mexico;Small City
Nuevo Juan del Grijalva;1598;Mexico;Small City
Viamonte;1598;Argentina;Small City
Santa Familia;1598;Belize;Small City
Axuxco;1598;Mexico;Small City
Primero de Mayo;1599;Mexico;Small City
Chicumtantic;1599;Mexico;Small City
Ejido de la Finca;1599;Mexico;Small City
Matzam;1599;Mexico;Small City
Santa Catalina - Dique Lujan;1600;Argentina;Small City
Union Buenavista;1600;Mexico;Small City
San Antonio Virreyes;1600;Mexico;Small City
El Rincon de la Candelaria;1600;Mexico;Small City
Atolinga;1601;Mexico;Small City
Los Romeros;1601;Mexico;Small City
El Tepeyac;1602;Mexico;Small City
Colonia Terrazas;1602;Mexico;Small City
Dzitya;1602;Mexico;Small City
Tierra Blanca Booxter;1602;Mexico;Small City
Solima;1602;Mexico;Small City
Contadero;1603;Colombia;Small City
Navarrete;1603;Mexico;Small City
San Francisco Grande;1603;Mexico;Small City
San Caralampio;1604;Mexico;Small City
Tepetongo;1604;Mexico;Small City
Cuaracurio;1605;Mexico;Small City
San Isidro;1606;Mexico;Small City
Santa Catarina;1607;Mexico;Small City
El Nacimiento;1608;Mexico;Small City
Santa Cruz Huitziltepec;1608;Mexico;Small City
Susa;1608;Colombia;Small City
San Antonio Guaracha;1608;Mexico;Small City
Santa Lucia;1608;Mexico;Small City
Quintero;1608;Mexico;Small City
Pomacuaran;1608;Mexico;Small City
Chucandiro;1609;Mexico;Small City
Santiago Tepetitlan;1609;Mexico;Small City
Landa de Matamoros;1609;Mexico;Small City
Santa Lucia Potrerillo;1609;Mexico;Small City
Cacahuatal;1609;Mexico;Small City
Cayes-Jacmel;1609;Haiti;Small City
Cebollati;1609;Uruguay;Small City
Chucarit;1609;Mexico;Small City
Caristay;1610;Mexico;Small City
Torti;1611;Panama;Small City
Cucharas;1611;Mexico;Small City
Narciso Mendoza;1612;Mexico;Small City
La Y;1612;Mexico;Small City
Chiquinshulum;1612;Mexico;Small City
La Trinidad Tianguismanalco;1613;Mexico;Small City
Curahuara de Carangas;1613;Bolivia;Small City
Temalacaco;1613;Mexico;Small City
Primero de Mayo;1613;Mexico;Small City
El Jaguey;1613;Mexico;Small City
Gomez Poniente;1614;Mexico;Small City
Nueva Division del Bayo (Guatemala);1615;Mexico;Small City
San Fernando;1615;Colombia;Small City
La Patria;1616;Mexico;Small City
San Marcos Atesquilapan;1616;Mexico;Small City
Atengo;1616;Mexico;Small City
Los Angeles;1616;Mexico;Small City
Huarina;1616;Bolivia;Small City
Huachichil;1616;Mexico;Small City
Guadalupe Cote;1617;Mexico;Small City
Santa Lucia Cosamaloapan;1617;Mexico;Small City
Villa Montemorelos;1617;Mexico;Small City
El Pitahayo;1617;Mexico;Small City
Caicedo;1617;Colombia;Small City
Joaquin Miguel Gutierrez (Margaritas);1617;Mexico;Small City
Valle Verde;1617;Mexico;Small City
Zapotitlan;1617;Guatemala;Small City
Recoveco;1618;Mexico;Small City
San Lorenzo Joya de Rodriguez;1618;Mexico;Small City
Acapetlahuaya;1618;Mexico;Small City
El Venado;1618;Mexico;Small City
Bella Esperanza;1618;Mexico;Small City
Colonia Aeropuerto;1618;Mexico;Small City
Allende;1618;Mexico;Small City
Bahon;1618;Haiti;Small City
Hueyitlalpan;1619;Mexico;Small City
Bernardo Larroude;1619;Argentina;Small City
Sanahcat;1619;Mexico;Small City
Colonia Azteca;1619;Mexico;Small City
Mazin Grande;1619;Mexico;Small City
Huautepec;1620;Mexico;Small City
Santo Domingo de Morelos;1620;Mexico;Small City
Santa Anita;1620;Mexico;Small City
Tecomavaca;1620;Mexico;Small City
San Bartolome Jocotenango;1620;Guatemala;Small City
Colonia Elia;1620;Argentina;Small City
San Miguel Tlacotepec;1621;Mexico;Small City
Pedro Sanchez;1621;Dominican Republic;Small City
Belen;1621;Paraguay;Small City
Placeres del Oro;1622;Mexico;Small City
Estacion Obispo;1622;Mexico;Small City
La Union;1622;Mexico;Small City
La Union;1622;Ecuador;Small City
Franco Tavera;1622;Mexico;Small City
Los Cues;1622;Mexico;Small City
Chivor;1622;Colombia;Small City
Jicamas;1623;Mexico;Small City
Cristobal Colon;1623;Mexico;Small City
Juancho;1623;Dominican Republic;Small City
San Juan Ermita;1623;Guatemala;Small City
Vista Hermosa;1623;Mexico;Small City
San Gabriel Ixtla;1624;Mexico;Small City
El Refugio de Penuelas;1624;Mexico;Small City
Pocboc;1624;Mexico;Small City
Tianguistengo;1624;Mexico;Small City
Chiteje de Garabato;1625;Mexico;Small City
Mariscala;1626;Uruguay;Small City
Francisco I. Madero;1626;Mexico;Small City
El Jardin;1626;Mexico;Small City
San Isidro;1626;Mexico;Small City
Momax;1626;Mexico;Small City
Noria Nueva;1627;Mexico;Small City
Guayameo;1627;Mexico;Small City
Ejido Yucatan;1628;Mexico;Small City
Parcelas Nuevas;1628;Puerto Rico;Small City
San Felix Hidalgo;1628;Mexico;Small City
Gobernador Cruz;1629;Mexico;Small City
Las Aguamitas;1629;Mexico;Small City
San Jose de Cervera;1629;Mexico;Small City
Arcinas;1629;Mexico;Small City
San Andres Metla;1629;Mexico;Small City
Santa Martha;1630;Mexico;Small City
Pejibaye;1630;Costa Rica;Small City
General Ignacio Zaragoza;1630;Mexico;Small City
Gobernadores;1630;Mexico;Small City
La Lobera;1631;Mexico;Small City
San Antonio las Palmas;1632;Mexico;Small City
San Bartolome;1632;Mexico;Small City
Gilberto Camacho;1633;Mexico;Small City
Tibolon;1633;Mexico;Small City
Helio Garcia Alfaro;1633;Mexico;Small City
Los Fierros;1633;Mexico;Small City
Yaxhachen;1633;Mexico;Small City
San Jose de Tarros;1634;Honduras;Small City
Santa Cruz Pueblo Nuevo (Pueblo Nuevo);1634;Mexico;Small City
Santiago Azajo;1634;Mexico;Small City
San Antonio;1634;Mexico;Small City
Puerta de Corral Quemado;1634;Argentina;Small City
San Mateo;1634;Colombia;Small City
Santa Cruz Pueblo Nuevo;1634;Mexico;Small City
Santa Ana Zirosto;1634;Mexico;Small City
Sitpach;1634;Mexico;Small City
San Pablo;1635;Mexico;Small City
San Martin Tlamapa;1636;Mexico;Small City
Fraccionamiento Santa Cruz;1636;Mexico;Small City
San Juan de Opoa;1636;Honduras;Small City
Canada del Tabaco;1636;Mexico;Small City
Caraguatay;1637;Paraguay;Small City
Guaca;1637;Colombia;Small City
Hidalgo;1638;Mexico;Small City
Buena Vista (Apasco);1638;Mexico;Small City
San Jose del Rincon Centro;1638;Mexico;Small City
Tepusteca;1638;Honduras;Small City
Tuta;1639;Colombia;Small City
Nueva Tenochtitlan (Rizo de Oro);1640;Mexico;Small City
Hidalgo;1640;Mexico;Small City
Quetzalapa;1640;Mexico;Small City
Alvaro Obregon;1641;Mexico;Small City
La Candelaria;1641;Mexico;Small City
El Paisnal;1641;El Salvador;Small City
Itape;1641;Paraguay;Small City
Habanero 1ra. Seccion (Venustiano Carranza);1641;Mexico;Small City
Orranteno;1641;Mexico;Small City
Ricardo Flores Magon;1642;Mexico;Small City
Ladrilleras del Refugio;1642;Mexico;Small City
Dolores Cuadrilla de Enmedio;1642;Mexico;Small City
Jucuaran;1643;El Salvador;Small City
Arroyo Hondo Abejonal;1643;Mexico;Small City
LLano de La Cruz;1643;Nicaragua;Small City
San Diego de Los Banos;1643;Cuba;Small City
Bondojito;1643;Mexico;Small City
Palos Blancos;1644;Mexico;Small City
Cuonetzingo;1644;Mexico;Small City
Totoral;1645;Bolivia;Small City
San Juan de los Reyes (Luis Valenzuela);1646;Mexico;Small City
Santa Martha Hidalgo;1646;Mexico;Small City
Santa Ana;1647;Mexico;Small City
Apanteopan;1647;Mexico;Small City
Axixintla;1647;Mexico;Small City
Amatitlan de Azueta;1647;Mexico;Small City
Higueras de Abuya;1648;Mexico;Small City
El Roble;1648;Panama;Small City
Herran;1648;Colombia;Small City
San Isidro;1648;Panama;Small City
Ojo de Agua;1648;Mexico;Small City
El Pedernal;1648;Honduras;Small City
Barrio San Miguel Dorami;1649;Mexico;Small City
Xbacab;1649;Mexico;Small City
La Belleza;1649;Colombia;Small City
Pueblo Viejo;1649;Mexico;Small City
Acajete;1649;Mexico;Small City
Estero Hondo;1649;Dominican Republic;Small City
Huay-Pix;1649;Mexico;Small City
Ricardo Flores Magon;1649;Mexico;Small City
Nandayure;1649;Costa Rica;Small City
Santiago Acayutlan;1649;Mexico;Small City
Caltimacan;1650;Mexico;Small City
Cieneguillas;1650;Mexico;Small City
Cote-Lai;1650;Argentina;Small City
Heroes de Chapultepec (Rodeo de San Antonio);1651;Mexico;Small City
San Martin Ahuatepec;1651;Mexico;Small City
Jalapa;1651;Mexico;Small City
Villa Guerrero;1651;Mexico;Small City
Santa Ana Batha;1651;Mexico;Small City
Tanques;1652;Mexico;Small City
Ailigandi;1652;Panama;Small City
Santiago Lachiguiri;1652;Mexico;Small City
Penjamo;1653;Mexico;Small City
Union;1653;Paraguay;Small City
Dolega District;1653;Panama;Small City
Salvador Urbina;1653;Mexico;Small City
Ejido Plan de Ayala;1654;Mexico;Small City
Los Tepames;1655;Mexico;Small City
Orocuina;1655;Honduras;Small City
Flor de Cacao;1655;Mexico;Small City
Nuevo Centro de Poblacion Agricola el Chacon;1655;Mexico;Small City
El Negro;1656;Puerto Rico;Small City
Pothe;1656;Mexico;Small City
Ejido Mayocoba;1656;Mexico;Small City
Calzada Larga;1656;Panama;Small City
Guatapanal;1657;Dominican Republic;Small City
Colonia Emiliano Zapata;1657;Mexico;Small City
San Francisco de Horizonte (Horizonte);1657;Mexico;Small City
Bolands;1657;Antigua and Barbuda;Small City
Sibinal;1657;Guatemala;Small City
Barretos;1658;Mexico;Small City
San Antonio de los Vazquez;1658;Mexico;Small City
San Antonio Sacatepequez;1658;Guatemala;Small City
Boqueron;1658;Panama;Small City
La Luz;1659;Mexico;Small City
Tlacotepec;1659;Mexico;Small City
Ticopo;1660;Mexico;Small City
Aguas Calientes;1660;Mexico;Small City
Baie de Henne;1660;Haiti;Small City
Gachala;1661;Colombia;Small City
San Jacinto;1661;Mexico;Small City
San Martin Totolan;1662;Mexico;Small City
Oviedo;1662;Mexico;Small City
Roche-a-Bateau;1662;Haiti;Small City
Noria de Angeles;1662;Mexico;Small City
Jimenez del Teul;1662;Mexico;Small City
La Vega;1663;Mexico;Small City
El Milagro;1663;Mexico;Small City
Joaquin Miguel Gutierrez;1663;Mexico;Small City
Tikinmul;1663;Mexico;Small City
Yaltem;1664;Mexico;Small City
San Juan de los Arcos;1665;Mexico;Small City
Tecajec;1665;Mexico;Small City
Bajucu;1665;Mexico;Small City
La Noria;1665;Mexico;Small City
Baraderes;1666;Haiti;Small City
Ohuapan;1666;Mexico;Small City
Hope Bay;1666;Jamaica;Small City
San Antonio Coyahuacan;1666;Mexico;Small City
La Pena;1667;Colombia;Small City
San Jose de Castellanos;1667;Mexico;Small City
Monclova Primer Sector;1667;Mexico;Small City
Liberta;1668;Antigua and Barbuda;Small City
La Estancia;1668;Honduras;Small City
Blanca Espuma;1668;Mexico;Small City
San Juan Juquila;1668;Mexico;Small City
Santiago de Pochotitan;1668;Mexico;Small City
Galaxias Toluca;1669;Mexico;Small City
Santa Lucia;1669;Mexico;Small City
La Cruz de Rio Grande;1669;Nicaragua;Small City
Matanza;1669;Colombia;Small City
San Francisco Javier;1669;Mexico;Small City
Dos de Abril;1669;Mexico;Small City
Penuelas (El Cienegal);1670;Mexico;Small City
Carboneras;1670;Mexico;Small City
Los Cerritos;1670;Mexico;Small City
San Jose del Tapanco;1670;Mexico;Small City
Estacion Conchos;1670;Mexico;Small City
El Chichicaste;1671;Honduras;Small City
La Cruz;1671;Mexico;Small City
Chula Vista;1671;Mexico;Small City
Libre Union;1671;Mexico;Small City
Bella Vista;1672;Mexico;Small City
La Cruz;1672;Mexico;Small City
Palmar Grande;1672;Argentina;Small City
Lonquimay;1672;Argentina;Small City
Carichi;1672;Mexico;Small City
El Porvenir (El Porvenir de Arriba);1672;Mexico;Small City
San Jose Atoyatenco;1672;Mexico;Small City
Francisco Sarabia;1673;Mexico;Small City
San Vicente;1673;Mexico;Small City
Sebastian Lerdo de Tejada;1673;Mexico;Small City
La Cienega;1673;Mexico;Small City
Mezquititlan;1673;Mexico;Small City
Carrillo Puerto;1673;Mexico;Small City
Villa Talea de Castro;1673;Mexico;Small City
Nicolas Bravo;1674;Mexico;Small City
Casahuatlan;1674;Mexico;Small City
San Pedro Martir;1674;Mexico;Small City
San Francisco;1674;Mexico;Small City
La Mesa;1675;Mexico;Small City
San Isidro de los Sauces;1675;Mexico;Small City
Ignacio Zaragoza (El Morro);1675;Mexico;Small City
Vare Chiquichuca;1675;Mexico;Small City
Coyotitan;1676;Mexico;Small City
Mesillas;1676;Mexico;Small City
El Congo;1676;Mexico;Small City
Loma de San Miguel;1676;Mexico;Small City
Zona Urbana Ejidal;1676;Mexico;Small City
Suchitlan;1676;Mexico;Small City
Villamorelos;1677;Mexico;Small City
La Victoria (La Penita);1677;Mexico;Small City
Xocotepec;1677;Mexico;Small City
Playita Cortada;1677;Puerto Rico;Small City
La Cabecera Concepcion;1678;Mexico;Small City
Santa Maria;1679;Panama;Small City
San Pedro Guasave;1679;Mexico;Small City
La Finca;1680;Mexico;Small City
Ventaquemada;1680;Colombia;Small City
San Miguel Aloapam;1680;Mexico;Small City
Georgetown;1680;Saint Vincent and the Grenadines;Small City
Paicol;1681;Colombia;Small City
Ejido Jiquilpan;1681;Mexico;Small City
La Tinaja;1681;Mexico;Small City
San Miguel Emenguaro;1682;Mexico;Small City
El Jazmin;1682;Mexico;Small City
El Cocuite;1683;Mexico;Small City
La Concepcion;1683;Mexico;Small City
Tepetates;1683;Mexico;Small City
Alban;1684;Colombia;Small City
Nuevo San Juan Chamula;1684;Mexico;Small City
Totontepec Villa de Morelos;1684;Mexico;Small City
Los Naranjos;1684;Honduras;Small City
San Jose Suchil;1684;Mexico;Small City
Centro de Readaptacion Social;1684;Mexico;Small City
Santa Maria de la Paz;1684;Mexico;Small City
Totness;1685;Suriname;Small City
El Llano Santa Maria;1685;Mexico;Small City
Tecomates;1685;Mexico;Small City
Tlacuilotepec;1685;Mexico;Small City
Villas del Campo;1685;Mexico;Small City
Macho de Agua;1686;Mexico;Small City
Santa Maria Zoquitlan;1686;Mexico;Small City
Guadalupe;1687;Mexico;Small City
Santa Rita;1687;Honduras;Small City
Santa Maria Chilapa de Diaz;1687;Mexico;Small City
Villa de las Flores;1687;Mexico;Small City
Santa Maria;1687;Argentina;Small City
Aceitunas;1688;Puerto Rico;Small City
San Bernabe de las Canteras;1688;Mexico;Small City
El Gallo;1688;Mexico;Small City
San Jeronimo Taviche;1688;Mexico;Small City
Ignacio Ramirez;1689;Mexico;Small City
Santa Catarina Roatina;1689;Mexico;Small City
Calichar Palma Sola;1689;Mexico;Small City
Tecoluta 2da. Seccion;1689;Mexico;Small City
Palena;1690;Chile;Small City
Cacalotan;1690;Mexico;Small City
Colotenango;1690;Guatemala;Small City
Gameza;1690;Colombia;Small City
Mucarabones;1690;Puerto Rico;Small City
Olopa;1690;Guatemala;Small City
Naupan;1691;Mexico;Small City
Necoxcalco;1691;Mexico;Small City
Acontitla;1691;Mexico;Small City
Palestina de los Altos;1691;Guatemala;Small City
Viva Mexico;1691;Mexico;Small City
El Habillal;1691;Mexico;Small City
Buenos Aires;1692;Nicaragua;Small City
Chicbul;1692;Mexico;Small City
Trinity;1692;Saint Kitts and Nevis;Small City
El Carmen;1693;Mexico;Small City
Ayotzinapa;1693;Mexico;Small City
Colonia Ignacio Allende;1693;Mexico;Small City
Santa Maria de los Angeles;1694;Mexico;Small City
Albia;1694;Mexico;Small City
Cruz Quemada;1694;Mexico;Small City
Nantzha;1694;Mexico;Small City
Paintla;1695;Mexico;Small City
Tlaxco (Santiago Tlaxco);1695;Mexico;Small City
Huanusco;1695;Mexico;Small City
Lopez Rayon;1695;Mexico;Small City
Cantamayec;1695;Mexico;Small City
Las Cruces;1696;Mexico;Small City
San Francisco;1697;Mexico;Small City
Puerta de Mangos;1697;Mexico;Small City
Malpaso;1697;Mexico;Small City
Emiliano Zapata;1697;Mexico;Small City
Ocote Paulino;1697;Honduras;Small City
Marigot;1698;Haiti;Small City
Edelira;1698;Paraguay;Small City
San Jose Neria;1698;Mexico;Small City
Canilla;1698;Guatemala;Small City
Tahdzibichen;1699;Mexico;Small City
Cucunuba;1699;Colombia;Small City
Bayamon;1699;Puerto Rico;Small City
San Nicolas Temascatio;1699;Mexico;Small City
Solalpan 1ra. Seccion;1699;Mexico;Small City
Yaviza;1700;Panama;Small City
Santa Maria Endare;1700;Mexico;Small City
Alto Rio Senguer;1700;Argentina;Small City
Apatauyan;1700;Mexico;Small City
Santa Rosa de Lima;1700;Mexico;Small City
San Juan Solis;1701;Mexico;Small City
Joaquin Miguel Gutierrez;1701;Mexico;Small City
La Norita;1701;Mexico;Small City
Santa Maria la Asuncion;1701;Mexico;Small City
El Cerrito;1701;Mexico;Small City
Tuzamapan;1702;Mexico;Small City
Guayape;1703;Honduras;Small City
El Obraje;1703;Honduras;Small City
Atima;1703;Honduras;Small City
Alhuaca;1704;Mexico;Small City
El Rosario de Arriba;1704;Mexico;Small City
Boquillas;1704;Mexico;Small City
Uzeta;1704;Mexico;Small City
La Nueva Victoria;1705;Mexico;Small City
Boquilla de las Perlas;1705;Mexico;Small City
Rancho Bellavista [Fraccionamiento];1705;Mexico;Small City
Los Reyes Tlanechicolpan;1706;Mexico;Small City
Sortova;1706;Panama;Small City
Colquechaca;1706;Bolivia;Small City
San Francisco Cuayalab;1706;Mexico;Small City
San Jose la Hacienda;1706;Mexico;Small City
San Bernardo Mixtepec;1707;Mexico;Small City
Acaxtlahuacan de Albino Zertuche;1707;Mexico;Small City
Iliatenco;1707;Mexico;Small City
La Uvita;1708;Colombia;Small City
San Andres Ocotepec;1708;Mexico;Small City
San Pedro la Joya;1708;Mexico;Small City
Monte Blanco;1708;Mexico;Small City
Pueblo Nuevo;1709;Mexico;Small City
Campo la Arrocera;1709;Mexico;Small City
Paso Blanco;1709;Mexico;Small City
Concepcion Cuautla;1709;Mexico;Small City
Crescencio Morales (San Mateo);1709;Mexico;Small City
Matachi;1710;Mexico;Small City
Nuevo Balsas;1711;Mexico;Small City
Buenos Aires;1711;Mexico;Small City
Atonalisco;1711;Mexico;Small City
Texcatepec;1711;Mexico;Small City
San Antonio;1711;Honduras;Small City
Milpas Viejas;1712;Mexico;Small City
La Cuchilla (Extramuros de Tesistan);1712;Mexico;Small City
Colonia Agricola Analco;1712;Mexico;Small City
Sebastian Lerdo de Tejada;1712;Mexico;Small City
San Juan de Guadalupe;1712;Mexico;Small City
Rancho Chico;1712;Mexico;Small City
Cuilco;1713;Guatemala;Small City
El Ojo;1713;Puerto Rico;Small City
Yustis;1713;Mexico;Small City
Zapotitlan Tablas;1713;Mexico;Small City
Becanchen;1713;Mexico;Small City
La Encarnacion;1714;Mexico;Small City
Zacapalco;1714;Mexico;Small City
Piedras Blancas;1714;Argentina;Small City
Mattaldi;1714;Argentina;Small City
Santana 2da. Seccion B (La Palma);1715;Mexico;Small City
El Refugio;1715;Mexico;Small City
Estrada;1715;Mexico;Small City
San Pedro de Guasayan;1715;Argentina;Small City
Huixtan;1716;Mexico;Small City
Betulia;1716;Colombia;Small City
Beausejour;1716;Guadeloupe;Small City
San Pedro Tulixtlahuaca;1717;Mexico;Small City
Cuatolol;1717;Mexico;Small City
Shoctic;1717;Mexico;Small City
El Bajio;1717;Mexico;Small City
Palmillas;1717;Mexico;Small City
San Jacinto;1717;Mexico;Small City
La Cruz;1718;Mexico;Small City
Arizpe;1718;Mexico;Small City
Colonia Guadalupe Victoria;1718;Mexico;Small City
Las Brisas;1718;Mexico;Small City
San Felix;1718;Uruguay;Small City
Barrio Bordo Nuevo;1718;Mexico;Small City
Tierra Blanca;1718;Mexico;Small City
Colonia Cuauhtemoc;1718;Mexico;Small City
Jose Guadalupe Aguilera (Santa Lucia);1719;Mexico;Small City
Poopo;1720;Bolivia;Small City
Zoquiapan;1720;Mexico;Small City
Cienega de Nuestra Senora de Guadalupe;1720;Mexico;Small City
El Copalillo;1720;Mexico;Small City
San Sebastian Alcomunga;1720;Mexico;Small City
Santa Catarina;1721;Mexico;Small City
Guasavito;1721;Mexico;Small City
Dengantzha;1721;Mexico;Small City
Telchac Puerto;1722;Mexico;Small City
Colonia Ursulo Galvan;1722;Mexico;Small City
Arenal;1722;Honduras;Small City
Acuitlapilco;1723;Mexico;Small City
Santa Cruz de la Soledad;1723;Mexico;Small City
Mezquite Gordo;1723;Mexico;Small City
El Carrizo;1723;Mexico;Small City
Chumatlan;1724;Mexico;Small City
Nuevo San Carlitos;1724;Panama;Small City
Colonia Adolfo Ruiz Cortines (Colonia Obrera);1724;Mexico;Small City
San Jose;1724;Colombia;Small City
San Jose del Jagueey;1725;Mexico;Small City
San Jose de Tapia;1725;Mexico;Small City
San Juan Volador;1725;Mexico;Small City
Jicome;1725;Dominican Republic;Small City
El Encanto;1726;Mexico;Small City
Barrio Nuevo;1726;Mexico;Small City
Tanamacoyan;1727;Mexico;Small City
Luis Espinoza;1727;Mexico;Small City
Illescas;1727;Mexico;Small City
Otatitlan;1727;Mexico;Small City
Parque de Poblamiento Solidaridad;1728;Mexico;Small City
Colchane;1728;Chile;Small City
La Palma;1728;Panama;Small City
San Agustin del Maiz;1728;Mexico;Small City
Jofrito;1729;Mexico;Small City
Mesa del Nayar;1729;Mexico;Small City
Roblada Grande;1729;Mexico;Small City
San Mateo Almomoloha;1729;Mexico;Small City
San Martin Tilcajete;1730;Mexico;Small City
Anse-a-Veau;1731;Haiti;Small City
La Fundicion (Quinta Manzana);1731;Mexico;Small City
Jocon;1731;Honduras;Small City
Ejido el Saucillo;1731;Mexico;Small City
San Quintin;1732;Mexico;Small City
Olcuatitan;1732;Mexico;Small City
Cuautotolapan (San Jose);1732;Mexico;Small City
Santiago del Monte;1733;Mexico;Small City
El Quelite;1733;Mexico;Small City
Santa Catarina Minas;1733;Mexico;Small City
Bobashi de Guadalupe;1733;Mexico;Small City
Juan Jacobo Torres [Bodega de Totontepec];1734;Mexico;Small City
Zamora Pico de Oro;1734;Mexico;Small City
Guadalupe;1734;Colombia;Small City
San Antonio Texas;1735;Mexico;Small City
Corralero;1735;Mexico;Small City
San Francisco;1735;Mexico;Small City
San Sebastian Teitipac;1735;Mexico;Small City
Capitan Felipe Castellanos Diaz (San Pedro);1735;Mexico;Small City
Purechucho;1735;Mexico;Small City
San Jose Toxi;1735;Mexico;Small City
Imues;1736;Colombia;Small City
Arboleda;1736;Colombia;Small City
Anse-a-Pitre;1736;Haiti;Small City
San Bartolo Morelos;1737;Mexico;Small City
Teposcolula;1737;Mexico;Small City
Atlamajac;1737;Mexico;Small City
Santa Rosa Loma Larga;1737;Mexico;Small City
Ajuno;1737;Mexico;Small City
Salama;1737;Honduras;Small City
Jose Maria Morelos y Pavon;1737;Mexico;Small City
San Miguel Tetepelcingo;1738;Mexico;Small City
Sitala;1738;Mexico;Small City
Apo;1738;Mexico;Small City
Indios;1739;Puerto Rico;Small City
Santa Rosa;1739;Mexico;Small City
Aquila;1740;Mexico;Small City
Los Riegos;1740;Mexico;Small City
San Miguel del Centro;1741;Mexico;Small City
Aconchi;1741;Mexico;Small City
El Balsamo;1741;Honduras;Small City
Macheta;1742;Colombia;Small City
Anelo;1742;Argentina;Small City
Soca;1742;Uruguay;Small City
Otzoloapan;1742;Mexico;Small City
San Francisco del Mezquital;1742;Mexico;Small City
Palomas;1742;Puerto Rico;Small City
El Puesto;1743;Mexico;Small City
Calamanda;1743;Mexico;Small City
Texcaltic;1743;Mexico;Small City
La Floresta;1743;Mexico;Small City
Caleras;1744;Mexico;Small City
Estancia de Guadalupe;1744;Mexico;Small City
El Fuerte;1744;Mexico;Small City
San Lucas Quiavini;1745;Mexico;Small City
San Joaquin;1745;Paraguay;Small City
Papaloctipan;1745;Mexico;Small City
San Lorenzo Achiotepec;1746;Mexico;Small City
Ocho de Enero;1746;Mexico;Small City
La Ventilla;1746;Mexico;Small City
Cofradia de Suchitlan;1746;Mexico;Small City
Pampa Almiron;1747;Argentina;Small City
Zapotitlan;1747;Mexico;Small City
Concepcion Chimalpa;1747;Mexico;Small City
Los Parques;1749;Mexico;Small City
Ejido Cajon Ojo de Agua Numero Dos;1750;Mexico;Small City
San Mateo;1750;Mexico;Small City
Huapacal 2da. Seccion (Punta Brava);1750;Mexico;Small City
Temapache;1751;Mexico;Small City
Jose Maria Morelos (La Yegueeria);1751;Mexico;Small City
El Sauz (El Sauz de Villasenor);1751;Mexico;Small City
Namiquipa;1752;Mexico;Small City
La Sidra;1752;Mexico;Small City
Charco Blanco;1752;Mexico;Small City
Patria Nueva;1752;Mexico;Small City
Plan de Agua Prieta;1752;Mexico;Small City
Clarence Town;1752;Bahamas;Small City
Achutupo;1753;Panama;Small City
Huejonapan;1753;Mexico;Small City
Santa Adelaida;1754;Mexico;Small City
Zicuicho;1755;Mexico;Small City
Piedra Pinta;1755;Mexico;Small City
Guadalupe Totoltepec;1755;Mexico;Small City
Geovillas Laureles del Campanario;1755;Mexico;Small City
La Pimienta;1755;Mexico;Small City
Maria de la Torre;1755;Mexico;Small City
Nuevo Mexico;1756;Mexico;Small City
Tlaltepango;1756;Mexico;Small City
Pich;1756;Mexico;Small City
La Cruz;1756;Mexico;Small City
Hipolito Bouchard;1756;Argentina;Small City
Artemio Trevino;1756;Mexico;Small City
Cruzton;1756;Mexico;Small City
Pirapo;1756;Paraguay;Small City
La Laguna;1756;Mexico;Small City
Colonia San Francisco de Asis;1757;Mexico;Small City
Fraccionamiento la Florida;1757;Mexico;Small City
Guadalupe Enriquez;1757;Mexico;Small City
Llano Marin;1757;Panama;Small City
El Pozo;1758;Mexico;Small City
Cana Chapeton;1758;Dominican Republic;Small City
San Isidro Alta Huerta;1758;Mexico;Small City
Santa Maria Canchesda;1758;Mexico;Small City
Agualote;1759;Honduras;Small City
Irolo;1759;Mexico;Small City
Manzana Sexta Parte Centro;1759;Mexico;Small City
Montes;1760;Uruguay;Small City
San Andres Tepetitlan;1760;Mexico;Small City
Buenos Aires;1761;Mexico;Small City
Chosto de los Jarros;1761;Mexico;Small City
Colonia Antorcha Campesina (Santa Rosa);1761;Mexico;Small City
San Jeronimo Yahuiche;1762;Mexico;Small City
Texcalapa de Juarez;1762;Mexico;Small City
Mezapa la Fabrica;1762;Mexico;Small City
Santa Barbara;1763;Mexico;Small City
El Limon;1763;Mexico;Small City
Las Rosas;1763;Mexico;Small City
Anton Ruiz;1764;Puerto Rico;Small City
Huehuetla;1764;Mexico;Small City
Ojo de Agua de Ballesteros;1764;Mexico;Small City
La Pesca;1764;Mexico;Small City
Pedricena;1765;Mexico;Small City
Bathsheba;1765;Barbados;Small City
Marull;1765;Argentina;Small City
Pololcingo;1765;Mexico;Small City
Santiago Huitlapaltepec;1766;Mexico;Small City
Santiago Jocotepec;1767;Mexico;Small City
Guadalupe Victoria;1767;Mexico;Small City
Cruz de los Milagros;1768;Argentina;Small City
Colonia 28 de Mayo (Santa Rosa);1769;Mexico;Small City
Fraccionamiento y Club de Golf los Encinos;1769;Mexico;Small City
San Pedro Arriba 3ra. Seccion;1770;Mexico;Small City
Sindihui;1770;Mexico;Small City
Sociedad;1770;El Salvador;Small City
Jaltepec de Candayoc;1770;Mexico;Small City
Minga Pora;1770;Paraguay;Small City
Atenxoxola;1770;Mexico;Small City
Santa Elena;1770;Mexico;Small City
Acalpican de Morelos;1770;Mexico;Small City
Purisima;1771;Mexico;Small City
Coacoyulillo;1771;Mexico;Small City
Monte Obscuro;1771;Mexico;Small City
San Antonio Tlaltecahuacan;1771;Mexico;Small City
Taxtes;1771;Mexico;Small City
Mina Vieja;1771;Mexico;Small City
San Jose;1772;Colombia;Small City
Loma Alta Taxhimay;1772;Mexico;Small City
Colonia Nicolas Bravo (Kilometro Noventa y Dos);1772;Mexico;Small City
Santiago Oxtempan;1772;Mexico;Small City
Santo Domingo;1772;Panama;Small City
Cofradia;1772;Mexico;Small City
Cuaxuxpa;1772;Mexico;Small City
Ignacio Perez;1773;Mexico;Small City
Pueblo Nuevo de las Raices;1773;Mexico;Small City
Hueycantenango;1774;Mexico;Small City
La Fortuna;1774;Costa Rica;Small City
Sachica;1774;Colombia;Small City
Vamos Tamaulipas;1774;Mexico;Small City
Coachiti;1775;Mexico;Small City
Poco das Trincheiras;1775;Brazil;Small City
Zacamulpa Tlalmimilolpan;1776;Mexico;Small City
Santa Maria Tatetla;1777;Mexico;Small City
Charco de Pantoja;1777;Mexico;Small City
Mohoneras;1777;Mexico;Small City
Fabrica de Melchor;1777;Mexico;Small City
San Agustin;1777;Honduras;Small City
Puerto Villarroel;1778;Bolivia;Small City
Los Dolores (Las Quince Letras);1778;Mexico;Small City
Camotlan de Miraflores;1778;Mexico;Small City
Manuel Avila Camacho (Ponte Duro);1778;Mexico;Small City
Colonia Militar;1778;Mexico;Small City
Los Angeles;1780;Mexico;Small City
San Javier;1781;Uruguay;Small City
El Lobo;1781;Mexico;Small City
Bernasconi;1781;Argentina;Small City
Santa Teresa;1781;Mexico;Small City
San Pablo Tejalpa;1782;Mexico;Small City
La Florida;1782;Mexico;Small City
Coamilpa de Juarez;1782;Mexico;Small City
Platanillo;1783;Mexico;Small City
San Pedro Ozumacin;1783;Mexico;Small City
Atenas de San Cristobal;1783;Honduras;Small City
Tafetan;1784;Mexico;Small City
San Vicente de Bique;1784;Panama;Small City
Santiago Tlapanaloya;1785;Mexico;Small City
Huecahuasco;1785;Mexico;Small City
San Francisco;1785;Panama;Small City
Rincon de Jaimes;1786;Mexico;Small City
Campo Chico;1786;Mexico;Small City
Capurgana;1787;Colombia;Small City
Quechulac;1787;Mexico;Small City
La Soledad Barrio;1787;Mexico;Small City
Grande Saline;1787;Haiti;Small City
Ciudad Antigua;1787;Nicaragua;Small City
San Juan Mazatlan;1787;Mexico;Small City
San Miguel Ocotenco;1788;Mexico;Small City
Piedrancha;1788;Colombia;Small City
Estacion Corral;1788;Mexico;Small City
San Marcos Guaquilpan;1788;Mexico;Small City
Nuevo Milenio Valdivia;1789;Mexico;Small City
Jiquilpan;1789;Mexico;Small City
San Jose;1789;Honduras;Small City
San Jeronimo;1789;Honduras;Small City
San Felipe;1789;Mexico;Small City
Jopala;1789;Mexico;Small City
Alvaro Obregon;1790;Mexico;Small City
Colonia el Refugio;1790;Mexico;Small City
Escobal;1790;Panama;Small City
Tepalcatepec;1790;Mexico;Small City
Santa Ana Acozautla;1791;Mexico;Small City
Lamani;1791;Honduras;Small City
Huajintlan;1792;Mexico;Small City
San Felipe el Mirasol;1792;Mexico;Small City
Zentlalpan;1792;Mexico;Small City
Barron;1792;Mexico;Small City
Lo de Marcos;1792;Mexico;Small City
Alligator Pond;1793;Jamaica;Small City
Las Animas;1794;Mexico;Small City
Cualac;1794;Mexico;Small City
Petite Riviere de Nippes;1794;Haiti;Small City
Juan N. Mendez;1794;Mexico;Small City
Julimes;1795;Mexico;Small City
Ojo de Agua del Refugio;1796;Mexico;Small City
El Humo;1797;Mexico;Small City
G. L. Garcia;1798;Puerto Rico;Small City
San Miguel Suchixtepec;1798;Mexico;Small City
San Jeronimo Purenchecuaro;1798;Mexico;Small City
Sitilpech;1799;Mexico;Small City
Tocumbo;1799;Mexico;Small City
Ibarra;1799;Mexico;Small City
Moris;1799;Mexico;Small City
Tetillas;1799;Mexico;Small City
Loma de Zempoala;1800;Mexico;Small City
El Alvareno;1800;Mexico;Small City
Hernandez;1801;Argentina;Small City
Lamadrid;1801;Mexico;Small City
La Gloria;1801;Mexico;Small City
Los Banos;1801;Mexico;Small City
Colonia Adolfo Lopez Mateos;1801;Mexico;Small City
Betulia;1801;Mexico;Small City
Tibana;1802;Colombia;Small City
San Pedro Tenayac;1802;Mexico;Small City
Dzununcan;1802;Mexico;Small City
Santa Maria Pipioltepec (Pipioltepec);1802;Mexico;Small City
Mecatlan;1803;Mexico;Small City
Francisco I. Madero;1804;Mexico;Small City
Namasigue;1804;Honduras;Small City
Aserrio de Gariche;1804;Panama;Small City
Guasimas (De Belem);1804;Mexico;Small City
El Retiro;1806;Mexico;Small City
Puacuaro;1807;Mexico;Small City
San Bartolome Tenango;1807;Mexico;Small City
Monteon;1807;Mexico;Small City
Mecoacan 2da. Seccion (San Lorenzo);1807;Mexico;Small City
La Mohonera;1808;Mexico;Small City
Coyotillos;1808;Mexico;Small City
San Antonio de los Morales;1808;Mexico;Small City
Sabinalito;1808;Mexico;Small City
Marechal Thaumaturgo;1808;Brazil;Small City
San Jose Yocnajab;1809;Mexico;Small City
Gutierrez Zamora;1809;Mexico;Small City
Tilapan;1809;Mexico;Small City
Natalicio Talavera;1809;Paraguay;Small City
Valley of Peace;1809;Belize;Small City
San Pedro Atmatla;1809;Mexico;Small City
Monte Grande;1810;Mexico;Small City
Allende;1810;Mexico;Small City
San Juan Coxtocan;1810;Mexico;Small City
Las Lomas;1811;Mexico;Small City
Monte Calvario;1811;Mexico;Small City
Tasco;1811;Colombia;Small City
Ilama;1811;Honduras;Small City
Santo Domingo Tepuxtepec;1813;Mexico;Small City
Santa Catarina Quiane;1813;Mexico;Small City
Tecomatepec;1813;Mexico;Small City
Hostos;1813;Dominican Republic;Small City
Tlacomulco;1814;Mexico;Small City
Xaya;1814;Mexico;Small City
La Campanilla;1815;Mexico;Small City
Tampacan;1815;Mexico;Small City
La Goleta;1815;Mexico;Small City
L'Ajoupa-Bouillon;1815;Martinique;Small City
Ahuacatlan de Guadalupe;1815;Mexico;Small City
San Antonio de las Huertas;1816;Mexico;Small City
San Felipe Pueblo Nuevo;1816;Mexico;Small City
Porto Walter;1816;Brazil;Small City
San Miguel de Cruces;1816;Mexico;Small City
Monte Grande;1817;Puerto Rico;Small City
Pejelagartero 1ra. Seccion (Plataforma);1817;Mexico;Small City
El Chayote;1817;Mexico;Small City
Arimis;1817;Honduras;Small City
El Guapinol;1817;Honduras;Small City
Bosques de San Pedro;1817;Mexico;Small City
Irapeo;1817;Mexico;Small City
Francisco I. Madero;1819;Mexico;Small City
San Antonio Tlacamilco;1820;Mexico;Small City
San Jose del Puente;1820;Mexico;Small City
Yobain;1820;Mexico;Small City
Pantepec;1820;Mexico;Small City
El Molino;1820;Mexico;Small City
El Jaral;1820;Mexico;Small City
Jesus Maria;1821;Mexico;Small City
Mavis Bank;1821;Jamaica;Small City
Colonia Francisco Garcia Salinas;1821;Mexico;Small City
Fraccionamiento Real del Valle;1821;Mexico;Small City
Santa Maria Jicaltepec;1822;Mexico;Small City
Colonia Lazaro Cardenas;1822;Mexico;Small City
San Luis Coyotzingo;1822;Mexico;Small City
Aculco de Espinoza;1823;Mexico;Small City
Las Marias;1823;Puerto Rico;Small City
Sixaola;1823;Costa Rica;Small City
San Francisco;1823;Mexico;Small City
Eloxochitlan;1823;Mexico;Small City
Santa Ana de Yusguare;1823;Honduras;Small City
Ziquitaro;1823;Mexico;Small City
Hojancha;1823;Costa Rica;Small City
Sabana Hoyos;1823;Puerto Rico;Small City
San Diego Huehuecalco;1824;Mexico;Small City
Toxpalan;1825;Mexico;Small City
San Francisco de la Palma;1825;Mexico;Small City
Carlos A. Madrazo;1825;Mexico;Small City
Mancuernas;1825;Mexico;Small City
Islita;1825;Mexico;Small City
Acuamanala;1825;Mexico;Small City
La Joya;1826;Mexico;Small City
Futaleufu;1826;Chile;Small City
Milpillas;1826;Mexico;Small City
El Arco;1826;Mexico;Small City
Manuel Lazos;1826;Mexico;Small City
Santiago Jaltepec;1827;Mexico;Small City
Chalma;1827;Mexico;Small City
Olintepec;1827;Mexico;Small City
Las Moras;1828;Mexico;Small City
Adolfo Ruiz Cortines;1828;Mexico;Small City
Huamuchil;1828;Mexico;Small City
Azteca;1829;Mexico;Small City
Tezhuatepec;1829;Mexico;Small City
Alcaraces;1829;Mexico;Small City
Pole Ojea;1829;Puerto Rico;Small City
Union Roja;1829;Mexico;Small City
Agua Santa del Yuna;1830;Dominican Republic;Small City
Moron;1830;Haiti;Small City
Zacatla;1830;Mexico;Small City
Magdalena de Araceo;1830;Mexico;Small City
Nuevo Tantoan;1830;Mexico;Small City
El Refugio;1830;Mexico;Small City
San Francisco;1831;Mexico;Small City
Emiliano Zapata (El Ranchito);1831;Mexico;Small City
Puerto Bermejo;1832;Argentina;Small City
Uricho;1832;Mexico;Small City
Emiliano Zapata;1832;Mexico;Small City
San Cayetano;1833;Mexico;Small City
Santa Cruz;1833;Mexico;Small City
Xopilapa;1833;Mexico;Small City
Buena Vista;1833;Mexico;Small City
Atocha;1833;Bolivia;Small City
Portezuelo;1834;Mexico;Small City
Tenexpa;1834;Mexico;Small City
Santa Cruz Papalutla;1835;Mexico;Small City
Santa Cruz Mextepec;1836;Mexico;Small City
La Trinidad;1836;Mexico;Small City
El Maranon;1836;Honduras;Small City
Rumorosa;1836;Mexico;Small City
Tepuxtepec;1836;Mexico;Small City
El Peru;1836;Mexico;Small City
Sisal;1837;Mexico;Small City
Alpuyecancingo de las Montanas;1838;Mexico;Small City
Jauca;1838;Puerto Rico;Small City
Las Arenitas;1838;Mexico;Small City
Chapantongo;1839;Mexico;Small City
Landin;1839;Mexico;Small City
Macedonio Alonso;1840;Mexico;Small City
El Pericon;1841;Mexico;Small City
Temosachic;1841;Mexico;Small City
Buenavista de Allende;1841;Mexico;Small City
Ayometitla;1841;Mexico;Small City
Coronel Belisle;1841;Argentina;Small City
San Roque de Montes;1841;Mexico;Small City
Caserio de Cortes;1841;Mexico;Small City
Jardines del Eden;1841;Mexico;Small City
Chametla;1842;Mexico;Small City
La Victoria;1842;Mexico;Small City
Gasca;1843;Mexico;Small City
San Pedro Sochiapam;1843;Mexico;Small City
Texcaltepec;1843;Mexico;Small City
Cerro las Iguanas;1844;Mexico;Small City
San Atenogenes (La Villita);1844;Mexico;Small City
Santa Lucia Teotepec;1844;Mexico;Small City
Villa Hidalgo;1844;Mexico;Small City
Perez de Galeana;1844;Mexico;Small City
Horcasitas;1845;Mexico;Small City
Chichicuautla;1846;Mexico;Small City
Dos Arroyos;1846;Mexico;Small City
El Mirador;1846;Mexico;Small City
Villa Sola de Vega;1846;Mexico;Small City
East End;1846;Cayman Islands;Small City
Sabana Eneas;1847;Puerto Rico;Small City
Union Buena Vista;1847;Mexico;Small City
La Estanzuela;1847;Mexico;Small City
Guachinango;1847;Mexico;Small City
Chantal;1848;Haiti;Small City
Pueblo Nuevo Tlalmimilolpan;1848;Mexico;Small City
Santa Maria Palapa;1849;Mexico;Small City
Emilio Carranza;1849;Mexico;Small City
La Calera;1849;Mexico;Small City
Capacho;1849;Mexico;Small City
25 de Agosto;1849;Uruguay;Small City
San Antonio el Chico;1850;Mexico;Small City
Ampliacion la Hincada;1850;Mexico;Small City
Santa Maria Tonameca;1850;Mexico;Small City
Monte Salas;1850;Mexico;Small City
Guadalupe Etla;1851;Mexico;Small City
Puentecillas;1851;Mexico;Small City
San Martin Ejido;1852;Mexico;Small City
San Jorge Nuchita;1852;Mexico;Small City
25 de Mayo;1852;Uruguay;Small City
Bledos;1852;Mexico;Small City
San Andres Zautla;1852;Mexico;Small City
Maguey Blanco;1852;Mexico;Small City
Los Tepetates;1852;Mexico;Small City
La Criolla;1852;Argentina;Small City
Matatlan;1852;Mexico;Small City
Alfredo Demarchi;1853;Argentina;Small City
Los Remedios;1854;Mexico;Small City
Derac;1855;Haiti;Small City
Cohuecan;1856;Mexico;Small City
Urecho;1856;Mexico;Small City
Tenango;1856;Mexico;Small City
Mora;1857;Puerto Rico;Small City
San Miguel Monteverde;1857;Mexico;Small City
Santiago;1858;Mexico;Small City
San Antonio Sahcabchen;1858;Mexico;Small City
Santa Cruz Acapa;1859;Mexico;Small City
El Letrero;1859;Mexico;Small City
San Jeronimo Tulija;1859;Mexico;Small City
Zacapuato;1860;Mexico;Small City
Doblas;1860;Argentina;Small City
Murillo;1860;Colombia;Small City
El Esclavo;1860;Mexico;Small City
Ahuacatlan;1860;Mexico;Small City
Pucte;1861;Mexico;Small City
Mexcalcuautla;1861;Mexico;Small City
Suma de Hidalgo;1861;Mexico;Small City
Venecia;1861;Mexico;Small City
San Carlos;1861;Mexico;Small City
Fraccionamiento Universo;1862;Mexico;Small City
Antigua Ocotepeque;1862;Honduras;Small City
San Sebastian [Fraccionamiento];1862;Mexico;Small City
Nicolas Bravo;1862;Mexico;Small City
Canaries;1862;Saint Lucia;Small City
San Jose Rio Manzo;1862;Mexico;Small City
Yasha;1862;Mexico;Small City
Rafael Capo;1863;Puerto Rico;Small City
Estancia del Llano;1863;Mexico;Small City
San Sebastian de Salitre;1863;Mexico;Small City
Francisco I. Madero;1863;Mexico;Small City
Mata Loma;1864;Mexico;Small City
San Pablo Anicano;1865;Mexico;Small City
Bethania;1866;Mexico;Small City
Sapioris;1866;Mexico;Small City
Christiansted;1866;Virgin Islands (US);Small City
Ayotuxtla;1866;Mexico;Small City
Joaquin Herrera;1867;Mexico;Small City
Paseos de la Providencia [Fraccionamiento];1867;Mexico;Small City
Puerto Williams;1868;Chile;Small City
Marcelino Rodriguez (San Ignacio);1868;Mexico;Small City
Tampemoche;1868;Mexico;Small City
Tzompantepec;1869;Mexico;Small City
San Bartolome Hueyapan;1869;Mexico;Small City
Santa Lucia;1869;Nicaragua;Small City
Xochitlan;1869;Mexico;Small City
Cuecuecuatitla;1869;Mexico;Small City
Ramon Corona;1870;Mexico;Small City
San Antonio la Portilla;1870;Mexico;Small City
Campamento;1870;Colombia;Small City
Hacienda Tecate;1871;Mexico;Small City
San Javier;1871;Mexico;Small City
Corralito;1873;Argentina;Small City
Zozocolco de Guerrero;1873;Mexico;Small City
Pasaco;1873;Guatemala;Small City
Ixcatlan;1873;Mexico;Small City
La Gloria;1874;Mexico;Small City
Mamithi;1875;Mexico;Small City
Guadalupe Victoria;1876;Mexico;Small City
San Pedro de Tutule;1876;Honduras;Small City
Duncans;1876;Jamaica;Small City
Sesquile;1876;Colombia;Small City
Chiquihuitlan de Benito Juarez;1877;Mexico;Small City
Cacalotenango;1877;Mexico;Small City
Piaxtla de Abajo;1877;Mexico;Small City
San Francisco del Valle;1878;Honduras;Small City
Piggotts;1878;Antigua and Barbuda;Small City
Ahuehuetitla;1878;Mexico;Small City
Santiago Yolomecatl;1879;Mexico;Small City
Iles;1879;Colombia;Small City
Santiago Llano Grande;1880;Mexico;Small City
El Chante;1880;Mexico;Small City
Aranza;1881;Mexico;Small City
San Pedro Nichtalucum;1881;Mexico;Small City
Presa Blanca;1881;Mexico;Small City
Hermenegildo Galeana 2da. Seccion;1881;Mexico;Small City
San Gaspar;1881;Mexico;Small City
Elotepec;1881;Mexico;Small City
Chinampas;1881;Mexico;Small City
Bacorehuis;1882;Mexico;Small City
San Raymundo Jalpam;1882;Mexico;Small City
El Jicote;1882;Mexico;Small City
Erandique;1882;Honduras;Small City
Tehuipango;1884;Mexico;Small City
Tlaxinga (Clatzinga);1884;Mexico;Small City
Paso Nacional;1884;Mexico;Small City
Fraccionamiento San Miguel;1884;Mexico;Small City
Colonia Diana Laura Riojas de Colosio;1885;Mexico;Small City
Oxolotan;1886;Mexico;Small City
Ubala;1886;Colombia;Small City
Caparroso;1886;Mexico;Small City
El Rodeo;1887;Guatemala;Small City
Colonia Emiliano Zapata (San Juan Zitacuaro);1887;Mexico;Small City
El Lencero;1887;Mexico;Small City
San Antonio Buenavista;1887;Mexico;Small City
San Vicente;1888;Mexico;Small City
Totoro;1888;Colombia;Small City
Toa Baja;1889;Puerto Rico;Small City
Olintla;1889;Mexico;Small City
Perches;1889;Haiti;Small City
Abala;1890;Mexico;Small City
San Juan Bautista Lo de Soto;1890;Mexico;Small City
Autan;1890;Mexico;Small City
Baviacora;1890;Mexico;Small City
La Esperanza;1890;Panama;Small City
San Pedro Tejalpa;1892;Mexico;Small City
Buenavista de Juarez;1892;Mexico;Small City
El Maluco;1892;Mexico;Small City
Santa Elena;1893;Mexico;Small City
Yashanal;1893;Mexico;Small City
Cinco de Mayo;1893;Mexico;Small City
Buenavista;1893;Mexico;Small City
Lazaro Cardenas;1894;Mexico;Small City
Tepakan;1895;Mexico;Small City
Ticino;1895;Argentina;Small City
Iturbide;1896;Mexico;Small City
Quipile;1896;Colombia;Small City
San Pedro Jacuaro;1896;Mexico;Small City
Lujan;1896;Argentina;Small City
San Pedro Tlachichilco;1896;Mexico;Small City
Caurio de Guadalupe;1897;Mexico;Small City
Leacaman;1897;Mexico;Small City
Apeo;1897;Mexico;Small City
San Jose;1897;Honduras;Small City
Acamilpa;1897;Mexico;Small City
El Nacimiento;1898;Mexico;Small City
San Felipe de los Herreros;1898;Mexico;Small City
San Francisco;1898;Panama;Small City
Colonia Agricola de Ocotepec (Colonia San Jose);1898;Mexico;Small City
Novita;1898;Colombia;Small City
San Felipe Otlaltepec;1899;Mexico;Small City
Santa Isabel Cholula;1899;Mexico;Small City
San Antonio Juarez;1899;Mexico;Small City
Jimenez;1899;Mexico;Small City
Viloco;1900;Bolivia;Small City
Minzapan;1900;Mexico;Small City
Tepec;1900;Mexico;Small City
Tenayuca;1901;Mexico;Small City
Santiago Ixtayutla;1901;Mexico;Small City
El Cahulote de Santa Ana;1901;Mexico;Small City
Fraccionamiento Paseo de las Torres;1901;Mexico;Small City
Terrabona;1902;Nicaragua;Small City
Colonia Tulteca Teopan;1902;Mexico;Small City
North Side;1902;Cayman Islands;Small City
Santa Maria Batha;1902;Mexico;Small City
La Versolilla;1903;Mexico;Small City
El Nopal;1903;Mexico;Small City
Cachon;1903;Dominican Republic;Small City
Caxapa;1903;Mexico;Small City
Cuyoaco;1903;Mexico;Small City
La Plaza del Limon;1905;Mexico;Small City
Zacualpan;1905;Mexico;Small City
San Bautista;1905;Uruguay;Small City
Punuare;1905;Honduras;Small City
Ahuiran;1906;Mexico;Small City
Santa Ana;1906;Mexico;Small City
Manuel Villalongin;1906;Mexico;Small City
Praslin;1906;Saint Lucia;Small City
Ipalapa;1907;Mexico;Small City
El Molino;1907;Mexico;Small City
Supata;1907;Colombia;Small City
El Carmen Xalpatlahuaya;1907;Mexico;Small City
La Cruz de Loreto;1908;Mexico;Small City
Los Varela;1908;Argentina;Small City
Santa Cruz Pueblo;1908;Mexico;Small City
El Ocote;1908;Honduras;Small City
Dos Montes;1909;Mexico;Small City
San Francisco;1909;Mexico;Small City
San Juan Atitan;1910;Guatemala;Small City
Chichicaxtle;1910;Mexico;Small City
El Huizache;1910;Mexico;Small City
Amina;1910;Dominican Republic;Small City
Laureles;1910;Colombia;Small City
Palmillas;1910;Mexico;Small City
Huehuetan;1910;Mexico;Small City
Tenochtitlan;1911;Mexico;Small City
San Vicente Zoyatlan;1911;Mexico;Small City
Obispo Trejo;1911;Argentina;Small City
Ceiba 1ra. Seccion (Jahuactal);1912;Mexico;Small City
San Agustin Oapan;1912;Mexico;Small City
Hacienda Vieja del Castillo (Castillo Viejo);1913;Mexico;Small City
El Higueral;1913;Mexico;Small City
Lagartera 1ra. Seccion;1914;Mexico;Small City
El Lequeitio;1914;Mexico;Small City
San Antonio Calichar;1914;Mexico;Small City
Cecilio Teran;1914;Mexico;Small City
San Rafael;1914;Mexico;Small City
Subteniente Lopez;1915;Mexico;Small City
Jalisco;1915;Mexico;Small City
El Milagro;1917;Honduras;Small City
La Pintada;1917;Panama;Small City
Soledad Morelos;1917;Mexico;Small City
Angelopolis;1917;Colombia;Small City
El Espinal;1917;Mexico;Small City
Palmillas;1918;Mexico;Small City
Torbeck;1918;Haiti;Small City
Santiago Chazumba;1918;Mexico;Small City
Carranco;1918;Mexico;Small City
La Laguna y Monte del Castillo;1920;Mexico;Small City
Totolmajac;1920;Mexico;Small City
Cuatzoquitengo;1920;Mexico;Small City
Pedasi;1920;Panama;Small City
Guatavita;1920;Colombia;Small City
Sahcaba;1922;Mexico;Small City
Cruz Blanca;1922;Mexico;Small City
Colonia Agricola Alvaro Obregon;1922;Mexico;Small City
Huajoyuca;1922;Mexico;Small City
Villa Rumipal;1922;Argentina;Small City
El Llano;1923;Honduras;Small City
San Esteban;1923;Mexico;Small City
Apoderado;1923;Mexico;Small City
La Azozuca;1924;Mexico;Small City
Francisco Ignacio Madero;1925;Mexico;Small City
San Pedro de los Sauces;1925;Mexico;Small City
Las Margaritas;1925;Mexico;Small City
Villa Dominguez;1925;Argentina;Small City
Guemez;1925;Mexico;Small City
Amatlan;1925;Mexico;Small City
San Juan Jicayan;1925;Mexico;Small City
Texcapa;1926;Mexico;Small City
General Lazaro Cardenas;1927;Mexico;Small City
Alexandria;1927;Jamaica;Small City
El Tular;1927;Honduras;Small City
Corozal;1927;Mexico;Small City
Piedra Gorda;1927;Puerto Rico;Small City
San Pablo Ixquitlan;1928;Mexico;Small City
Marcovia;1928;Honduras;Small City
Oxiacaque;1928;Mexico;Small City
El Jacal;1928;Mexico;Small City
San Sebastian;1928;Mexico;Small City
Calvario Buenavista;1928;Mexico;Small City
Carmen de Carupa;1928;Colombia;Small City
Agiabampo Uno;1929;Mexico;Small City
Chuburna;1929;Mexico;Small City
Paraiso del Grijalva;1930;Mexico;Small City
Purisima del Progreso;1932;Mexico;Small City
Montijo;1932;Panama;Small City
Sapucai;1932;Paraguay;Small City
Chipispaya;1932;Peru;Small City
Tlacomulco;1932;Mexico;Small City
Melchor Ocampo;1933;Mexico;Small City
Wesley;1933;Dominica;Small City
Cristo Rey;1934;Mexico;Small City
Chinipas;1934;Mexico;Small City
El Triunfo;1935;Mexico;Small City
Juan Diaz;1935;Panama;Small City
Huitchila;1935;Mexico;Small City
Santa Catarina;1936;Mexico;Small City
Huitzatarito;1936;Mexico;Small City
Tlamanca de Hernandez;1937;Mexico;Small City
El Consuelo Ulapa;1937;Mexico;Small City
Jiquipilco;1938;Mexico;Small City
Moloacan;1938;Mexico;Small City
San Miguel Coatlan;1938;Mexico;Small City
Llano Grande;1938;Mexico;Small City
Tekik de Regil;1938;Mexico;Small City
Zamorano;1938;Mexico;Small City
El Jobo;1939;Mexico;Small City
La Ceja;1940;Mexico;Small City
Tapalapa;1940;Mexico;Small City
Rio Chiquito;1940;Mexico;Small City
Atzalan;1940;Mexico;Small City
Ejido del Tunal Nenaxi;1941;Mexico;Small City
General Zaragoza;1941;Mexico;Small City
Chatipan;1942;Mexico;Small City
Llano de Zacapexco;1942;Mexico;Small City
Guanaja;1942;Honduras;Small City
Fraccionamiento Monte Olivo;1942;Mexico;Small City
San Martin Tuchicuitlapilco;1942;Mexico;Small City
Santa Maria Nativitas;1943;Mexico;Small City
El Rincon de San Felipe (Tercera Manzana San Felipe);1945;Mexico;Small City
Moyos;1945;Mexico;Small City
Sabana;1946;Puerto Rico;Small City
San Francisco de Yojoa;1946;Honduras;Small City
Catarino Rodriguez;1946;Mexico;Small City
Zinaparo;1947;Mexico;Small City
Laguna Chica (Pueblo Nuevo);1947;Mexico;Small City
Felipe Yofre;1947;Argentina;Small City
Abelardo L. Rodriguez;1948;Mexico;Small City
Tlaxcalantongo;1948;Mexico;Small City
Acatzingo (Acatzingo de la Piedra);1949;Mexico;Small City
Tenampa;1949;Mexico;Small City
Las Ollas;1949;Puerto Rico;Small City
San Juan Tecomatlan;1950;Mexico;Small City
Cucutilla;1950;Colombia;Small City
El Mochito;1950;Honduras;Small City
Texalpan de Abajo;1950;Mexico;Small City
Santa Marta;1952;Panama;Small City
La Cuevita;1952;Mexico;Small City
Independencia;1953;Mexico;Small City
Chilapa;1953;Mexico;Small City
Ocuilan de Arteaga;1954;Mexico;Small City
Chila;1954;Mexico;Small City
San Jose Tenejapa;1954;Mexico;Small City
Reyes Etla;1954;Mexico;Small City
Bella Vista del Rio;1955;Mexico;Small City
La Candelaria;1955;Mexico;Small City
Julian Blanco (Dos Caminos);1955;Mexico;Small City
Santa Maria Amealco;1955;Mexico;Small City
Portugues de Galvez;1955;Mexico;Small City
San Jose Comalco;1955;Mexico;Small City
Santa Juana;1956;Mexico;Small City
Cantabria;1956;Mexico;Small City
Villas Fundadores [Fraccionamiento];1956;Mexico;Small City
Constancio Farfan (La Pascuala);1958;Mexico;Small City
Acoyotla;1958;Mexico;Small City
Santa Rita Arriba;1960;Panama;Small City
Canada de Madero;1960;Mexico;Small City
Estacion Joaquin;1960;Mexico;Small City
San Jeronimo de Araceo;1960;Mexico;Small City
Sabanillas;1961;Mexico;Small City
San Juan Cuauhtemoc;1961;Mexico;Small City
Paseo de las Canadas;1963;Mexico;Small City
Barron;1964;Mexico;Small City
Atapaneo;1965;Mexico;Small City
Lazaro Cardenas;1965;Mexico;Small City
Emiliano Zapata;1965;Mexico;Small City
La Victoria;1966;Mexico;Small City
Ventana;1966;Mexico;Small City
San Lorenzo Tlaxipehuala;1966;Mexico;Small City
Tres Mezquites;1966;Mexico;Small City
Benito Juarez;1967;Mexico;Small City
Caleras de Ameche;1967;Mexico;Small City
Farallon;1967;Panama;Small City
San Luis;1967;Honduras;Small City
Gabriel Esquinca;1968;Mexico;Small City
Ahuehuetitlan;1969;Mexico;Small City
Guadalupe Minerva;1969;Mexico;Small City
San Jose;1969;Mexico;Small City
San Andres Hidalgo;1970;Mexico;Small City
Tepetzingo;1970;Mexico;Small City
Sierra de Agua;1970;Mexico;Small City
Tatauzoquico;1970;Mexico;Small City
El Pozole;1971;Mexico;Small City
Colonia Latinoamericana;1972;Mexico;Small City
La Estacada;1972;Mexico;Small City
Mazapa;1972;Mexico;Small City
Jambalo;1972;Colombia;Small City
Zahuatlan de Morelos (San Jose);1972;Mexico;Small City
Nuevo Limar;1974;Mexico;Small City
Bombardopolis;1974;Haiti;Small City
Santa Ana;1974;Mexico;Small City
Quezalguaque;1974;Nicaragua;Small City
Teya;1975;Mexico;Small City
Boye;1975;Mexico;Small City
Potrerillos (Guanajal);1976;Mexico;Small City
Loma Grande;1976;Mexico;Small City
Puertecito de la Virgen;1976;Mexico;Small City
Abasolo;1976;Mexico;Small City
Totoral;1976;Peru;Small City
Anguil;1977;Argentina;Small City
Doctor Cecilio Baez;1977;Paraguay;Small City
Los Algarrobos;1977;Panama;Small City
San Juan Atenco;1977;Mexico;Small City
Colonia Montemariana (Colonia Mariana);1978;Mexico;Small City
Guabito;1978;Panama;Small City
Islas Agrarias Grupo A;1979;Mexico;Small City
Tequesquitlan;1979;Mexico;Small City
Jesus Maria;1979;Mexico;Small City
El Cortijo;1979;Mexico;Small City
Rincon de Guayabitos;1979;Mexico;Small City
El Mango;1979;Puerto Rico;Small City
Florentino Ameghino;1979;Argentina;Small City
Miramar;1979;Argentina;Small City
Santa Juana Primera Seccion;1979;Mexico;Small City
El Obraje;1980;Mexico;Small City
Oso Viejo;1980;Mexico;Small City
Plancarte;1980;Mexico;Small City
San Miguel Cerezo (El Cerezo);1981;Mexico;Small City
Estacion Consuelo;1981;Mexico;Small City
Pareo;1981;Mexico;Small City
San Diego el Organal;1982;Mexico;Small City
Chilacachapa;1982;Mexico;Small City
Fraccionamiento Hacienda del Bosque;1983;Mexico;Small City
San Jose de Vinedo;1984;Mexico;Small City
San Antonio Tecolco;1984;Mexico;Small City
San Sebastian Etla;1984;Mexico;Small City
Cieneguillas;1984;Mexico;Small City
San Joaquin;1985;Mexico;Small City
La Concepcion;1985;Honduras;Small City
Vallecillo;1986;Honduras;Small City
Hidalgo;1986;Mexico;Small City
Minador do Negrao;1986;Brazil;Small City
San Agustin Atzompa;1986;Mexico;Small City
Texhuacan;1986;Mexico;Small City
Cerro Gordo;1987;Mexico;Small City
La Labor;1988;Mexico;Small City
Holca;1988;Mexico;Small City
Oriente 1ra. Seccion;1988;Mexico;Small City
Querobabi;1988;Mexico;Small City
San Andres Sajcabaja;1988;Guatemala;Small City
La Lucha;1989;Mexico;Small City
San Antonio Soledad;1990;Mexico;Small City
Arroyo Salado;1990;Dominican Republic;Small City
La Pe;1990;Mexico;Small City
Boca de Yuma;1991;Dominican Republic;Small City
Valle Huejucar (Fraccionamiento Popular) [Fraccionamiento];1991;Mexico;Small City
Doxhicho;1992;Mexico;Small City
Piedra de Amolar;1992;Mexico;Small City
Janamuato;1992;Mexico;Small City
Los Platanos;1992;Mexico;Small City
San Francisco Tlacuilohcan;1992;Mexico;Small City
Francisco I. Madero;1993;Mexico;Small City
Ricardo Flores Magon;1993;Mexico;Small City
Nuxco;1993;Mexico;Small City
Santa Ana del Valle;1993;Mexico;Small City
Techachaltitla;1994;Mexico;Small City
El Jabali;1994;Mexico;Small City
Corupo;1994;Mexico;Small City
Las Taponas;1994;Mexico;Small City
Santa Cruz;1995;Mexico;Small City
Barrio de Espana;1995;Mexico;Small City
San Agustin;1995;Mexico;Small City
Agualeguas;1995;Mexico;Small City
Rio Grande;1995;Mexico;Small City
El Cacao;1997;Dominican Republic;Small City
Palmar de Ocoa;1997;Dominican Republic;Small City
Vicente Guerrero;1997;Mexico;Small City
San Jose del Cerrito de Camargo;1998;Mexico;Small City
Tenejapa;1998;Mexico;Small City
Buenos Aires;1998;Mexico;Small City
Monte Grande;1999;Mexico;Small City
Caye Caulker;2000;Belize;Small City
San Pedro de Atacama;2000;Chile;Small City
Pinal de Amoles;2000;Mexico;Small City
Pisac;2000;Peru;Small City
Atins;2000;Brazil;Small City
Barrio San Luis;2000;Colombia;Small City
Santa Rosa de Tastil;2000;Argentina;Small City
Ollantaytambo;2000;Peru;Small City
Vallecitos de Zaragoza;2000;Mexico;Small City
Pajas Blancas;2000;Uruguay;Small City
Colonia San Lorenzo;2000;Paraguay;Small City
San Juan De Los Platanos;2000;Mexico;Small City
La Adela;2000;Argentina;Small City
Taquile;2000;Peru;Small City
Nueva Independencia;2001;Mexico;Small City
Altata;2001;Mexico;Small City
Tamazola;2001;Mexico;Small City
Rancho Viejo;2001;Mexico;Small City
Tlazala de Fabela;2002;Mexico;Small City
San Rafael Tepatlaxco;2003;Mexico;Small City
Nuevo Emperador;2003;Panama;Small City
Ramos;2004;Puerto Rico;Small City
San Agustin Chayuco;2004;Mexico;Small City
San Miguel Tlacamama;2004;Mexico;Small City
Santa Ana Huista;2004;Guatemala;Small City
Progreso de Juarez;2004;Mexico;Small City
Otilpan;2005;Mexico;Small City
Lluveras;2005;Puerto Rico;Small City
Naranjito;2005;Puerto Rico;Small City
Tonala;2005;Mexico;Small City
Tomatlan;2006;Mexico;Small City
Lanquin;2006;Guatemala;Small City
Tamara;2007;Colombia;Small City
Los Cordobas;2007;Colombia;Small City
Tiltepec;2007;Mexico;Small City
Montebello;2007;Colombia;Small City
Xoxonacatla;2007;Mexico;Small City
J. Jesus Diaz Tzirio;2007;Mexico;Small City
Ejido El Vergel;2008;Mexico;Small City
Chalmeca;2008;Honduras;Small City
San Juan Atzingo;2008;Mexico;Small City
Acatempa;2008;Mexico;Small City
San Lorenzo Nenamicoyan;2008;Mexico;Small City
Chimalapa;2008;Mexico;Small City
Vicente Guerrero;2009;Mexico;Small City
Pantepec;2009;Mexico;Small City
Valadeces;2009;Mexico;Small City
Santa Catarina;2009;Mexico;Small City
Ninguno [CERESO];2010;Mexico;Small City
Cacalutla;2010;Mexico;Small City
Carlosama;2010;Colombia;Small City
Belisario Dominguez;2011;Mexico;Small City
Hacienda de Cabanas;2011;Mexico;Small City
Los Ocotes;2011;Mexico;Small City
Sierra de Guadalupe;2011;Mexico;Small City
San Isidro de la Concepcion;2012;Mexico;Small City
Baitoa;2013;Dominican Republic;Small City
San Jose;2013;Mexico;Small City
Jose Maria Pino Suarez;2014;Mexico;Small City
Molas;2014;Mexico;Small City
La Esperanza;2014;Honduras;Small City
Mariano I. Loza;2015;Argentina;Small City
Tucta;2015;Mexico;Small City
Taxco;2016;Mexico;Small City
Campo Real;2017;Mexico;Small City
Santa Maria Begona;2017;Mexico;Small City
Palos Amarillos (Palos Amarillos Yebucivi);2017;Mexico;Small City
Mariscala de Juarez;2017;Mexico;Small City
El Silencio;2017;Panama;Small City
Boqueron;2017;Puerto Rico;Small City
San Sebastian;2017;Mexico;Small City
Cuch Holoch;2017;Mexico;Small City
Guayabetal;2017;Colombia;Small City
Santiago Mamalhuazuca;2018;Mexico;Small City
Santiago Huajolotitlan;2018;Mexico;Small City
Maya Balam;2018;Mexico;Small City
Ukum;2019;Mexico;Small City
Carrizal;2019;Mexico;Small City
Felipe Carrillo Puerto;2019;Mexico;Small City
San Antonio Ilotenango;2021;Guatemala;Small City
Franquez;2021;Puerto Rico;Small City
Capulin de Bustos;2021;Mexico;Small City
Jujutla;2022;El Salvador;Small City
Victoria;2023;El Salvador;Small City
Hueytlalpan;2023;Mexico;Small City
Osumacinta;2023;Mexico;Small City
Enrique Estrada;2023;Mexico;Small City
Mella;2024;Dominican Republic;Small City
El Espinal;2024;Mexico;Small City
San Miguel Panan;2024;Guatemala;Small City
El Corte;2025;Mexico;Small City
San Pedro Xalcaltzinco;2025;Mexico;Small City
Bomanxotha;2025;Mexico;Small City
Buena Vista;2026;Puerto Rico;Small City
San Diego;2026;Mexico;Small City
Kopoma;2026;Mexico;Small City
Gonzalo;2027;Dominican Republic;Small City
Paratebueno;2027;Colombia;Small City
Comunas;2027;Puerto Rico;Small City
El Suyatal;2027;Honduras;Small City
San Simonito;2028;Mexico;Small City
Coatlan del Rio;2028;Mexico;Small City
La Tortuga;2029;Mexico;Small City
El Aguacate;2030;Mexico;Small City
Restauracion;2031;Dominican Republic;Small City
San Luis de Palenque;2032;Colombia;Small City
La Libertad;2032;Mexico;Small City
Los Telares;2032;Argentina;Small City
Xoteapan;2033;Mexico;Small City
Belen;2033;Uruguay;Small City
Munoz;2034;Mexico;Small City
Solosuchiapa;2035;Mexico;Small City
Armenia;2035;Colombia;Small City
Laguna del Mante;2036;Mexico;Small City
Villa Burruyacu;2037;Argentina;Small City
Xul-Ha;2037;Mexico;Small City
Playa Fortuna;2037;Puerto Rico;Small City
Navajas;2037;Mexico;Small City
Corral de Piedras de Arriba;2037;Mexico;Small City
Huajumbaro;2037;Mexico;Small City
Telpaneca;2037;Nicaragua;Small City
Delgado de Arriba;2038;Mexico;Small City
Xiquila;2038;Mexico;Small City
Pahuatlan;2039;Mexico;Small City
Dajiedi;2039;Mexico;Small City
Huaxtla;2039;Mexico;Small City
El Copalar;2039;Mexico;Small City
Ciudad Morelos;2040;Mexico;Small City
Pinzandaro;2040;Mexico;Small City
La Escondida;2040;Mexico;Small City
Estacion Chimaneco;2041;Mexico;Small City
Gonzalez Ortega;2041;Mexico;Small City
San Jose Chacalapa;2041;Mexico;Small City
Tetipac;2042;Mexico;Small City
Playon Chico;2042;Panama;Small City
Sebastian Elcano;2042;Argentina;Small City
Mococha;2042;Mexico;Small City
Xalatzala;2042;Mexico;Small City
San Juanito Itzicuaro;2044;Mexico;Small City
Santo Tomas Huatzindeo;2044;Mexico;Small City
San Francisco (Banos de Agua Caliente);2044;Mexico;Small City
Machacamarca;2044;Bolivia;Small City
Colonia Felipe Angeles;2045;Mexico;Small City
Pital;2046;Costa Rica;Small City
Aurora Esquipulas;2046;Mexico;Small City
Richmond;2046;Jamaica;Small City
Los Antiguos;2047;Argentina;Small City
Tianguistongo;2047;Mexico;Small City
San Pedro de los Metates;2048;Mexico;Small City
Papatlazolco;2048;Mexico;Small City
Dios Padre;2049;Mexico;Small City
El Capulin;2049;Mexico;Small City
Emiliano Zapata;2050;Mexico;Small City
La Rivera;2050;Mexico;Small City
Tacuro (Santa Maria Tacuro);2050;Mexico;Small City
Tiripetio;2050;Mexico;Small City
Topia;2051;Mexico;Small City
La Escalera;2052;Mexico;Small City
Bokoba;2052;Mexico;Small City
Ex-Hacienda el Hospital;2053;Mexico;Small City
Temoris;2053;Mexico;Small City
Seis de Octubre (Santo Nino);2053;Mexico;Small City
San Francisco Periban;2054;Mexico;Small City
La Esperanza;2054;Mexico;Small City
Ibarrilla;2054;Mexico;Small City
Rio Abajo;2055;Honduras;Small City
Emiliano Zapata;2055;Mexico;Small City
Cacao;2056;Mexico;Small City
Sabanagrande;2056;Honduras;Small City
Francisco Sarabia (Cerrito Pelon);2056;Mexico;Small City
Miranda;2057;Puerto Rico;Small City
Santa Fe;2057;Mexico;Small City
Santa Barbara;2058;Mexico;Small City
Pedro R. Fernandez;2058;Argentina;Small City
Tierra Blanca;2058;Mexico;Small City
Nicola Town;2059;Saint Kitts and Nevis;Small City
San Jose Chapayal;2059;Mexico;Small City
Santa Ana;2059;Argentina;Small City
Alfredo V. Bonfil;2060;Mexico;Small City
Cupareo;2061;Mexico;Small City
Apapantilla;2061;Mexico;Small City
Potrerillo;2062;Mexico;Small City
San Ignacio;2062;Mexico;Small City
Tepakan;2064;Mexico;Small City
El Guayabo;2065;Mexico;Small City
Jalpilla;2065;Mexico;Small City
Heriberto Valdez Romero (El Guayabo);2065;Mexico;Small City
Koto;2065;Haiti;Small City
Colonia 18 de Marzo;2065;Mexico;Small City
San Pablo Ahuatempa;2066;Mexico;Small City
Ejido Ohuira;2066;Mexico;Small City
San Francisco del Chanar;2067;Argentina;Small City
Blasillo 1ra. Seccion (Nicolas Bravo);2067;Mexico;Small City
Altus Bosques;2067;Mexico;Small City
Pedro Corto;2067;Dominican Republic;Small City
Tocob Leglemal;2067;Mexico;Small City
Barrio de Nuevo Leon;2067;Mexico;Small City
San Jose Casas Caidas;2067;Mexico;Small City
Tzeltal;2068;Mexico;Small City
Cacao;2068;Puerto Rico;Small City
San Buenaventura Atempan;2068;Mexico;Small City
Alfredo V. Bonfil (Chacampalco);2068;Mexico;Small City
Ahuatlan;2069;Mexico;Small City
Almagres;2069;Mexico;Small City
Hormiguero;2069;Mexico;Small City
Fabrica Concepcion;2071;Mexico;Small City
Candelaria Loxicha;2072;Mexico;Small City
Nopalapan;2073;Mexico;Small City
Huichihuayan;2073;Mexico;Small City
San Andres del Pedregal;2073;Mexico;Small City
Moyoapan;2073;Mexico;Small City
Santa Barbara de La Cueva;2074;Mexico;Small City
Zirahuato de los Bernal;2075;Mexico;Small City
La Laja;2075;Mexico;Small City
Presidio;2075;Mexico;Small City
Los Aztecas;2077;Mexico;Small City
Palmillas;2077;Mexico;Small City
San Lorenzo;2079;Mexico;Small City
Tamcuime;2080;Mexico;Small City
San Calixto;2080;Colombia;Small City
Villa Ascasubi;2081;Argentina;Small City
San Jose Tilapa;2081;Mexico;Small City
Huaxcaleca;2081;Mexico;Small City
El Contadero de Matamoros;2082;Mexico;Small City
CEFERESO Numero 3;2082;Mexico;Small City
Bocaneo (San Pedro);2082;Mexico;Small City
Cruz del Milagro;2082;Mexico;Small City
Ojo de Agua;2083;Mexico;Small City
Buenavista;2084;Colombia;Small City
Mezcala;2085;Mexico;Small City
La Brecha;2085;Mexico;Small City
Rafael Yanez Sosa (El Mezquite);2085;Mexico;Small City
Brisas del Carrizal;2085;Mexico;Small City
Chupio;2086;Mexico;Small City
Tepetlan;2086;Mexico;Small City
Tuxpan;2086;Mexico;Small City
San Gregorio;2087;Mexico;Small City
Mariano Balleza;2087;Mexico;Small City
San Miguel Atlamajac;2088;Mexico;Small City
Cubiri de Portelas;2088;Mexico;Small City
San Isidro (El Reservado);2088;Mexico;Small City
Nuevo Vicente Guerrero (El Chichonal);2088;Mexico;Small City
Coajomulco;2089;Mexico;Small City
Lepaterique;2090;Honduras;Small City
Tinajitas;2090;Mexico;Small City
Buenavista;2090;Mexico;Small City
Silacayoapam;2090;Mexico;Small City
La Mesa;2090;Panama;Small City
Dolores Jaltenango;2090;Mexico;Small City
Metepec;2090;Mexico;Small City
Chicaman;2090;Guatemala;Small City
Dulce Nombre de Culmi;2091;Honduras;Small City
Santana;2091;Colombia;Small City
Jose Maria Pino Suarez;2091;Mexico;Small City
Teojomulco;2091;Mexico;Small City
Yhu;2092;Paraguay;Small City
Doctor Gonzalez;2092;Mexico;Small City
Cliserio Alanis (San Gaspar);2092;Mexico;Small City
Benito Juarez (Vinateria);2093;Mexico;Small City
San Pedro el Alto;2095;Mexico;Small City
San Francisco Tlaltica;2095;Mexico;Small City
Santa Maria;2095;Paraguay;Small City
San Francisco Zacapexpan;2095;Mexico;Small City
San Juan Achichilco;2095;Mexico;Small City
La Cuesta;2095;Mexico;Small City
San Felipe Cihualtepec;2096;Mexico;Small City
Santa Maria Magdalena;2096;Mexico;Small City
Cachira;2097;Colombia;Small City
Acteopan;2098;Mexico;Small City
Jose Maria Morelos y Pavon;2098;Mexico;Small City
Nuevo Chamelecon;2098;Honduras;Small City
Morelos Piedra 3ra. Seccion;2099;Mexico;Small City
Saldan;2099;Argentina;Small City
La Palma;2100;Mexico;Small City
Xonalpu;2100;Mexico;Small City
San Lorenzo Huehuetitlan;2100;Mexico;Small City
Nuevo Sitala;2101;Mexico;Small City
Gueican;2101;Colombia;Small City
Aratoca;2101;Colombia;Small City
Proteccion;2101;Honduras;Small City
San Jose Monte Chiquito;2103;Mexico;Small City
Montorganize;2104;Haiti;Small City
Oxtotitlan;2104;Mexico;Small City
Tepetzingo;2104;Mexico;Small City
Brenas;2104;Puerto Rico;Small City
Carice;2104;Haiti;Small City
Churipitzeo;2105;Mexico;Small City
Onverwacht;2105;Suriname;Small City
Maravillas;2105;Mexico;Small City
Taniperla;2106;Mexico;Small City
Camaron de Tejeda;2106;Mexico;Small City
Texca;2107;Mexico;Small City
Coripata;2107;Bolivia;Small City
Santiago;2107;Costa Rica;Small City
Margaritas;2108;Mexico;Small City
Dautillos;2109;Mexico;Small City
Migues;2109;Uruguay;Small City
Bachiniva;2109;Mexico;Small City
Caseros;2109;Argentina;Small City
Canada de Caracheo;2109;Mexico;Small City
San Juan de Oriente;2111;Nicaragua;Small City
Santiago Yeche;2111;Mexico;Small City
Tinum;2111;Mexico;Small City
Puerto Narino;2113;Colombia;Small City
Abdenago C. Garcia;2113;Mexico;Small City
Nicolas Bravo;2113;Mexico;Small City
Yatayti Calle;2114;Argentina;Small City
San Jose de los Remates;2115;Nicaragua;Small City
Laguna Naick-Neck;2115;Argentina;Small City
Pescaderia;2116;Dominican Republic;Small City
Las Acequias;2116;Argentina;Small City
El Rosario;2117;Mexico;Small City
Cuexcomatitlan;2117;Mexico;Small City
Rio de Medina;2118;Mexico;Small City
San Juan Epatlan;2118;Mexico;Small City
Unidad Habitacional Antonio Osorio de Leon (Bojay);2119;Mexico;Small City
Pisaflores;2119;Mexico;Small City
San Cristobal Zapotitlan;2119;Mexico;Small City
Jose Enrique Rodo;2120;Uruguay;Small City
Nueva Esperanza;2120;Honduras;Small City
San Juan Quiahue;2120;Mexico;Small City
Aporo;2120;Mexico;Small City
Raquira;2120;Colombia;Small City
Tenenexpan;2121;Mexico;Small City
Las Delicias;2121;Mexico;Small City
San Francisco Cozoaltepec;2121;Mexico;Small City
Polo;2121;Dominican Republic;Small City
Malacatancito;2121;Guatemala;Small City
Tlalchiyahualica;2122;Mexico;Small City
Macario J. Gomez [Colonia];2122;Mexico;Small City
Cerro Gordo;2123;Mexico;Small City
Altamira;2123;Colombia;Small City
Palmitas;2123;Uruguay;Small City
Capitan Solari;2123;Argentina;Small City
San Miguel Xochitecatitla;2124;Mexico;Small City
Yapeyu;2124;Argentina;Small City
Santa Cruz Tacache de Mina;2125;Mexico;Small City
El Corte;2126;Mexico;Small City
San Martin Cachihuapan;2126;Mexico;Small City
San Pedro Tlaquilpan;2126;Mexico;Small City
Aquismon;2127;Mexico;Small City
Cumuapa 1ra. Seccion;2128;Mexico;Small City
Praxedis G. Guerrero;2128;Mexico;Small City
Cipreses;2129;Mexico;Small City
Colonia el Renacimiento;2129;Mexico;Small City
Ohuatipa;2130;Mexico;Small City
Mahaicony Village;2130;Guyana;Small City
Petit Trou de Nippes;2130;Haiti;Small City
Tuxtilla;2130;Mexico;Small City
Damian Carmona;2131;Mexico;Small City
San Francisco (Mata Clara);2131;Mexico;Small City
Turicato;2132;Mexico;Small City
Moyahua de Estrada;2132;Mexico;Small City
Ladrillera (Entronque Pesqueria);2133;Mexico;Small City
Mazumiapam;2133;Mexico;Small City
General Baldissera;2133;Argentina;Small City
Santa Maria Quelites;2133;Mexico;Small City
Ayutla;2134;Mexico;Small City
Amapala;2136;Honduras;Small City
La Flecha;2136;Honduras;Small City
Firavitoba;2136;Colombia;Small City
Cupilco;2136;Mexico;Small City
Plan Guanajuato (La Sandia);2136;Mexico;Small City
Barrio de Guadalupe;2136;Mexico;Small City
Acxotla del Monte;2136;Mexico;Small City
El Salto;2137;Mexico;Small City
Canaveral;2137;Honduras;Small City
Chulum Juarez;2137;Mexico;Small City
Alpachiri;2138;Argentina;Small City
Gunyo Poniente (San Jose Gunyo);2138;Mexico;Small City
La Alianza;2139;Puerto Rico;Small City
Las Higuerillas;2139;Mexico;Small City
La Playa;2139;Puerto Rico;Small City
Chapab;2141;Mexico;Small City
Texalpan de Arriba;2142;Mexico;Small City
Arroyo del Medio;2142;Argentina;Small City
Nueva Sesecapa;2143;Mexico;Small City
Santiago;2144;Paraguay;Small City
Progreso;2144;Mexico;Small City
Buenos Aires;2144;Colombia;Small City
San Luis Taxhimay;2145;Mexico;Small City
Tixcacaltuyub;2146;Mexico;Small City
Huacapa y Amestoy;2146;Mexico;Small City
San Antonio de Penuelas;2147;Mexico;Small City
Octaviano Lopez;2148;Mexico;Small City
Moncagua;2148;El Salvador;Small City
Zalamea;2148;Mexico;Small City
San Agustin;2149;El Salvador;Small City
Pasaquina;2149;El Salvador;Small City
Atzingo;2151;Mexico;Small City
Naranjal;2151;Paraguay;Small City
Zacatepec;2151;Mexico;Small City
Bonifacio Garcia;2151;Mexico;Small City
San Francisco;2152;Mexico;Small City
La Camelia;2153;Mexico;Small City
Maunabo;2154;Puerto Rico;Small City
San Sebastian Tenochtitlan;2155;Mexico;Small City
Tenixtepec;2155;Mexico;Small City
Santo Tomas;2155;Mexico;Small City
Simacota;2156;Colombia;Small City
San Jose de la Laja;2156;Mexico;Small City
Rio Chancala;2156;Mexico;Small City
Diamante de Echeverria;2157;Mexico;Small City
Santa Juana Centro;2158;Mexico;Small City
Fredepo;2159;Mexico;Small City
Gandho;2159;Mexico;Small City
San Rafael;2160;Mexico;Small City
Loma Linda;2161;Mexico;Small City
La Venta;2161;Mexico;Small City
El Carreton;2161;Mexico;Small City
El Hoyo;2162;Argentina;Small City
Nuevo Vigia;2163;Panama;Small City
Buenavista;2163;Mexico;Small City
La Concepcion Coatipac (La Conchita);2163;Mexico;Small City
Santa Maria Tiltepec;2163;Mexico;Small City
Santo Nino Aguanaval;2164;Mexico;Small City
General Andres Figueroa;2164;Mexico;Small City
San Lorenzo;2165;Guatemala;Small City
Villa Bustos;2165;Argentina;Small City
Tixcancal;2165;Mexico;Small City
Potrero Viejo;2165;Mexico;Small City
Saban;2167;Mexico;Small City
Texcaltitan Xoteapan (Texcaltitan);2167;Mexico;Small City
Ekmul;2168;Mexico;Small City
San Isidro;2168;Mexico;Small City
Loma Blanca;2169;Mexico;Small City
Yorito;2169;Honduras;Small City
El Camaron;2170;Mexico;Small City
Partido;2170;Dominican Republic;Small City
Arboledas;2171;Mexico;Small City
San Cristobal Acasaguastlan;2171;Guatemala;Small City
Atla;2172;Mexico;Small City
Colonia Morelos (El Nueve);2172;Mexico;Small City
Bellavista;2172;Mexico;Small City
Bonpland;2173;Argentina;Small City
San Vicente Ferrer;2173;Mexico;Small City
Lomas de Chapultepec;2173;Mexico;Small City
Achiras;2173;Argentina;Small City
Barrio de Jesus Fraccion Primera;2174;Mexico;Small City
Ramon Santana;2175;Dominican Republic;Small City
Tecpantzacoalco;2175;Mexico;Small City
San Baltazar Loxicha;2175;Mexico;Small City
Merced del Potrero;2175;Mexico;Small City
Puerta de Palmillas;2176;Mexico;Small City
Tz'Aquiviljok;2176;Mexico;Small City
Tonala;2176;Mexico;Small City
El Molino;2176;Mexico;Small City
Las Brisas;2176;Mexico;Small City
El Plan;2176;Honduras;Small City
San Sebastian;2177;Mexico;Small City
Los Ramirez;2177;Mexico;Small City
La Uvilla;2178;Dominican Republic;Small City
Chametla;2178;Mexico;Small City
Arroyo Hondo;2178;Mexico;Small City
Santa Eufemia;2179;Argentina;Small City
Tecuanipan;2179;Mexico;Small City
La Concepcion Enyege;2180;Mexico;Small City
Lindavista;2180;Mexico;Small City
Cuamio;2180;Mexico;Small City
Guadalupe;2181;Colombia;Small City
Soyatlan del Oro;2181;Mexico;Small City
El Romereno (INFONAVIT);2182;Mexico;Small City
Isaac Arriaga (Santa Ana Mancera);2182;Mexico;Small City
El Carmen (El Limon);2182;Mexico;Small City
Alfredo V. Bonfil;2184;Mexico;Small City
Dzonot Carretero;2184;Mexico;Small City
Saint Joseph;2184;Dominica;Small City
Marmelade;2184;Haiti;Small City
Gobernador Costa;2185;Argentina;Small City
Las Piedras;2185;Uruguay;Small City
Ejido Cinco de Mayo;2185;Mexico;Small City
Jalipa;2186;Mexico;Small City
San Juan Pueblo Nuevo;2186;Mexico;Small City
Amatepec;2187;Mexico;Small City
Los Cavazos;2187;Mexico;Small City
Tlatlauquitepec;2188;Mexico;Small City
Panhe;2188;Mexico;Small City
Magisterio Digno;2188;Mexico;Small City
La Sarrosa;2188;Honduras;Small City
Cachi;2189;Argentina;Small City
Tlatempa;2189;Mexico;Small City
El Triunfo de la Cruz;2190;Honduras;Small City
Sorata;2190;Bolivia;Small City
Cane;2190;Honduras;Small City
Arrufo;2190;Argentina;Small City
La Mesa de Chosto;2190;Mexico;Small City
Nepopualco;2191;Mexico;Small City
El Encanto del Cerril;2191;Mexico;Small City
El Molino;2191;Mexico;Small City
Paurito;2191;Bolivia;Small City
Llano Largo;2191;Mexico;Small City
Playita;2192;Puerto Rico;Small City
Castro Urdiales;2193;Mexico;Small City
Nuevo Paso Nazareno (Chichicazapa);2193;Mexico;Small City
Socota;2193;Colombia;Small City
Tayahua;2193;Mexico;Small City
Guadalupe Victoria;2194;Mexico;Small City
Guadalupe Santa Ana;2195;Mexico;Small City
Maquinchao;2195;Argentina;Small City
Mecatepec;2195;Mexico;Small City
Xhixhata;2195;Mexico;Small City
San Jose Buenavista;2196;Mexico;Small City
Loma Larga (Barrio de Loma Larga);2196;Mexico;Small City
San Antonio del Monte;2196;Mexico;Small City
Xalitzintla;2196;Mexico;Small City
Santa Maria Macua;2197;Mexico;Small City
San Miguel Mecatepec;2197;Mexico;Small City
Villa de Garcia Marquez;2199;Mexico;Small City
San Ignacio de Hidalgo;2199;Mexico;Small City
La Estanzuela;2199;Mexico;Small City
Plan de las Hayas;2199;Mexico;Small City
La Herradura;2199;Mexico;Small City
El Nigromante;2200;Mexico;Small City
Santa Rosa de Lima;2200;Mexico;Small City
Benito Juarez;2200;Mexico;Small City
San Elias;2200;Mexico;Small City
San Francisco Chalchihuapan;2201;Mexico;Small City
Mbuyapey;2201;Paraguay;Small City
Los Cerritos;2202;Mexico;Small City
Ixhuapan;2203;Mexico;Small City
Amarete;2203;Bolivia;Small City
Queretaro;2203;Mexico;Small City
Centro de Readaptacion Social Nuevo;2203;Mexico;Small City
Jose Batlle y Ordonez;2203;Uruguay;Small City
Barrio de Centro del Cerrillo;2203;Mexico;Small City
El Coyul;2204;Mexico;Small City
San Miguel Tlalpoalan;2205;Mexico;Small City
Salado;2205;Mexico;Small City
Santiago Astata;2207;Mexico;Small City
Emiliano Zapata (San Jose Bata);2207;Mexico;Small City
Veinte de Noviembre;2207;Mexico;Small City
Maravillas;2208;Mexico;Small City
Santa Cecilia Tepetitlan;2208;Mexico;Small City
El Castillo;2208;Mexico;Small City
El Tigre;2209;Mexico;Small City
San Juan Tecuaco;2210;Guatemala;Small City
Union Ejidal Tierra y Libertad;2210;Mexico;Small City
La Magdalena Yancuitlalpan;2210;Mexico;Small City
Ixcuinquitlapilco;2210;Mexico;Small City
Agustin de Iturbide;2211;Mexico;Small City
Progreso;2211;Panama;Small City
Puerto Adolfo Lopez Mateos;2212;Mexico;Small City
General Calixto Contreras;2213;Mexico;Small City
Ignacio Zaragoza;2213;Mexico;Small City
Briceno;2214;Colombia;Small City
Santiago de Anaya;2214;Mexico;Small City
Lazaro Cardenas;2215;Mexico;Small City
El Ciruelo;2215;Mexico;Small City
Santa Isabel Chalma;2215;Mexico;Small City
Jamao al Norte;2216;Dominican Republic;Small City
Los Azulitos;2217;Mexico;Small City
Tlaxmalac;2217;Mexico;Small City
La Concepcion Xochicuautla;2218;Mexico;Small City
Doctor Rodulfo Figueroa (Tierra Blanca);2218;Mexico;Small City
Rio Lagartos;2218;Mexico;Small City
Valle San Francisco;2219;Nicaragua;Small City
Sauta;2220;Mexico;Small City
Santa Catarina Villanueva;2220;Mexico;Small City
Buta Ranquil;2221;Argentina;Small City
Casitas;2221;Mexico;Small City
Santos Reyes Papalo;2221;Mexico;Small City
San Mateo;2222;Mexico;Small City
Pericos;2222;Mexico;Small City
Tulapam;2222;Mexico;Small City
Las Canadas;2223;Mexico;Small City
Valle de Zaragoza;2223;Mexico;Small City
Samuhu;2223;Argentina;Small City
San Cosme y Damian;2223;Paraguay;Small City
La Pena;2223;Panama;Small City
San Andres Coru;2223;Mexico;Small City
Pardo;2224;Mexico;Small City
Macaracas;2224;Panama;Small City
Chan Cenote;2225;Mexico;Small City
Mariano Moreno;2225;Argentina;Small City
Primero de Mayo;2225;Mexico;Small City
San Miguel Zapotitlan;2225;Mexico;Small City
Amapa;2226;Mexico;Small City
Buena Vista de la Salud;2228;Mexico;Small City
Anzoategui;2229;Colombia;Small City
Quebrada Bonita Adentro;2229;Panama;Small City
Roura;2229;French Guiana;Small City
Esteros;2230;Mexico;Small City
Santa Maria;2230;Mexico;Small City
San Nicolas;2231;Honduras;Small City
Bonifacio Moreno (El Aguaje);2232;Mexico;Small City
Trinidad de Copan;2232;Honduras;Small City
Nataga;2232;Colombia;Small City
Dorp Soto;2233;;Small City
Mojon Grande;2233;Argentina;Small City
San Rafael Caleria;2233;Mexico;Small City
Tlacuitlapa;2234;Mexico;Small City
Monterrey;2234;Honduras;Small City
Nuevo Morelos;2234;Mexico;Small City
Vizarron;2235;Mexico;Small City
El Cenidor;2235;Mexico;Small City
Collantes;2235;Mexico;Small City
Sergio Butron Casas;2235;Mexico;Small City
Manuel Maria Contreras;2235;Mexico;Small City
Verapaz;2237;Mexico;Small City
Francisco I. Madero;2237;Mexico;Small City
Los Angeles Tetela;2237;Mexico;Small City
Santa Maria;2238;Colombia;Small City
Acatepec;2238;Mexico;Small City
Consaca;2239;Colombia;Small City
Temextla;2239;Mexico;Small City
Nuevo Zirosto;2239;Mexico;Small City
Tlalixtaquilla;2240;Mexico;Small City
San Antonio Canada;2242;Mexico;Small City
Coatzingo;2243;Mexico;Small City
Cereso 14 (El Amate);2243;Mexico;Small City
Tallaboa Alta;2243;Puerto Rico;Small City
Loma Bonita;2244;Mexico;Small City
San Juan la Isla;2244;Mexico;Small City
Aurelio Manrique;2245;Mexico;Small City
Zotoltitlan;2247;Mexico;Small City
Citilcum;2247;Mexico;Small City
San Pedro Huamelula;2247;Mexico;Small City
Guajayvi;2247;Paraguay;Small City
El Papayo;2247;Mexico;Small City
Quebrada Seca;2248;Honduras;Small City
Cuiyachapa;2248;Mexico;Small City
Cinco de Mayo;2249;Mexico;Small City
Esmeralda;2249;Mexico;Small City
San Martin;2249;Mexico;Small City
La Concordia;2249;Nicaragua;Small City
Quesada;2250;Guatemala;Small City
Panales Jamaica (Canones);2250;Mexico;Small City
Los Laureles;2251;Mexico;Small City
El Paredoncito;2251;Mexico;Small City
Natalio;2252;Paraguay;Small City
San Jacinto;2252;Mexico;Small City
Capellania;2252;Panama;Small City
San Mateo Parra;2253;Mexico;Small City
Reforma;2254;Mexico;Small City
Petersfield;2255;Jamaica;Small City
Atzacoaloya;2255;Mexico;Small City
Puente de Camotlan;2255;Mexico;Small City
Gobernador Lopez;2256;Argentina;Small City
Victoria;2256;Grenada;Small City
Bajo Boquete;2257;Panama;Small City
Morelia;2257;Colombia;Small City
San Lucas Tlacochcalco;2257;Mexico;Small City
El Vergel;2257;Mexico;Small City
Guadalupe Victoria;2258;Mexico;Small City
Agua Azul;2258;Mexico;Small City
El Carmen;2258;Colombia;Small City
Juan Gil Preciado;2258;Mexico;Small City
Guadalupe de Atlas;2259;Mexico;Small City
San Francisco Temetzontla;2260;Mexico;Small City
Tulipanes;2260;Mexico;Small City
Paso de Arena;2260;Mexico;Small City
Corozal;2261;Honduras;Small City
Naranjal;2261;Mexico;Small City
Sayulita;2262;Mexico;Small City
San Gabriel Zepayautla;2263;Mexico;Small City
Ixchiguan;2263;Guatemala;Small City
Colonia San Ramon;2264;Mexico;Small City
Cuauhtemoc;2264;Mexico;Small City
Gobernador Mansilla;2264;Argentina;Small City
Los Pocitos;2264;Mexico;Small City
San Carlos;2264;Mexico;Small City
Yalaguina;2265;Nicaragua;Small City
Alfonso G. Calderon Velarde;2265;Mexico;Small City
Les Irois;2265;Haiti;Small City
Totogalpa;2265;Nicaragua;Small City
Sabana Buey;2265;Dominican Republic;Small City
San Agustin Loxicha;2266;Mexico;Small City
Yotholin;2267;Mexico;Small City
San Miguel Espejo;2267;Mexico;Small City
Jundia;2267;Brazil;Small City
Vergara;2267;Colombia;Small City
Tataltepec de Valdes;2269;Mexico;Small City
Trinidad Garcia de la Cadena;2269;Mexico;Small City
El Porvenir;2269;Honduras;Small City
Candelaria;2269;Argentina;Small City
El Bejuco;2271;Mexico;Small City
Quebrantadero;2273;Mexico;Small City
San Antonio de Rivas;2274;Mexico;Small City
Betania;2274;Mexico;Small City
San Francisco Tetetla;2275;Mexico;Small City
Oconahua;2275;Mexico;Small City
Suarez;2276;Puerto Rico;Small City
La Sabinita;2276;Mexico;Small City
Tzajalchen;2276;Mexico;Small City
Tecamalucan;2277;Mexico;Small City
Sayulilla;2277;Mexico;Small City
Ocotitlan;2278;Mexico;Small City
Luis Arcos Bergnes;2279;Cuba;Small City
San Jose Buenavista el Grande;2279;Mexico;Small City
Hacienda de Marquez;2279;Mexico;Small City
Temalacayuca;2279;Mexico;Small City
Cubarral;2280;Colombia;Small City
Luis Rodriguez (El Vergel);2281;Mexico;Small City
Bohechio;2281;Dominican Republic;Small City
Mecoacan;2281;Mexico;Small City
El Platanal;2282;Mexico;Small City
San Martin de Bolanos;2282;Mexico;Small City
Limones;2282;Mexico;Small City
Santa Maria Coyotepec;2283;Mexico;Small City
Paricuaro;2284;Mexico;Small City
Tecolapan;2284;Mexico;Small City
Caapucu;2284;Paraguay;Small City
Ucareo;2284;Mexico;Small City
San Antonio el Grande;2284;Mexico;Small City
Oistins;2285;Barbados;Small City
El Huitusi;2286;Mexico;Small City
Pueblos Unidos;2287;Mexico;Small City
La Calera;2287;Mexico;Small City
Antonio Rosales;2287;Mexico;Small City
Achichipico;2288;Mexico;Small City
Santa Lucia;2288;Honduras;Small City
El Maguey;2289;Mexico;Small City
Tezonteopan de Bonilla;2290;Mexico;Small City
Cima del Sol (Fraccionamiento Cima del Sol);2290;Mexico;Small City
Bellavista;2291;Mexico;Small City
Serrezuela;2291;Argentina;Small City
Uramita;2292;Colombia;Small City
Aguas Blancas;2292;Mexico;Small City
Zula;2292;Mexico;Small City
Poblado C-21 Licenciado Benito Juarez Garcia;2294;Mexico;Small City
El Penol;2294;Colombia;Small City
Villa Nueva;2295;Honduras;Small City
Manuel Leon;2295;Mexico;Small City
La Concepcion de Hidalgo;2295;Mexico;Small City
Mbocayaty;2296;Paraguay;Small City
Sacramento;2297;Mexico;Small City
Phaeton;2297;Haiti;Small City
Vazquez;2297;Puerto Rico;Small City
Mezquitic;2298;Mexico;Small City
Meteti;2298;Panama;Small City
Chacalapa;2298;Mexico;Small City
Jaltomate;2299;Mexico;Small City
San Andres;2299;Mexico;Small City
Mongui;2299;Colombia;Small City
El Tular;2300;Mexico;Small City
San Lorenzo Sayula;2300;Mexico;Small City
Pantano do Sul;2300;Brazil;Small City
San Antonio;2300;Puerto Rico;Small City
Los Llanos;2301;Puerto Rico;Small City
El Curtidor;2301;Mexico;Small City
San Jeronimo Tlacochahuaya;2302;Mexico;Small City
Balboa;2302;Colombia;Small City
San Andres Zirondaro;2302;Mexico;Small City
Papaloapan;2302;Mexico;Small City
Hualfin;2304;Argentina;Small City
Corral del Risco (Punta de Mita);2304;Mexico;Small City
Mazateupa;2304;Mexico;Small City
San Mateo Ixtlahuaca;2304;Mexico;Small City
Purisima de Arista;2304;Mexico;Small City
Villa Florida;2305;Paraguay;Small City
Chihuahuita;2306;Mexico;Small City
Colonia Guadalupe Victoria (La Capilla);2306;Mexico;Small City
Puente Jula;2306;Mexico;Small City
San Felipe Tejalapam;2308;Mexico;Small City
Hermenegildo J. Aldana;2308;Mexico;Small City
La Primavera;2310;Mexico;Small City
La Esperanza;2311;Mexico;Small City
San Francisco de Duran;2311;Mexico;Small City
Ejido Quintana Roo;2311;Mexico;Small City
San Lucas Huitzilhuacan;2311;Mexico;Small City
Daxtha;2313;Mexico;Small City
Santa Martha;2314;Mexico;Small City
Colonia Ricardo Flores Magon;2315;Mexico;Small City
Matina;2315;Costa Rica;Small City
Topilco de Juarez;2316;Mexico;Small City
San Jose Carpinteros;2316;Mexico;Small City
Parangarico;2316;Mexico;Small City
Saturnino M. Laspiur;2316;Argentina;Small City
Maravillas;2317;Mexico;Small City
Dzoncauich;2318;Mexico;Small City
Cuetzala del Progreso;2319;Mexico;Small City
Chontla;2320;Mexico;Small City
Limit;2321;Jamaica;Small City
Palomas;2321;Puerto Rico;Small City
Guaimitas;2321;Honduras;Small City
Rodulfo Figueroa;2321;Mexico;Small City
Manchioneal;2321;Jamaica;Small City
Poblado Tres;2322;Mexico;Small City
Petapa;2322;Mexico;Small City
Mongua;2322;Colombia;Small City
Atapan;2323;Mexico;Small City
Uayalceh de Peon;2323;Mexico;Small City
Buena Vista;2324;Mexico;Small City
Pisaflores;2324;Mexico;Small City
Nepantla de Sor Juana Ines de la Cruz;2324;Mexico;Small City
Rafael Gonzalez;2325;Puerto Rico;Small City
San Juan Ahuehueyo;2325;Mexico;Small City
Ciudad Cuauhtemoc;2325;Mexico;Small City
Nicolas Bravo;2326;Mexico;Small City
San Juan Totolcintla;2326;Mexico;Small City
Catarina;2327;Nicaragua;Small City
Santa Leopoldina;2327;Brazil;Small City
Ignacio Zaragoza;2327;Mexico;Small City
Tierra Blanca;2327;Mexico;Small City
Tlacolula;2328;Mexico;Small City
San Mateo Capultitlan;2328;Mexico;Small City
Ordonez;2328;Argentina;Small City
El Jiadi;2329;Mexico;Small City
Ignacio Zaragoza;2329;Mexico;Small City
Puerto Leoni;2329;Argentina;Small City
San Ignacio;2330;Honduras;Small City
Ojo de Agua;2330;Honduras;Small City
Jesus Maria;2330;Mexico;Small City
Isidoro Noblia;2331;Uruguay;Small City
Jose Maria Morelos;2331;Mexico;Small City
Colonia Rio Lerma (Tic Ti);2331;Mexico;Small City
Amacuitlapilco;2332;Mexico;Small City
Loma Bonita;2332;Mexico;Small City
Middle Island;2332;Saint Kitts and Nevis;Small City
Mazaltepec;2333;Mexico;Small City
Herradura;2333;Argentina;Small City
Ubajay;2334;Argentina;Small City
Bella Vista;2334;Paraguay;Small City
Beristain;2335;Mexico;Small City
Santiago Tlautla;2336;Mexico;Small City
Chavarria;2337;Argentina;Small City
Tamazula de Victoria;2337;Mexico;Small City
Ignacio Zaragoza;2337;Mexico;Small City
Chicola;2338;Mexico;Small City
El Pescadero;2338;Mexico;Small City
Mozonte;2338;Nicaragua;Small City
San Matias Tepetomatitlan;2338;Mexico;Small City
Cofradia de Morelos;2339;Mexico;Small City
Dzibalchen;2340;Mexico;Small City
Kaua;2340;Mexico;Small City
El Adelanto;2341;Guatemala;Small City
Santa Clara de Olimar;2341;Uruguay;Small City
Union;2341;Argentina;Small City
Orica;2342;Honduras;Small City
El Abra;2342;Mexico;Small City
Los Reyes Quiahuixtlan;2342;Mexico;Small City
Benito Juarez;2342;Mexico;Small City
Guadalupe Victoria;2342;Mexico;Small City
El Volador;2343;Mexico;Small City
Apipilulco;2344;Mexico;Small City
Pachalum;2344;Guatemala;Small City
La Luz;2345;Mexico;Small City
La Tigrilla;2346;Mexico;Small City
El Pital;2346;Mexico;Small City
San Isidro Gallinero (El Gallinero);2347;Mexico;Small City
San Bartolo del Llano (San Isidro);2348;Mexico;Small City
Los Naranjos;2348;Mexico;Small City
Rio Lajas;2349;Puerto Rico;Small City
El Cuervero (Cuerveros);2350;Mexico;Small City
Ermita de Guadalupe;2351;Mexico;Small City
Ahuazotepec;2351;Mexico;Small City
La Roca;2351;Mexico;Small City
Roxana;2351;Costa Rica;Small City
Jurado;2351;Colombia;Small City
Portes Gil;2353;Mexico;Small City
Tapalapan;2354;Mexico;Small City
San Francisco Mihualtepec;2354;Mexico;Small City
San Jacinto;2356;Mexico;Small City
El Fuerte de la Union;2356;Mexico;Small City
Mismaloya (Fraccionamiento Pedregal de Santa Martha);2356;Mexico;Small City
Faja de Oro;2356;Mexico;Small City
Camichin de Jauja;2358;Mexico;Small City
Santiago Temple;2358;Argentina;Small City
San Antonio el Rico;2358;Mexico;Small City
Galeras;2358;Mexico;Small City
Belen Gualcho;2359;Honduras;Small City
Santiago Tlaltepoxco;2359;Mexico;Small City
San Bartolo;2360;Mexico;Small City
Coroico;2361;Bolivia;Small City
San Jose La Arada;2361;Guatemala;Small City
Donaji;2362;Mexico;Small City
Gros Islet;2362;Saint Lucia;Small City
Chame;2362;Panama;Small City
Guadalupe Victoria;2362;Mexico;Small City
Xoxocotla;2362;Mexico;Small City
Infiernillo (Morelos de Infiernillo);2363;Mexico;Small City
Chimalpa y Tlalayote;2363;Mexico;Small City
San Cosme Atlamaxac;2364;Mexico;Small City
Larrainzar;2364;Mexico;Small City
Camotepec;2364;Mexico;Small City
Ahuisculco;2364;Mexico;Small City
San Miguel Tianguizolco;2364;Mexico;Small City
Jerico;2364;Honduras;Small City
San Jose de Raices;2365;Mexico;Small City
Colonia Campesina;2365;Mexico;Small City
Xochinanacatlan;2365;Mexico;Small City
Bairoa;2365;Puerto Rico;Small City
Cristobal;2366;Panama;Small City
San Sebastian Teteles;2366;Mexico;Small City
Tierras Nuevas Poniente;2366;Puerto Rico;Small City
San Jose de Bocay;2367;Nicaragua;Small City
Concepcion Hidalgo;2367;Mexico;Small City
Villahermosa Yaluma;2368;Mexico;Small City
El Rosario;2368;Mexico;Small City
Colonia Mauricio Jose Troche;2368;Paraguay;Small City
Mahaut;2369;Dominica;Small City
Canoa;2371;Dominican Republic;Small City
San Salvador (Naranjillo);2371;Mexico;Small City
Yuscaran;2371;Honduras;Small City
Ejido Nuevo;2372;Mexico;Small City
Murindo;2372;Colombia;Small City
Santiago Tejocotillos;2372;Mexico;Small City
Eucaliptus;2373;Bolivia;Small City
Hidalgo;2373;Mexico;Small City
Hacienda la Cruz [Fraccionamiento];2373;Mexico;Small City
El Tablon;2373;Colombia;Small City
Dzilam de Bravo;2374;Mexico;Small City
Santa Martha;2374;Mexico;Small City
San Nicolas Tecomatlan;2375;Mexico;Small City
Villa de Guadalupe;2376;Mexico;Small City
La Playosa;2376;Argentina;Small City
Tepetitlan;2377;Mexico;Small City
Guayabal;2377;Puerto Rico;Small City
Tehuilotepec;2377;Mexico;Small City
Lomas de San Juan;2377;Mexico;Small City
San Bartolome;2378;Mexico;Small City
San Rafael;2379;Mexico;Small City
H. Rivera Colon;2379;Puerto Rico;Small City
Ejido la Soledad;2379;Mexico;Small City
Damasco;2380;Mexico;Small City
San Luis Ajajalpan;2380;Mexico;Small City
Poblado Dos;2380;Mexico;Small City
San Jeronimo;2381;Honduras;Small City
Lazaro Cardenas;2381;Mexico;Small City
Alfaro;2381;Mexico;Small City
Nueva Apolonia;2382;Mexico;Small City
Bath;2382;Jamaica;Small City
La Union;2382;Honduras;Small City
Tacatzcuaro;2382;Mexico;Small City
Acopinalco del Penon;2382;Mexico;Small City
El Chauz;2382;Mexico;Small City
Tio Pujio;2383;Argentina;Small City
Cuauchichinola;2383;Mexico;Small City
El Aguajito;2383;Mexico;Small City
El Tecuan;2384;Mexico;Small City
Miguel Riglos;2385;Argentina;Small City
Cheran Atzicuirin (Cheranastico);2386;Mexico;Small City
Mariano Colon;2387;Puerto Rico;Small City
Carrillo Puerto;2388;Mexico;Small City
Buritica;2388;Colombia;Small City
Poblado Lazaro Cardenas (La Veintiocho);2388;Mexico;Small City
La Estrella;2389;Mexico;Small City
El Divisador;2389;Mexico;Small City
Lazaro Cardenas;2389;Mexico;Small City
Sinuapa;2389;Honduras;Small City
San Bartolome Quialana;2390;Mexico;Small City
El Chol;2391;Guatemala;Small City
San Antonio;2391;Mexico;Small City
La Palma;2392;Mexico;Small City
San Jose del Palmar;2392;Colombia;Small City
Tixmehuac;2392;Mexico;Small City
Manzana Quinta (La Canada);2393;Mexico;Small City
Kotdefe;2393;Haiti;Small City
Julian Grajales;2394;Mexico;Small City
Nain;2394;Jamaica;Small City
Hueytepec;2395;Mexico;Small City
Mixquiapan;2395;Mexico;Small City
San Juan Bautista la Raya;2395;Mexico;Small City
Ecilda Paullier;2395;Uruguay;Small City
Caleufu;2396;Argentina;Small City
Don Juan;2396;Dominican Republic;Small City
Santa Apolonia;2396;Guatemala;Small City
Francisco Serrato (San Bartolo);2396;Mexico;Small City
Colonia las Malvinas (Colonia Antorcha);2397;Mexico;Small City
Muxupip;2399;Mexico;Small City
Necoxtla;2399;Mexico;Small City
Palma Grande;2399;Mexico;Small City
Palo Alto;2399;Mexico;Small City
Cuapa;2400;Nicaragua;Small City
Tlacotepec de Mejia;2401;Mexico;Small City
Texistepeque;2401;El Salvador;Small City
Casupa;2402;Uruguay;Small City
Tecomaxtlahuaca;2402;Mexico;Small City
San Jose Teneria (Teneria);2402;Mexico;Small City
San Diego del Cerrito;2402;Mexico;Small City
Tunititlan;2403;Mexico;Small City
Fraccionamiento Ex-Hacienda Catano;2403;Mexico;Small City
Heliconia;2403;Colombia;Small City
Tlacotepec de Jose Manzo;2403;Mexico;Small City
Quime;2404;Bolivia;Small City
Belen del Refugio;2404;Mexico;Small City
Mountain;2404;Colombia;Small City
Tacuati;2405;Paraguay;Small City
El Recuerdo de Ancon (Xoconoxtle de Arriba);2405;Mexico;Small City
San Ildefonso;2406;Mexico;Small City
La Granja;2406;Argentina;Small City
Colonia Dora;2406;Argentina;Small City
Chiche;2406;Guatemala;Small City
Xocen;2407;Mexico;Small City
Belem;2408;Mexico;Small City
Nono;2408;Argentina;Small City
Ejido Javier Rojo Gomez;2408;Mexico;Small City
Fraccionamiento Ciudad Yagul;2408;Mexico;Small City
San Miguel del Progreso;2408;Mexico;Small City
Pueblillo;2409;Mexico;Small City
San Francisco (El Calvito);2409;Mexico;Small City
Testerazo;2410;Mexico;Small City
Las Varas;2410;Mexico;Small City
San Miguel Enyege;2410;Mexico;Small City
San Juan de los Jarros;2411;Mexico;Small City
San Francisco de Becerra;2411;Honduras;Small City
San Jose El Idolo;2412;Guatemala;Small City
San Baltazar Chichicapam;2412;Mexico;Small City
Sontecomapan;2413;Mexico;Small City
Pantitlan;2413;Mexico;Small City
El Paredon;2413;Mexico;Small City
Morovis;2414;Puerto Rico;Small City
Chilolja;2415;Mexico;Small City
Rio Laja;2416;Mexico;Small City
La Punta;2416;Mexico;Small City
Los Cedros;2416;Mexico;Small City
Seis de Enero;2416;Mexico;Small City
Chuniapan de Arriba;2418;Mexico;Small City
Santiago Tepopula;2418;Mexico;Small City
Abapo Viejo;2419;Bolivia;Small City
Ejido de Dolores;2419;Mexico;Small City
Colonia San Isidro;2419;Mexico;Small City
La Noria;2420;Mexico;Small City
San Pedro Xochiteotla;2421;Mexico;Small City
El Barrio de la Soledad;2422;Mexico;Small City
San Narciso;2422;Belize;Small City
Santa Gertrudis;2422;Mexico;Small City
Ejido de Mozoquilpan;2422;Mexico;Small City
El Espino;2422;Panama;Small City
Barber;2424;;Small City
Centro de Readaptacion Social;2424;Mexico;Small City
Las Esperanzas (El Ranchito);2425;Mexico;Small City
San Antonio de las Alazanas;2425;Mexico;Small City
Coahuayana Viejo;2425;Mexico;Small City
El Refugio;2425;Mexico;Small City
Velardena;2425;Mexico;Small City
Tarabuco;2428;Bolivia;Small City
San Martin de Zula;2428;Mexico;Small City
Miguel Hidalgo;2428;Mexico;Small City
Chiriqui;2429;Panama;Small City
Comales;2429;Mexico;Small City
San Vicente Centenario;2430;Honduras;Small City
Ignacio Ramirez;2432;Mexico;Small City
La Luz;2432;Mexico;Small City
Coronel Tito Hernandez;2432;Mexico;Small City
La Cumbre;2432;Colombia;Small City
Paseos del Pedregal;2432;Mexico;Small City
Lomas de la Maestranza;2432;Mexico;Small City
Ganzda;2433;Mexico;Small City
Tenango de Doria;2433;Mexico;Small City
Santiago de Puringla;2433;Honduras;Small City
Gregorio Mendez;2434;Mexico;Small City
Fresno Nichi;2434;Mexico;Small City
Santa Barbara;2434;Bolivia;Small City
La Suiza;2434;Costa Rica;Small City
Cerrito;2435;Colombia;Small City
El Llano;2438;Dominican Republic;Small City
El Capulin;2438;Mexico;Small City
Jorobas;2439;Mexico;Small City
Pacu;2440;Mexico;Small City
San Marcos Tlazalpan;2441;Mexico;Small City
Nuevo Progreso;2443;Mexico;Small City
Presidio (Plan de Libres);2443;Mexico;Small City
Santa Rita;2444;Bolivia;Small City
La Luz;2444;Mexico;Small City
Espanita;2445;Mexico;Small City
Primero de Mayo;2445;Mexico;Small City
El Palmar;2445;Dominican Republic;Small City
San Jose de Mendoza;2445;Mexico;Small City
Villa Morelos;2446;Mexico;Small City
Villa Chalcatongo de Hidalgo;2447;Mexico;Small City
Santa Cruz;2448;Mexico;Small City
El Nabo;2448;Mexico;Small City
Capilla de Milpillas;2449;Mexico;Small City
El Rincon (Santa Cruz del Rincon);2449;Mexico;Small City
Chalcatzingo;2449;Mexico;Small City
Nuevo Berlin;2450;Uruguay;Small City
Hato Candal;2453;Puerto Rico;Small City
Detina (San Antonio Detina);2453;Mexico;Small City
Ocotepec;2453;Mexico;Small City
Cuautinchan;2454;Mexico;Small City
La Paz de Carazo;2454;Nicaragua;Small City
Acxotla del Rio;2455;Mexico;Small City
Andros Town;2455;Bahamas;Small City
Arroyos y Esteros;2455;Paraguay;Small City
Juan E. Garcia;2457;Mexico;Small City
Chiltoyac;2458;Mexico;Small City
Janitzio;2458;Mexico;Small City
Rio Blanquito;2458;Honduras;Small City
San Pedro de la Hortaliza (Ejido Almoloyan);2459;Mexico;Small City
Saint Paul's;2460;Saint Kitts and Nevis;Small City
Progreso;2460;Mexico;Small City
Acachuen;2460;Mexico;Small City
Colonia Emiliano Zapata Ejido de Tenancingo;2461;Mexico;Small City
Thiotte;2461;Haiti;Small City
Ejido Lazaro Cardenas;2463;Mexico;Small City
Colonia Paraiso Escondido;2463;Mexico;Small City
Ignacio Zaragoza;2464;Mexico;Small City
Barrancas;2465;Mexico;Small City
Llano Suchiapa;2465;Mexico;Small City
Aigua;2465;Uruguay;Small City
Los Gavilanes;2466;Mexico;Small City
Tuxtla;2466;Mexico;Small City
Atotonilco el Bajo;2466;Mexico;Small City
Tecominoacan;2467;Mexico;Small City
Jerico;2467;Mexico;Small City
El Porvenir Agrarista;2468;Mexico;Small City
Hispania;2468;Colombia;Small City
Rascon;2469;Mexico;Small City
Santacruz;2469;Colombia;Small City
Maimara;2470;Argentina;Small City
Gueepsa;2471;Colombia;Small City
Huahuaxtla;2471;Mexico;Small City
San Bernardo Tlalmimilolpan;2472;Mexico;Small City
San Jeronimo;2472;Mexico;Small City
Los Ramirez;2473;Mexico;Small City
Carayao;2473;Paraguay;Small City
El Nispero;2474;Honduras;Small City
Progreso de Zaragoza;2474;Mexico;Small City
El Organal;2474;Mexico;Small City
Fuerte Olimpo;2475;Paraguay;Small City
Nocaima;2475;Colombia;Small City
Ricardo Flores Magon;2475;Mexico;Small City
Agua Escondida;2476;Mexico;Small City
Techaluta de Montenegro;2476;Mexico;Small City
Grenville;2476;Grenada;Small City
Rinconada la Loma [Fraccionamiento];2476;Mexico;Small City
Pueblo Juarez (La Magdalena);2477;Mexico;Small City
Santo Domingo Huehuetlan;2477;Mexico;Small City
Tlalnepantla;2478;Mexico;Small City
Jalpilla;2479;Mexico;Small City
El Chico;2480;Mexico;Small City
Pustunich;2480;Mexico;Small City
Guadalupe Victoria;2481;Mexico;Small City
Suaza;2481;Colombia;Small City
Poligonos;2482;Mexico;Small City
San Jeronimo Almoloya;2482;Mexico;Small City
Santo Domingo Tomaltepec;2483;Mexico;Small City
San Lucas Atzala;2483;Mexico;Small City
Atlapexco;2484;Mexico;Small City
Orilla del Monte;2484;Mexico;Small City
La Paz;2485;Mexico;Small City
San Cristobal;2485;Mexico;Small City
Tlalminulpa;2486;Mexico;Small City
Suchilapan del Rio;2487;Mexico;Small City
La Victoria;2487;Mexico;Small City
Ninguno [Centro de Readaptacion Social de Atlacholoaya];2487;Mexico;Small City
Yolotepec;2487;Mexico;Small City
Zacualpan;2488;Mexico;Small City
Colipa;2489;Mexico;Small City
Santa Rosa;2491;Mexico;Small City
Bellavista de Victoria (San Jose Bellavista);2492;Mexico;Small City
El Carrizalito;2492;Mexico;Small City
Plaine du Nord;2492;Haiti;Small City
Santa Isabel;2493;Argentina;Small City
Olimpo;2493;Puerto Rico;Small City
Lagunillas;2494;Mexico;Small City
Villa de Ramos;2494;Mexico;Small City
La Ermita;2495;Honduras;Small City
San Matias Atzala;2496;Mexico;Small City
Cartagena [Fraccionamiento];2496;Mexico;Small City
Hidalgo Joshil;2496;Mexico;Small City
Topiltepec;2496;Mexico;Small City
Jaleaca de Catalan;2496;Mexico;Small City
Buenavista;2496;Mexico;Small City
El Hoyo;2498;Argentina;Small City
Capitan Miranda;2498;Paraguay;Small City
San Jose de Guanajuato;2500;Mexico;Small City
Chile Chico;2500;Chile;Small City
Armacao;2500;Brazil;Small City
San Miguel Agua Bendita;2500;Mexico;Small City
Yumani;2500;Bolivia;Small City
Apango de Zaragoza;2500;Mexico;Small City
Novara;2501;Mexico;Small City
Sula;2502;Honduras;Small City
Ixcateopan de Cuauhtemoc;2502;Mexico;Small City
Soconusco;2502;Mexico;Small City
Villa Hidalgo;2502;Mexico;Small City
El Salvador;2502;Mexico;Small City
Xhimojay;2503;Mexico;Small City
Tepetzingo;2503;Mexico;Small City
Kotolte;2503;Mexico;Small City
Severiano Melo;2503;Brazil;Small City
Ejido Sinaloa;2505;Mexico;Small City
San Lucas Evangelista;2505;Mexico;Small City
Divala;2506;Panama;Small City
Puerto Cisnes;2507;Chile;Small City
Funes;2508;Colombia;Small City
Los Cerrillos;2508;Uruguay;Small City
El Zapotal del Norte;2508;Honduras;Small City
Vinas del Sol;2509;Mexico;Small City
La Gloria;2510;Mexico;Small City
Gualmatan;2510;Colombia;Small City
Escolasticas;2510;Mexico;Small City
Fundacion;2511;Dominican Republic;Small City
Cala Sur;2511;Mexico;Small City
Bochalema;2511;Colombia;Small City
San Isidro;2512;Mexico;Small City
Lagunillas;2513;Mexico;Small City
Concepcion Capulac (La Ex-Hacienda);2514;Mexico;Small City
Ustupo;2514;Panama;Small City
Sabanalarga;2517;Colombia;Small City
Amixtlan;2518;Mexico;Small City
Chichimequillas;2518;Mexico;Small City
Vargas;2519;Mexico;Small City
Concepcion;2520;Colombia;Small City
Munitepec de Madero;2520;Mexico;Small City
El Vegil;2521;Mexico;Small City
Analco de Ponciano Arriaga (Santa Cruz Analco);2521;Mexico;Small City
Valle de San Jose;2522;Colombia;Small City
Guatimozin;2524;Argentina;Small City
La Guacamaya;2525;Honduras;Small City
Ignacio Allende;2525;Mexico;Small City
Villa Valeria;2525;Argentina;Small City
Cayetano Germosen;2526;Dominican Republic;Small City
La Compania;2526;Mexico;Small City
All Saints;2526;Antigua and Barbuda;Small City
Bacabchen;2527;Mexico;Small City
Alchichica;2527;Mexico;Small City
San Pedro Atoyac;2527;Mexico;Small City
Cacaopera;2528;El Salvador;Small City
Bejucos;2528;Mexico;Small City
Nueva Esparta;2528;El Salvador;Small City
Coite do Noia;2529;Brazil;Small City
Gabriel Leyva Velazquez;2529;Mexico;Small City
Tzajala;2529;Mexico;Small City
Toyos;2530;Honduras;Small City
Nenton;2530;Guatemala;Small City
Jesus;2530;Paraguay;Small City
Buena Esperanza;2531;Argentina;Small City
Baltasar Brum;2531;Uruguay;Small City
San Juan del Estado;2531;Mexico;Small City
Telpatlan;2532;Mexico;Small City
Sambo Creek;2532;Honduras;Small City
La Ermita (Nueva Jerusalen);2533;Mexico;Small City
Temascaltepec de Gonzalez;2533;Mexico;Small City
Huitzililla;2535;Mexico;Small City
Atasta;2535;Mexico;Small City
Villa de las Rosas;2535;Argentina;Small City
San Juan Ixcoy;2535;Guatemala;Small City
Discovery Bay;2535;Jamaica;Small City
Buenavista;2536;Mexico;Small City
San Lorenzo Querendaro;2537;Mexico;Small City
Esperanza;2537;Mexico;Small City
Paraiso Novillero;2538;Mexico;Small City
Charadai;2538;Argentina;Small City
Aramberri;2538;Mexico;Small City
San Hipolito Chimalpa;2538;Mexico;Small City
La Cerquilla;2539;Mexico;Small City
Norias del Paso Hondo;2539;Mexico;Small City
San Diego la Huerta;2540;Mexico;Small City
Tekom;2540;Mexico;Small City
Santa Maria Chimalapa;2540;Mexico;Small City
Loma de San Jose;2541;Mexico;Small City
Santa Cruz del Astillero;2541;Mexico;Small City
Tejupa;2543;Mexico;Small City
Guaytalpa;2544;Mexico;Small City
San Juan Teitipac;2545;Mexico;Small City
Alcozauca de Guerrero;2545;Mexico;Small City
Montecristo;2546;Mexico;Small City
Santiago Zacualuca;2546;Mexico;Small City
Poblado C-11 Jose Maria Morelos y Pavon;2547;Mexico;Small City
San Gregorio Aztotoacan;2547;Mexico;Small City
Oro Verde;2548;Argentina;Small City
La Manzanilla de la Paz;2549;Mexico;Small City
La Esperanza;2549;Mexico;Small City
Tecario;2549;Mexico;Small City
Santiago Laollaga;2550;Mexico;Small City
La Colmena;2551;Paraguay;Small City
Tepenixtlahuaca;2551;Mexico;Small City
Sucre;2552;Colombia;Small City
Santa Elena Paliseca;2553;Mexico;Small City
Rincon de Parangueo;2553;Mexico;Small City
Morazan;2554;Guatemala;Small City
Aguia Branca;2554;Brazil;Small City
Jose Maria Pino Suarez (Nuevo Nahuapa);2554;Mexico;Small City
La Planada;2554;Mexico;Small City
Tlacotepec (San Mateo);2554;Mexico;Small City
Llano de la Y;2554;Mexico;Small City
Lenguazaque;2555;Colombia;Small City
San Jeronimo de los Jarros;2555;Mexico;Small City
Chacsinkin;2555;Mexico;Small City
Salvador Urbina;2555;Mexico;Small City
Carrizales;2556;Puerto Rico;Small City
Zoatecpan;2556;Mexico;Small City
San Gabriel;2557;Mexico;Small City
Colonia Morelos;2557;Mexico;Small City
Rincon del Centeno;2560;Mexico;Small City
Tekal de Venegas;2562;Mexico;Small City
Zipiajo;2562;Mexico;Small City
Sinanche;2563;Mexico;Small City
Xochiltepec;2563;Mexico;Small City
San Isidro Boxipe;2563;Mexico;Small City
Victoria;2564;Mexico;Small City
San Jeronimo Bonchete;2564;Mexico;Small City
Tampico Alto;2564;Mexico;Small City
Pese;2565;Panama;Small City
Huaniqueo de Morales;2566;Mexico;Small City
Coahuixco;2566;Mexico;Small City
Pascanas;2567;Argentina;Small City
El Huixmi;2567;Mexico;Small City
Huajintepec;2567;Mexico;Small City
San Bartolo Tutotepec;2568;Mexico;Small City
Pueblo Mayo;2568;Mexico;Small City
Market Shop;2568;Saint Kitts and Nevis;Small City
Tuncingo;2570;Mexico;Small City
El Llano;2571;Mexico;Small City
San Rafael Las Flores;2572;Guatemala;Small City
Xochimilco;2572;Mexico;Small City
Erongaricuaro;2573;Mexico;Small City
El Rosario;2575;Honduras;Small City
San Nicolas Zecalacoayan;2575;Mexico;Small City
Santo Domingo Armenta;2577;Mexico;Small City
Colucan;2577;Mexico;Small City
Jacaleapa;2578;Honduras;Small City
San Jose Tejamanil;2578;Mexico;Small City
El Cid;2578;Mexico;Small City
San Luis de Gaceno;2579;Colombia;Small City
Carmen Zacatal;2579;Mexico;Small City
Santiago Tepeyahualco;2580;Mexico;Small City
Asuncion Ocotlan;2580;Mexico;Small City
Matzaco;2580;Mexico;Small City
Metepec;2581;Mexico;Small City
El Castillo;2581;Colombia;Small City
Xaltepec;2583;Mexico;Small City
San Jose Aztatla;2586;Mexico;Small City
Ignacio Allende;2588;Mexico;Small City
Anacleto Canabal 3ra. Seccion;2589;Mexico;Small City
La Comunidad;2589;Mexico;Small City
El Mirador;2590;Mexico;Small City
Santa Maria Huiramangaro (San Juan Tumbio);2590;Mexico;Small City
Churintzio;2592;Mexico;Small City
El Ambar (El Ambar de Echeverria);2592;Mexico;Small City
Las Manzanas;2593;Mexico;Small City
Sentispac;2594;Mexico;Small City
El Nigromante;2594;Mexico;Small City
Uruetaro;2596;Mexico;Small City
Cuautitlan;2597;Mexico;Small City
Mapiri;2597;Bolivia;Small City
General Roca;2597;Argentina;Small City
Batallas;2597;Bolivia;Small City
El Rincon;2598;Mexico;Small City
San Marcos;2598;Mexico;Small City
Hualcaltzinco;2599;Mexico;Small City
Rio Tavares;2600;Brazil;Small City
Tierra y Libertad;2600;Mexico;Small City
Mechoacanejo;2600;Mexico;Small City
Prados San Francisco;2600;Mexico;Small City
Ucu;2601;Mexico;Small City
Jose Maria Morelos;2601;Mexico;Small City
Villa Nicolas Bravo;2601;Mexico;Small City
Unidad Habitacional Santa Teresa;2602;Mexico;Small City
Rodriguez;2604;Uruguay;Small City
Fraccionamiento Rinconada del Valle;2604;Mexico;Small City
San Vicente la Mesilla;2604;Mexico;Small City
Estancia de Animas;2605;Mexico;Small City
Coxcatlan;2605;Mexico;Small City
La Aurora;2605;Mexico;Small City
San Andres Semetabaj;2605;Guatemala;Small City
Xochitlan;2606;Mexico;Small City
San Pablo Ixayoc;2608;Mexico;Small City
Berekua;2608;Dominica;Small City
Cenobio Moreno;2609;Mexico;Small City
Ejido Cohuibampo;2609;Mexico;Small City
La Ciudad;2609;Mexico;Small City
Metapa;2610;Mexico;Small City
Cochoapa el Grande;2610;Mexico;Small City
Belle-Anse;2611;Haiti;Small City
El Carmen Aztama;2612;Mexico;Small City
San Juan Benito Juarez (San Juan Tararameo);2613;Mexico;Small City
Santiago Cuaula;2614;Mexico;Small City
Estacion Penjamo;2615;Mexico;Small City
Matamoros;2615;Mexico;Small City
Pacatuba;2616;Brazil;Small City
San Vicente Chimalhuacan;2616;Mexico;Small City
Ricaurte;2617;Colombia;Small City
Santa Ana Zegache;2617;Mexico;Small City
Alfajayucan;2617;Mexico;Small City
Estipa;2618;Mexico;Small City
Santiago Capitiro;2618;Mexico;Small City
Guananico;2620;Dominican Republic;Small City
Fraccionamiento Ex-Hacienda el Refugio;2620;Mexico;Small City
Congregacion Ortiz;2620;Mexico;Small City
San Antonio Villalongin;2621;Mexico;Small City
El Terrero;2621;Mexico;Small City
Petlalcingo;2621;Mexico;Small City
Joachin;2621;Mexico;Small City
Ulloa;2621;Colombia;Small City
San Antonio Tepetlapa;2621;Mexico;Small City
El Lucero;2622;Mexico;Small City
Tecomatlan;2624;Mexico;Small City
Transporte;2624;Mexico;Small City
San Manuel Chaparron;2624;Guatemala;Small City
El Morro;2625;Mexico;Small City
Canadas de Obregon;2625;Mexico;Small City
Meson de los Sauces;2625;Mexico;Small City
Apozol;2626;Mexico;Small City
San Francisco Independencia (Santa Maria Aserradero);2627;Mexico;Small City
El Roble;2627;Mexico;Small City
Londres;2627;Argentina;Small City
Andacollo;2627;Argentina;Small City
Sapuyes;2628;Colombia;Small City
Santa Maria Tlalmimilolpan;2628;Mexico;Small City
Las Grullas Margen Izquierda;2628;Mexico;Small City
Cuauhtemoc (Campo Cinco);2629;Mexico;Small City
Ixhuacan de los Reyes;2629;Mexico;Small City
Pedregoso;2629;Mexico;Small City
San Juan Tilcuautla;2630;Mexico;Small City
Kellits;2631;Jamaica;Small City
Barahona;2632;Puerto Rico;Small City
Santa Fe;2632;Mexico;Small City
Macuilxochitl de Artigas Carranza;2633;Mexico;Small City
Emiliano Zapata;2633;Mexico;Small City
Santa Maria Aranzazu (Santa Maria);2633;Mexico;Small City
Paraje el Mirador;2633;Mexico;Small City
Santa Clara;2633;Mexico;Small City
Luis M. Cintron;2634;Puerto Rico;Small City
Oacalco;2634;Mexico;Small City
Easington;2634;Jamaica;Small City
Guadalupe Septien;2635;Mexico;Small City
Union Juarez;2635;Mexico;Small City
Laguna de Santa Rita;2635;Mexico;Small City
San Pedro Chiautzingo;2636;Mexico;Small City
San Juan de Arama;2636;Colombia;Small City
Loreto;2637;Mexico;Small City
San Francisco Cuapa;2637;Mexico;Small City
Tola;2638;Nicaragua;Small City
Santa Rita;2638;Mexico;Small City
Campo Acosta;2638;Mexico;Small City
Jesus Maria;2638;Mexico;Small City
San Nicolas Obispo;2638;Mexico;Small City
Acula;2639;Mexico;Small City
Ahueyahualco;2639;Mexico;Small City
Chicahuaxtla;2640;Mexico;Small City
Capoluca;2641;Mexico;Small City
Zopoco;2642;Mexico;Small City
San Lucas Tecopilco;2642;Mexico;Small City
El Carril;2643;Dominican Republic;Small City
San Simon el Alto;2643;Mexico;Small City
Xonocuautla;2644;Mexico;Small City
San Juan Tahitic;2644;Mexico;Small City
Puerto Angel;2645;Mexico;Small City
Charco Blanco;2645;Mexico;Small City
Chalma;2646;Mexico;Small City
Texcaltitlan;2648;Mexico;Small City
Tlapacoyan;2648;Mexico;Small City
San Mateo Yoloxochitlan;2650;Mexico;Small City
Lloro;2651;Colombia;Small City
Laguna del Rey (Quimicas del Rey);2651;Mexico;Small City
Poblado Numero Cinco;2651;Mexico;Small City
Fraccionamiento los Prados;2652;Mexico;Small City
Zona Urbana Ejido Isla Mujeres;2653;Mexico;Small City
Tejutla;2653;Guatemala;Small City
Fond des Blancs;2653;Haiti;Small City
Lolotique;2654;El Salvador;Small City
San Pedro Masahuat;2654;El Salvador;Small City
Fraccionamiento Mision de San Javier;2655;Mexico;Small City
Anamoros;2655;El Salvador;Small City
Hidalgo;2655;Mexico;Small City
Santa Teresa;2657;Uruguay;Small City
Mecatan;2657;Mexico;Small City
Curungueo;2657;Mexico;Small City
Mainque;2658;Argentina;Small City
San Pedro Huitzizilapan;2659;Mexico;Small City
Almoloya;2659;Mexico;Small City
San Vicente Boqueron;2661;Mexico;Small City
Francisco Zarco;2664;Mexico;Small City
Paredon Colorado;2665;Mexico;Small City
Colonia Venustiano Carranza;2665;Mexico;Small City
San Juan Jalpa Centro;2667;Mexico;Small City
Rosa Blanca;2668;Mexico;Small City
Santa Cruz Tetela;2668;Mexico;Small City
Paseo Puente Viejo;2668;Mexico;Small City
Marigot;2669;Dominica;Small City
Serrano;2670;Argentina;Small City
Bahia Tortugas;2671;Mexico;Small City
Nueve de Julio;2671;Argentina;Small City
Oviedo;2671;Dominican Republic;Small City
Portal de las Salinas;2671;Mexico;Small City
Reforma de Pineda;2671;Mexico;Small City
El Plan;2673;Mexico;Small City
Pacho Nuevo;2673;Mexico;Small City
Cocohital;2674;Mexico;Small City
Siogui Abajo;2675;Panama;Small City
Puerto Pailas;2675;Bolivia;Small City
Chapopote Nunez;2675;Mexico;Small City
Santa Teresa;2676;Mexico;Small City
Espinal;2676;Mexico;Small City
Carrillo Puerto;2676;Mexico;Small City
Palomas;2676;Mexico;Small City
Purisima Concepcion Mayorazgo;2676;Mexico;Small City
Cerrillos (Campo 35);2677;Mexico;Small City
El Varal (San Sebastian Numero Uno);2677;Mexico;Small City
Puerto de Aguirre;2678;Mexico;Small City
San Juan Bautista;2680;Guatemala;Small City
El Almendro;2681;Nicaragua;Small City
Hernandez;2681;Mexico;Small City
San Marcos La Laguna;2681;Guatemala;Small City
Yaxe;2683;Mexico;Small City
El Cabezon;2683;Mexico;Small City
Tamara;2683;Honduras;Small City
Villa Atamisqui;2683;Argentina;Small City
Entre Rios;2685;Bolivia;Small City
Atalaya;2686;Panama;Small City
Alhuey;2686;Mexico;Small City
Los Menucos;2689;Argentina;Small City
La Mina;2690;Honduras;Small City
El Tephe;2690;Mexico;Small City
Santa Maria Atlihuetzian;2691;Mexico;Small City
Suaita;2691;Colombia;Small City
Colonia Agricola Mexico (Palmitas);2692;Mexico;Small City
Fraccionamiento San Miguel;2692;Mexico;Small City
Quinceo;2692;Mexico;Small City
Las Mesas;2692;Mexico;Small City
Carboneras;2693;Mexico;Small City
Chinique;2693;Guatemala;Small City
Chupaderos;2693;Mexico;Small City
Rizos de la Joya (Rizos del Saucillo);2694;Mexico;Small City
San Pedro Yancuitlalpan;2694;Mexico;Small City
Pizarrete;2695;Dominican Republic;Small City
Palo Blanco;2695;Mexico;Small City
Southfield;2695;Jamaica;Small City
Pastor Rovaix;2696;Mexico;Small City
Brownsweg;2696;Suriname;Small City
Tucurrique;2697;Costa Rica;Small City
French Harbor;2698;Honduras;Small City
Chikindzonot;2699;Mexico;Small City
San Rafael Tenanyecac;2699;Mexico;Small City
Los Mangos;2699;Mexico;Small City
Zapotitlan;2700;Mexico;Small City
Tarso;2700;Colombia;Small City
Antequera;2701;Paraguay;Small City
El Tejocote;2701;Mexico;Small City
Arboledas;2702;Colombia;Small City
Colonia Progreso;2703;Mexico;Small City
Villa del Carmen;2703;Uruguay;Small City
San Francisco Cuautlancingo;2703;Mexico;Small City
Amuco de la Reforma;2703;Mexico;Small City
El Progreso;2704;Mexico;Small City
Santo Domingo Tonala;2704;Mexico;Small City
Santa Rita, Copan;2704;Honduras;Small City
Galateo;2705;Puerto Rico;Small City
Santa Cruz Mulua;2706;Guatemala;Small City
El Cocuy;2706;Colombia;Small City
Arantepacua;2707;Mexico;Small City
Senguio;2707;Mexico;Small City
Chipaque;2707;Colombia;Small City
Colonia San Luis Rey;2707;Mexico;Small City
El Boxtha;2708;Mexico;Small City
El Salitre;2708;Mexico;Small City
Bordo Blanco;2709;Mexico;Small City
El Huarache (El Guarache);2709;Mexico;Small City
Copala;2709;Mexico;Small City
La Constitucion;2709;Mexico;Small City
Santa Clara Huitziltepec;2709;Mexico;Small City
Buenavista;2711;Mexico;Small City
Huite;2712;Guatemala;Small City
San Mateo Ozolco;2713;Mexico;Small City
Caxuxi;2715;Mexico;Small City
Petacalco;2715;Mexico;Small City
Benito Juarez;2715;Mexico;Small City
Tolome;2715;Mexico;Small City
Belen;2715;Costa Rica;Small City
Zapoapan;2716;Mexico;Small City
Guinope;2716;Honduras;Small City
La Purisima;2717;Mexico;Small City
Ixtlahuacan;2717;Mexico;Small City
Chiepetepec;2718;Mexico;Small City
La Esperanza;2718;Colombia;Small City
San Jose el Saladillo (El Saladillo);2718;Mexico;Small City
Ixtlan de Juarez;2718;Mexico;Small City
El Triunfo;2719;Mexico;Small City
Conjunto Habitacional Ecologico SUTEYM;2719;Mexico;Small City
Los Condores;2720;Argentina;Small City
San Antonio de la Cal;2721;Mexico;Small City
Constitucion;2721;Mexico;Small City
Francisco I. Madero;2722;Mexico;Small City
San Pedro Limon;2722;Mexico;Small City
Quebrada de Arena;2723;Honduras;Small City
Guayalejo;2723;Mexico;Small City
Medellin de Bravo;2725;Mexico;Small City
Sitio Ejido;2725;Mexico;Small City
San Lorenzo Tlalmimilolpan;2725;Mexico;Small City
Siloah;2725;Jamaica;Small City
El Sahuaral;2726;Mexico;Small City
Santa Rosa los Angeles;2727;Mexico;Small City
Arroyo Cabral;2727;Argentina;Small City
Tlapanala;2727;Mexico;Small City
Vanegas;2728;Mexico;Small City
Tejalpa;2729;Mexico;Small City
Ejido Loma de Malacota;2729;Mexico;Small City
Villavieja;2730;Colombia;Small City
Huara;2730;Chile;Small City
Sihochac;2731;Mexico;Small City
Cristobal;2735;Dominican Republic;Small City
Tenango el Nuevo;2738;Mexico;Small City
Manuel Avila Camacho;2738;Mexico;Small City
Janos;2738;Mexico;Small City
Rinconada de los Angeles;2738;Mexico;Small City
Cuamiles;2741;Mexico;Small City
Nuqui;2741;Colombia;Small City
Saint-Georges;2742;French Guiana;Small City
Pozos;2742;Mexico;Small City
Tzintzingareo;2743;Mexico;Small City
Cruz Bay;2743;Virgin Islands (US);Small City
Cerro Santa Fe;2744;Mexico;Small City
Coacoyula de Alvarez;2744;Mexico;Small City
Laguna Yema;2744;Argentina;Small City
Zunilito;2745;Guatemala;Small City
La Llanada;2747;Colombia;Small City
San Felipe los Alzati (Colonia Nueva);2747;Mexico;Small City
Tepanco;2747;Mexico;Small City
Villa Diaz Ordaz;2747;Mexico;Small City
Ospina;2747;Colombia;Small City
Papatlatla;2750;Mexico;Small City
San Pedro Ixtlahuaca;2751;Mexico;Small City
Cienega de Zimatlan;2753;Mexico;Small City
Tepich;2753;Mexico;Small City
San Martin Toltepec;2753;Mexico;Small City
Pedregal de San Jose;2753;Mexico;Small City
Los Cedrales;2754;Paraguay;Small City
San Miguel;2754;Mexico;Small City
San Miguel de la Paz;2754;Mexico;Small City
Leona Vicario;2754;Mexico;Small City
Atoyac;2755;Mexico;Small City
Cuaxomulco;2755;Mexico;Small City
Monserrate;2756;Puerto Rico;Small City
Rincon de Lopez;2756;Mexico;Small City
Buff Bay;2757;Jamaica;Small City
Barra Patuca;2758;Honduras;Small City
Entronque Laredo-Salinas Victoria;2758;Mexico;Small City
Rancho Verde;2758;Mexico;Small City
Tilapa;2759;Mexico;Small City
Los Rodriguez;2760;Mexico;Small City
Sulaco;2760;Honduras;Small City
Tetla;2761;Mexico;Small City
Santa Maria;2761;Colombia;Small City
Laguna de San Vicente;2762;Mexico;Small City
Wakefield;2763;Jamaica;Small City
Calotmul;2764;Mexico;Small City
Puroagua;2766;Mexico;Small City
Juchique de Ferrer;2766;Mexico;Small City
San Salvador el Verde;2768;Mexico;Small City
Colonia Tenhe;2768;Mexico;Small City
Florencia;2768;Mexico;Small City
San Antonio Bonixi;2768;Mexico;Small City
Xolotla;2770;Mexico;Small City
Limoeiro de Anadia;2770;Brazil;Small City
Altagracia;2771;Nicaragua;Small City
San Miguel Acatan;2773;Guatemala;Small City
Lomas de Tejeda;2773;Mexico;Small City
Los Rodriguez;2773;Mexico;Small City
Jacinto Arauz;2773;Argentina;Small City
Santa Maria Tecuanulco;2773;Mexico;Small City
Colorines;2773;Mexico;Small City
La Labor;2774;Mexico;Small City
Campestre Tarimbaro;2774;Mexico;Small City
Santiago Acozac;2775;Mexico;Small City
Agua Blanca;2776;Guatemala;Small City
Juan Marcos (San Jose Buenavista);2777;Mexico;Small City
Poblado C-33 20 de Noviembre;2779;Mexico;Small City
San Francisco;2779;Colombia;Small City
Puerto Ceiba;2780;Mexico;Small City
Tecoluca;2781;El Salvador;Small City
Nuevo Leon;2782;Mexico;Small City
Contralmirante Cordero;2782;Argentina;Small City
Cieneguitas;2782;Mexico;Small City
Betania;2782;Mexico;Small City
La Libertad;2782;Mexico;Small City
Corail;2782;Haiti;Small City
Tamazulapam del Espiritu Santo;2783;Mexico;Small City
San Francisco;2785;Colombia;Small City
Jalpa de los Banos;2786;Mexico;Small City
San Mateo Capulhuac;2786;Mexico;Small City
Fonds Verrettes;2789;Haiti;Small City
Villa Mugueta;2789;Argentina;Small City
Escaleras;2790;Mexico;Small City
Ojojona;2790;Honduras;Small City
Zacaola;2791;Mexico;Small City
Sacanta;2791;Argentina;Small City
Juan Martin;2791;Mexico;Small City
Colonia Benito Juarez;2792;Mexico;Small City
Cerca la Source;2792;Haiti;Small City
San Pedro Quiatoni;2792;Mexico;Small City
Tole;2794;Panama;Small City
Zoyatzingo;2795;Mexico;Small City
Uarini;2796;Brazil;Small City
El Huaxtho;2798;Mexico;Small City
Santo Tomas la Concordia;2798;Mexico;Small City
Puentecillas;2799;Mexico;Small City
Valencianita;2800;Mexico;Small City
Villa Hidalgo;2800;Mexico;Small City
Santa Cruz el Grande;2800;Mexico;Small City
El Limon;2800;Mexico;Small City
Ocuapan;2800;Mexico;Small City
Tumbiscatio de Ruiz;2801;Mexico;Small City
Portezuelo;2802;Mexico;Small City
Bosques de la Magdalena;2803;Mexico;Small City
Colonia Juarez;2803;Mexico;Small City
Los Surgentes;2804;Argentina;Small City
Los Hidalgos;2805;Dominican Republic;Small City
San Pedro Tepetitlan;2805;Mexico;Small City
Ocotlan de Betancourt;2806;Mexico;Small City
San Francisco;2806;Honduras;Small City
Rancho Nuevo;2807;Mexico;Small City
Yalkoba;2808;Mexico;Small City
Doima;2808;Colombia;Small City
Colotepec;2808;Mexico;Small City
Chaparaco;2808;Mexico;Small City
Villa Ygatimi;2809;Paraguay;Small City
Upper Hell's Gate;2810;;Small City
Chichiquila;2812;Mexico;Small City
Jutiapa;2815;Honduras;Small City
Rosario;2815;Mexico;Small City
Elena;2815;Argentina;Small City
Colonia Neuland;2816;Paraguay;Small City
Jaracuaro;2817;Mexico;Small City
San Simon Tlatlahuquitepec;2817;Mexico;Small City
Tomochic;2818;Mexico;Small City
San Miguel del Valle;2818;Mexico;Small City
Tlacamilco;2819;Mexico;Small City
San Jose de la Montana;2819;Colombia;Small City
Kancab;2819;Mexico;Small City
Guadalupe Zaragoza;2820;Mexico;Small City
Salama;2820;Honduras;Small City
Huehuetla;2821;Mexico;Small City
Jesus Nazareno;2821;Mexico;Small City
La Ascension;2823;Mexico;Small City
Magdalena Apasco;2824;Mexico;Small City
Solis de Mataojo;2825;Uruguay;Small City
Yaxkukul;2825;Mexico;Small City
Samahil;2826;Mexico;Small City
San Ramon;2827;Nicaragua;Small City
San Pedro Huilotepec;2827;Mexico;Small City
Tunkas;2828;Mexico;Small City
Bluefields;2828;Jamaica;Small City
San Antonio Alpanocan;2828;Mexico;Small City
Carrillo Puerto;2829;Mexico;Small City
Palmas;2829;Puerto Rico;Small City
Villa del Dique;2829;Argentina;Small City
Little Belize;2830;Belize;Small City
Ayahualulco;2832;Mexico;Small City
San Jose del Progreso;2833;Mexico;Small City
Salitral;2833;Costa Rica;Small City
Ojo de Agua de Palmillas;2833;Mexico;Small City
San Lucas Camotlan;2834;Mexico;Small City
Vinchina;2834;Argentina;Small City
El Guayabal;2835;Dominican Republic;Small City
Ixtlahuaca Barrio;2835;Mexico;Small City
Orocue;2835;Colombia;Small City
Tototepec;2836;Mexico;Small City
Sector H Tres;2837;Mexico;Small City
Tlatempan;2837;Mexico;Small City
Trinidad;2837;Paraguay;Small City
Cocucho;2838;Mexico;Small City
Nueva Italia;2841;Paraguay;Small City
Huamuchapa;2841;Mexico;Small City
Atenango del Rio;2842;Mexico;Small City
Guanagazapa;2842;Guatemala;Small City
Santa Cruz Bombatevi;2843;Mexico;Small City
Emiliano Zapata;2843;Mexico;Small City
Villa Constitucion;2846;Uruguay;Small City
General San Martin;2846;Argentina;Small City
La Cienega;2847;Mexico;Small City
Toliman;2847;Mexico;Small City
Colonias Pedernales;2848;Mexico;Small City
Olivenca;2848;Brazil;Small City
Zapotlan;2849;Mexico;Small City
Galaxia la Calera;2850;Mexico;Small City
Miguel Hidalgo;2850;Mexico;Small City
El Trapiche;2851;Mexico;Small City
Coatecas Altas;2851;Mexico;Small City
Quebracho;2853;Uruguay;Small City
Certegui;2854;Colombia;Small City
Oyameles de Hidalgo;2854;Mexico;Small City
Corocito;2855;Honduras;Small City
Igualapa;2856;Mexico;Small City
Loreto;2856;Argentina;Small City
Guayata;2857;Colombia;Small City
Huitiupan;2857;Mexico;Small City
Vista Alegre Norte;2857;Argentina;Small City
San Bartolome Ayautla;2858;Mexico;Small City
Campo Grande;2859;Mexico;Small City
Balaclava;2862;Jamaica;Small City
San Jose;2862;Belize;Small City
San Nicolas Tolentino;2862;Mexico;Small City
Tuzantan;2863;Mexico;Small City
La Trinidad Tenexyecac;2863;Mexico;Small City
Parita;2864;Panama;Small City
San Martin Coapaxtongo;2865;Mexico;Small City
Zoquitlan;2865;Mexico;Small City
Cochrane;2867;Chile;Small City
San Juan Pan de Arriba;2867;Mexico;Small City
Bahia de Lobos;2867;Mexico;Small City
Guaquitepec;2868;Mexico;Small City
Alvaro Obregon;2869;Mexico;Small City
Ameche;2869;Mexico;Small City
Villa Emiliano Zapata;2869;Mexico;Small City
Dziuche;2870;Mexico;Small City
San Agustin;2870;Argentina;Small City
Dennery;2870;Saint Lucia;Small City
Tomas Gomensoro;2872;Uruguay;Small City
Santa Monica;2872;Mexico;Small City
Barrio de San Pedro la Cabecera;2874;Mexico;Small City
Amacueca;2875;Mexico;Small City
Loza de los Padres;2875;Mexico;Small City
La Cienaga;2875;Dominican Republic;Small City
Mama;2876;Mexico;Small City
Huiloapan;2877;Mexico;Small City
Santa Maria Nativitas;2878;Mexico;Small City
El Castillo;2878;Mexico;Small City
Dzitas;2879;Mexico;Small City
Jardines del Grijalva;2881;Mexico;Small City
Polotitlan de la Ilustracion;2881;Mexico;Small City
Colonia la Asuncion;2881;Mexico;Small City
San Basilio;2882;Argentina;Small City
Lomas de Rio Medio Cuatro;2882;Mexico;Small City
La Florida;2882;Colombia;Small City
Martorell;2884;Puerto Rico;Small City
Victoria;2884;Honduras;Small City
Abasolo;2884;Mexico;Small City
El Palmar;2884;Mexico;Small City
Cardenas;2885;Mexico;Small City
La Luisa;2887;Puerto Rico;Small City
Mona Heights;2887;Jamaica;Small City
Chinameca;2887;Mexico;Small City
Juan Aldama (El Tigre);2889;Mexico;Small City
Campo Pesquero el Colorado;2889;Mexico;Small City
Tapotzingo;2890;Mexico;Small City
Necoxtla;2890;Mexico;Small City
Morelos;2891;Mexico;Small City
Payan;2892;Colombia;Small City
Rio Medio [Granja];2895;Mexico;Small City
Fuentezuelas;2895;Mexico;Small City
Trinity Ville;2895;Jamaica;Small City
Cuchicuato;2896;Mexico;Small City
Chalan;2897;Colombia;Small City
San Mateo Tecalco;2897;Mexico;Small City
Arenoso;2897;Dominican Republic;Small City
San Simeon Xipetzingo;2898;Mexico;Small City
Mayanalan;2898;Mexico;Small City
Chigore;2899;Panama;Small City
Turmeque;2901;Colombia;Small City
Sauce de Luna;2901;Argentina;Small City
Winifreda;2902;Argentina;Small City
San Juan de Otates;2905;Mexico;Small City
Nuevo Vicente Guerrero;2906;Mexico;Small City
San Sebastian Buenos Aires;2908;Mexico;Small City
El Limar;2908;Mexico;Small City
Valle de Vaquerias;2908;Mexico;Small City
Guanacevi;2908;Mexico;Small City
Santa Maria del Monte;2910;Mexico;Small City
Ayotoxco de Guerrero;2911;Mexico;Small City
Javier Rojo Gomez;2911;Mexico;Small City
Tezapotla;2912;Mexico;Small City
San Juan del Rio del Centauro del Norte;2912;Mexico;Small City
Ciudad de Villaldama;2912;Mexico;Small City
Arada;2913;Honduras;Small City
Santa Rosa del Penon;2913;Nicaragua;Small City
Chita;2914;Colombia;Small City
San Diego Linares;2914;Mexico;Small City
Colonia Morelos;2915;Mexico;Small City
Plan de Arroyos;2915;Mexico;Small City
Iquinuapa;2915;Mexico;Small City
Santa Ana Ahuehuepan;2917;Mexico;Small City
Soufriere;2918;Saint Lucia;Small City
Taminango;2919;Colombia;Small City
Unidad San Miguel Jagueeyes;2919;Mexico;Small City
Yecora;2920;Mexico;Small City
Padilla;2920;Bolivia;Small City
Tapijulapa;2921;Mexico;Small City
San Martin Chalchicuautla;2922;Mexico;Small City
Itainopolis;2922;Brazil;Small City
Fig Tree;2922;Saint Kitts and Nevis;Small City
Copanatoyac;2924;Mexico;Small City
Mochis;2924;Mexico;Small City
Caimito;2925;Colombia;Small City
Corazon;2925;Puerto Rico;Small City
La Puerta del Pilar;2925;Mexico;Small City
Basconcobe;2926;Mexico;Small City
Cajola;2927;Guatemala;Small City
Dolavon;2929;Argentina;Small City
Luchanas;2929;Mexico;Small City
Acatlan;2929;Mexico;Small City
Obrajuelo;2932;Mexico;Small City
Guadalupe Victoria;2932;Mexico;Small City
Narino;2933;Colombia;Small City
El Arenal;2933;Mexico;Small City
Tancanhuitz;2933;Mexico;Small City
Cucuyagua;2939;Honduras;Small City
Tzinacapan;2939;Mexico;Small City
Rio Mayo;2939;Argentina;Small City
El Porvenir;2940;Honduras;Small City
Puerto de Buenavista (Lazaro Cardenas);2940;Mexico;Small City
Nicolas Bravo;2940;Mexico;Small City
Zirahuen;2942;Mexico;Small City
Villa Trinidad;2945;Argentina;Small City
Utica;2945;Colombia;Small City
Tanaco;2947;Mexico;Small City
Poco Sol;2947;Costa Rica;Small City
Santa Catarina Palopo;2948;Guatemala;Small City
Chulumani;2952;Bolivia;Small City
Barrio San Joaquin el Junco;2952;Mexico;Small City
Tierra Blanca;2955;Mexico;Small City
Comanjilla;2955;Mexico;Small City
Jalcomulco;2955;Mexico;Small City
Marau;2956;Brazil;Small City
El Saucillo;2957;Mexico;Small City
Islington;2958;Jamaica;Small City
Colonia las Flores;2959;Mexico;Small City
Dongu;2961;Mexico;Small City
San Juan;2962;Mexico;Small City
Galeana;2962;Mexico;Small City
Doctor Domingo Chanona;2962;Mexico;Small City
Teopantlan;2963;Mexico;Small City
San Mateo Coapexco;2965;Mexico;Small City
Rincones de la Hacienda;2967;Mexico;Small City
Aguada de Moya;2967;Cuba;Small City
Fraccionamiento Real de San Pablo;2967;Mexico;Small City
Irpa Irpa;2968;Bolivia;Small City
Zacazonapan;2968;Mexico;Small City
Zacualpan;2970;Mexico;Small City
Jose Maria Morelos;2970;Mexico;Small City
Teacalco;2970;Mexico;Small City
Hunuku;2971;Mexico;Small City
Inza;2972;Colombia;Small City
Catazaja;2973;Mexico;Small City
Cuarta Brigada;2973;Mexico;Small City
La Libertad;2973;Mexico;Small City
Race Course;2974;Jamaica;Small City
Gararu;2977;Brazil;Small City
Santa Maria Atexcac;2978;Mexico;Small City
Oscar Soto Maynez;2978;Mexico;Small City
Jesus Maria;2978;Mexico;Small City
Ostuacan;2979;Mexico;Small City
El Ciruelo;2980;Honduras;Small City
Dorp Antriol;2980;;Small City
Tomelopitos;2981;Mexico;Small City
General Campos;2982;Argentina;Small City
La Colonia;2982;Mexico;Small City
General Elizardo Aquino;2983;Paraguay;Small City
Moroceli;2984;Honduras;Small City
Emilio Portes Gil;2985;Mexico;Small City
Bamoa;2987;Mexico;Small City
San Andres Duraznal;2987;Mexico;Small City
San Bernardo;2988;Colombia;Small City
Armenta;2989;Honduras;Small City
San Pedro;2990;Bolivia;Small City
El Rosario;2991;Nicaragua;Small City
Tres Algarrobos;2993;Argentina;Small City
La Verde;2995;Argentina;Small City
Emiliano Zapata;2995;Mexico;Small City
Manzana de San Luis;2996;Mexico;Small City
La Mesa;2996;Mexico;Small City
Fraccionamiento Cosmopolis Octavo Sector;2996;Mexico;Small City
Cuauhtemoc;2998;Mexico;Small City
Zamora;2999;Honduras;Small City
Hersilia;3000;Argentina;Small City
Tolhuin;3000;Argentina;Small City
Zapopan2;3000;Mexico;Small City
Negril;3000;Jamaica;Small City
Villa Juarez;3000;Mexico;Small City
Carvoeira;3000;Brazil;Small City
Quetchehueca;3001;Mexico;Small City
San Juan Guelavia;3002;Mexico;Small City
Lazaro Cardenas;3002;Mexico;Small City
Cumpas;3003;Mexico;Small City
Huajicori;3004;Mexico;Small City
El Pino;3004;Honduras;Small City
San Gabriel las Palmas;3005;Mexico;Small City
Buena Vista 1ra. Seccion;3005;Mexico;Small City
Huaquechula;3005;Mexico;Small City
Cacaloxuchitl;3006;Mexico;Small City
Yaxcaba;3007;Mexico;Small City
Huiramba;3007;Mexico;Small City
El Castillo;3009;Mexico;Small City
La Fortuna;3010;Costa Rica;Small City
Las Lajas;3011;Honduras;Small City
Santo Domingo Aztacameca;3012;Mexico;Small City
Fernando de Noronha (Distrito Estadual);3012;Brazil;Small City
Nuevo Mexico;3014;Mexico;Small City
Laranja da Terra;3016;Brazil;Small City
Villarpando;3016;Dominican Republic;Small City
Juanacatlan;3016;Mexico;Small City
Panales;3017;Mexico;Small City
Gambara;3017;Mexico;Small City
Flores;3018;Honduras;Small City
Irimbo;3019;Mexico;Small City
Santiago Chimaltenango;3020;Guatemala;Small City
Puerto Escondido;3020;Colombia;Small City
El Hielo;3020;Mexico;Small City
La Para;3021;Argentina;Small City
Imbery;3021;Puerto Rico;Small City
Barranquitas;3021;Puerto Rico;Small City
San Juan Xoconusco;3022;Mexico;Small City
Guadalupe;3022;Mexico;Small City
Xoloateno;3022;Mexico;Small City
San Antonio Zaragoza;3023;Mexico;Small City
Abai;3024;Paraguay;Small City
Tehuetlan;3024;Mexico;Small City
Nuevo San Miguel;3025;Mexico;Small City
Charagua;3025;Bolivia;Small City
Francisco I. Madero;3028;Mexico;Small City
Yupiltepeque;3028;Guatemala;Small City
Villa Las Esperanzas;3029;Mexico;Small City
Tlamixtlahuacan;3031;Mexico;Small City
El Nio;3032;Mexico;Small City
San Andres;3032;Colombia;Small City
San Pablo Tacachico;3033;El Salvador;Small City
Conchagua;3034;El Salvador;Small City
Casa Quemada;3036;Honduras;Small City
Tiahuanaco;3037;Bolivia;Small City
Dalvey;3037;Jamaica;Small City
Itakyry;3038;Paraguay;Small City
Jaquimeyes;3038;Dominican Republic;Small City
Fraccionamiento las Fuentes;3039;Mexico;Small City
Laguna Larga de Cortes;3040;Mexico;Small City
Colonia Vista Bella (Lomas del Peaje);3040;Mexico;Small City
Catarina;3040;Guatemala;Small City
Nautla;3040;Mexico;Small City
Tecuexcomac;3041;Mexico;Small City
La Independencia;3041;Mexico;Small City
Santa Maria del Refugio;3041;Mexico;Small City
Santa Maria Asuncion;3042;Mexico;Small City
San Lucas Ocotepec;3043;Mexico;Small City
Simon Sarlat;3044;Mexico;Small City
Caramanta;3044;Colombia;Small City
El Pacayal;3045;Mexico;Small City
Los Negros;3046;Bolivia;Small City
Toledo;3046;Argentina;Small City
Yecuatla;3048;Mexico;Small City
Raymundo Enriquez;3049;Mexico;Small City
Cuacuila;3050;Mexico;Small City
Campo Grande;3051;Brazil;Small City
Tzicatlan;3051;Mexico;Small City
Tarata;3052;Peru;Small City
Sabanilla;3052;Mexico;Small City
Bethel Town;3053;Jamaica;Small City
Arena 1ra. Seccion;3053;Mexico;Small City
Tiburon;3054;Haiti;Small City
San Francisco;3054;Mexico;Small City
La Union;3054;Honduras;Small City
Nocupetaro;3054;Mexico;Small City
Los Cafetales;3054;Mexico;Small City
Tetecalita;3055;Mexico;Small City
Napenay;3056;Argentina;Small City
San Lucas Pio;3056;Mexico;Small City
Jocoqui;3056;Mexico;Small City
Golden Grove;3058;Jamaica;Small City
Yarumela;3059;Honduras;Small City
Canoa;3061;Panama;Small City
Mozomboa;3061;Mexico;Small City
Primera Fraccion de Crespo;3062;Mexico;Small City
Vista Hermosa;3063;Panama;Small City
Pamatacuaro;3064;Mexico;Small City
Cepeda;3064;Mexico;Small City
Acatepec;3066;Mexico;Small City
Tacuarendi;3067;Argentina;Small City
Changata;3068;Mexico;Small City
La Sauceda;3069;Mexico;Small City
La Laja;3069;Mexico;Small City
Pablo L. Sidar;3070;Mexico;Small City
Port-Margot;3070;Haiti;Small City
San Ignacio;3072;Costa Rica;Small City
Vreed-en-Hoop;3073;Guyana;Small City
Benito Juarez;3074;Mexico;Small City
Marin;3075;Mexico;Small City
Boyuibe;3075;Bolivia;Small City
Soledad Salinas;3076;Mexico;Small City
Francisco Villa;3078;Mexico;Small City
Postrer Rio;3078;Dominican Republic;Small City
Dos Arroyos;3079;Argentina;Small City
Tampamolon Corona;3079;Mexico;Small City
Galindo;3079;Mexico;Small City
Elixir;3079;Honduras;Small City
San Jeronimo;3080;Mexico;Small City
Kralendijk;3081;;Small City
Oxtotipac;3081;Mexico;Small City
Prados de San Juan;3081;Mexico;Small City
Villarrica;3081;Colombia;Small City
Santa Catarina Loxicha;3081;Mexico;Small City
Ancasti;3082;Argentina;Small City
Charay;3084;Mexico;Small City
Presidente Echeverria (Laja Tendida);3084;Mexico;Small City
Rio Alejandro;3084;Panama;Small City
Cuauhtemoc;3084;Mexico;Small City
Coyotillos;3084;Mexico;Small City
San Lucas;3085;Mexico;Small City
Maroon Town;3085;Jamaica;Small City
El Walamo;3085;Mexico;Small City
Ejido Michoacan de Ocampo;3086;Mexico;Small City
Zurumbeneo;3086;Mexico;Small City
San Jose Poliutla;3088;Mexico;Small City
Palizada;3089;Mexico;Small City
Villa de Almoloya de Juarez;3091;Mexico;Small City
Colonia los Cedros;3094;Mexico;Small City
Villamar;3095;Mexico;Small City
Senor;3095;Mexico;Small City
Tezoquipa;3098;Mexico;Small City
Emajagua;3099;Puerto Rico;Small City
Tarapaca;3100;Colombia;Small City
El Limon;3102;Mexico;Small City
Antiguo Morelos;3104;Mexico;Small City
Mecapalapa;3104;Mexico;Small City
Tekanto;3105;Mexico;Small City
Maceo;3109;Colombia;Small City
Joshil;3110;Mexico;Small City
Santo Nombre;3111;Mexico;Small City
San Agustin Citlali;3111;Mexico;Small City
Copandaro de Galeana;3112;Mexico;Small City
Villa Tapia;3113;Dominican Republic;Small City
Carrizal Grande;3113;Mexico;Small City
Mesa de Guadalupe;3115;Mexico;Small City
Santiago Perez;3115;Colombia;Small City
Pueblo Nuevo;3116;Guatemala;Small City
San Antonio Tlatenco;3118;Mexico;Small City
Gachancipa;3119;Colombia;Small City
Los Robles;3119;Mexico;Small City
Almaguer;3120;Colombia;Small City
Caracoli;3120;Colombia;Small City
Lindavista;3121;Mexico;Small City
El Rosario;3121;Mexico;Small City
Cuanacaxtitlan;3122;Mexico;Small City
Corral Falso;3123;Mexico;Small City
Metztitlan;3125;Mexico;Small City
Uayma;3126;Mexico;Small City
Kanxoc;3126;Mexico;Small City
El Blanco;3126;Mexico;Small City
San Carlos;3126;Mexico;Small City
Debe;3127;Trinidad and Tobago;Small City
Nopaltepec;3127;Mexico;Small City
Palmar Chico;3127;Mexico;Small City
La Libertad;3127;Nicaragua;Small City
Chapultenango;3129;Mexico;Small City
Pochahuizco;3130;Mexico;Small City
Belen;3131;Colombia;Small City
San Miguelito;3133;Mexico;Small City
Toluca de Guadalupe;3133;Mexico;Small City
Los Valles;3135;Mexico;Small City
Chumayel;3135;Mexico;Small City
El Control;3136;Mexico;Small City
Lepaera;3137;Honduras;Small City
Playa Azul;3139;Mexico;Small City
Benemerito Juarez;3140;Mexico;Small City
San Dionisio del Mar;3140;Mexico;Small City
La Gloria;3140;Mexico;Small City
Chiconquiaco;3143;Mexico;Small City
Chenalho;3143;Mexico;Small City
Chicapa de Castro;3143;Mexico;Small City
Juarez Coronaco;3144;Mexico;Small City
Palma Sola;3144;Mexico;Small City
Coahuitlan;3145;Mexico;Small City
Las Toscas;3146;Uruguay;Small City
Jicolapa;3151;Mexico;Small City
Epigmenio Gonzalez;3151;Mexico;Small City
Rocky Point;3152;Jamaica;Small City
San Pedro Benito Juarez;3153;Mexico;Small City
San Miguel Tilquiapam;3153;Mexico;Small City
Almoloya de Alquisiras;3153;Mexico;Small City
Massaranduba;3153;Brazil;Small City
El Porvenir;3153;Honduras;Small City
San Andres;3154;Colombia;Small City
Santiago Coltzingo;3155;Mexico;Small City
Del Campillo;3155;Argentina;Small City
Manguito;3155;Cuba;Small City
Jaluco;3156;Mexico;Small City
Amatlan de Canas;3157;Mexico;Small City
Naschel;3157;Argentina;Small City
Corral de Barrancos;3158;Mexico;Small City
Chapeltique;3159;El Salvador;Small City
Corinto;3160;El Salvador;Small City
Simeprodeso (Colectivo Nuevo);3160;Mexico;Small City
Huazuntlan;3160;Mexico;Small City
Carolina;3160;Colombia;Small City
San Pablo de las Tunas;3162;Mexico;Small City
Ayutla;3162;Mexico;Small City
Lluidas Vale;3163;Jamaica;Small City
Plan de Ayala;3164;Mexico;Small City
San Miguel Almoloyan;3165;Mexico;Small City
San Francisco;3165;Mexico;Small City
Epazoyucan;3168;Mexico;Small City
Pasca;3169;Colombia;Small City
Atzitzintla;3170;Mexico;Small City
San Isidro Vista Hermosa;3171;Mexico;Small City
Cruz de Huanacaxtle;3171;Mexico;Small City
Cuichapa;3171;Mexico;Small City
Naranja de Tapia;3172;Mexico;Small City
Taxco el Viejo;3172;Mexico;Small City
Pespire;3172;Honduras;Small City
Atotonilco;3175;Mexico;Small City
El Crucero de Santa Maria;3175;Mexico;Small City
San Francisco Tepexoxica;3175;Mexico;Small City
Tecoac (Santa Maria Nativitas);3175;Mexico;Small City
Sauceda de La Borda;3175;Mexico;Small City
Quilahuani;3176;Peru;Small City
Tecaxic;3177;Mexico;Small City
La Fermina;3177;Puerto Rico;Small City
San Pablito;3178;Mexico;Small City
Sinnamary;3180;French Guiana;Small City
San Miguel Tecomatlan;3180;Mexico;Small City
Tetelilla;3182;Mexico;Small City
Santa Maria Nepopualco;3183;Mexico;Small City
Narino;3186;Colombia;Small City
Isabela de Sagua;3187;Cuba;Small City
Coapilla;3187;Mexico;Small City
Lacovia;3187;Jamaica;Small City
Mariano Escobedo;3188;Mexico;Small City
San Nicolas Buenos Aires;3189;Mexico;Small City
Chicavasco;3190;Mexico;Small City
El Saucito (El Horno);3190;Mexico;Small City
Yoloxochitl;3191;Mexico;Small City
El Limon de los Ramos;3191;Mexico;Small City
Agua Fria;3196;Honduras;Small City
Xitlama;3198;Mexico;Small City
Iturbide;3198;Mexico;Small City
Cuesta Blanca;3200;Argentina;Small City
San Ildefonso Tultepec;3204;Mexico;Small City
Acahay;3205;Paraguay;Small City
Unidad Habitacional Rinconada Acolapa;3205;Mexico;Small City
Malpaso;3207;Mexico;Small City
Santa Ana la Ladera;3208;Mexico;Small City
Une;3208;Colombia;Small City
Arroyo Vista Hermosa;3208;Mexico;Small City
Capitanejo;3209;Puerto Rico;Small City
Puxinana;3210;Brazil;Small City
La Zacatecana;3210;Mexico;Small City
Tiquicheo;3210;Mexico;Small City
El Tuito;3211;Mexico;Small City
Los Juries;3212;Argentina;Small City
Colonia Emiliano Zapata;3213;Mexico;Small City
Santa Catarina Barahona;3214;Guatemala;Small City
Tetela;3214;Mexico;Small City
Saltabarranca;3215;Mexico;Small City
Los Molinos;3215;Mexico;Small City
Zicuiran;3215;Mexico;Small City
Groningen;3216;Suriname;Small City
Tamazula;3217;Mexico;Small City
Campo Rico;3218;Puerto Rico;Small City
Canazas;3219;Panama;Small City
San Lorenzo Cuauhtenco;3220;Mexico;Small City
Zozocolco de Hidalgo;3221;Mexico;Small City
Picun Leufu;3222;Argentina;Small City
Tepeyanco;3223;Mexico;Small City
Mole Saint-Nicolas;3224;Haiti;Small City
Bachoco;3226;Mexico;Small City
Tumbala;3227;Mexico;Small City
Dzemul;3228;Mexico;Small City
El Realito;3228;Mexico;Small City
Tlazazalca;3228;Mexico;Small City
Xocchel;3229;Mexico;Small City
Pantanal;3231;Mexico;Small City
Belen Atzitzimititlan;3232;Mexico;Small City
Pozo de Ibarra;3233;Mexico;Small City
Lahuachaca;3235;Bolivia;Small City
Colonia Valdense;3235;Uruguay;Small City
Comaltepec;3236;Mexico;Small City
Tanganhuato;3236;Mexico;Small City
Ajuchitlancito;3238;Mexico;Small City
San Miguel de La Victoria;3238;Mexico;Small City
Miahuatlan;3240;Mexico;Small City
La Union;3241;Mexico;Small City
San Diego los Padres Cuexcontitlan Seccion 5 B;3242;Mexico;Small City
Yextla;3242;Mexico;Small City
Pie de Pato;3242;Colombia;Small City
Guarare;3243;Panama;Small City
Las Colonias de Hidalgo;3243;Mexico;Small City
Santa Maria Mazatla;3243;Mexico;Small City
San Pablo de Tiquina;3245;Bolivia;Small City
Fraccionamiento Valle Dorado;3245;Mexico;Small City
Morrison;3245;Argentina;Small City
Tremedal;3252;Brazil;Small City
Zirandaro de los Chavez;3254;Mexico;Small City
Williamsfield;3255;Jamaica;Small City
San Lorenzo Malacota;3255;Mexico;Small City
Colonia Nueva Era;3256;Mexico;Small City
Ciales;3256;Puerto Rico;Small City
Tirindaro;3256;Mexico;Small City
Arroyo del Maiz Uno;3257;Mexico;Small City
El Capulin;3258;Mexico;Small City
Division del Norte;3259;Mexico;Small City
Aguilera;3260;Mexico;Small City
Nachig;3260;Mexico;Small City
San Felipe;3262;Panama;Small City
San Andres Cacaloapan;3263;Mexico;Small City
Mayapan;3263;Mexico;Small City
Bugaba;3263;Panama;Small City
Texan de Palomeque;3264;Mexico;Small City
Jagueey de Tellez (Estacion Tellez);3266;Mexico;Small City
Anitapolis;3267;Brazil;Small City
Sardinal;3267;Costa Rica;Small City
San Nicolas;3267;Mexico;Small City
Urubicha;3267;Bolivia;Small City
Las Lomas;3268;Mexico;Small City
El Cairo;3268;Colombia;Small City
Colon;3269;Colombia;Small City
La Luz;3270;Mexico;Small City
El Canton de San Pablo;3271;Colombia;Small City
Cenotillo;3272;Mexico;Small City
San Jose de la Dormida;3272;Argentina;Small City
Agricola Lazaro Cardenas;3273;Mexico;Small City
Tlaxcalilla;3274;Mexico;Small City
Canada de Bustos;3275;Mexico;Small City
Popolnah;3276;Mexico;Small City
Ixtepec;3276;Mexico;Small City
Morelos;3277;Mexico;Small City
San Jose;3278;Puerto Rico;Small City
El Puerto;3278;Dominican Republic;Small City
Zapotlan del Rey;3280;Mexico;Small City
Ocozotepec;3282;Mexico;Small City
Atecucario de la Constitucion (Atecuario);3283;Mexico;Small City
Tlamaco (San Geronimo Tlamaco);3285;Mexico;Small City
Concepcion Batres;3286;El Salvador;Small City
Caraguatay;3287;Argentina;Small City
Lomas de Tenopalco;3288;Mexico;Small City
Tochimilco;3289;Mexico;Small City
Niltepec;3289;Mexico;Small City
Todos Santos Cuchumatan;3289;Guatemala;Small City
Malvern;3291;Jamaica;Small City
Villa Aldama;3291;Mexico;Small City
Las Lajas;3291;Panama;Small City
Colonia Gustavo Baz Prada;3291;Mexico;Small City
Concepcion;3292;Guatemala;Small City
Baborigame;3294;Mexico;Small City
San Francisco del Monte de Oro;3295;Argentina;Small City
Acatepec;3296;Mexico;Small City
Amatillo;3298;Mexico;Small City
Achuapa;3299;Nicaragua;Small City
Temoaya;3301;Mexico;Small City
San Lorenzo Toxico;3302;Mexico;Small City
Margarita;3302;Panama;Small City
San Pedro Pinula;3302;Guatemala;Small City
La Montanita;3305;Colombia;Small City
Gayle;3305;Jamaica;Small City
Barrio Tlatenco;3305;Mexico;Small City
Chicontla;3305;Mexico;Small City
San Miguel Tianguistenco;3306;Mexico;Small City
El Nayar;3308;Mexico;Small City
Colonia Libertad;3308;Mexico;Small City
Alejo Ledesma;3310;Argentina;Small City
San Bartolo el Viejo;3312;Mexico;Small City
Arboledas Paso Blanco [Fraccionamiento];3313;Mexico;Small City
Tabaquite;3314;Trinidad and Tobago;Small City
Poblado 10;3315;Mexico;Small City
Entabladero;3316;Mexico;Small City
Colonia Baron;3317;Argentina;Small City
Ocopulco;3317;Mexico;Small City
Francisco Sarabia;3318;Mexico;Small City
Moneague;3319;Jamaica;Small City
Nuevo Tampaon;3321;Mexico;Small City
La Purisima;3322;Mexico;Small City
Axapusco;3324;Mexico;Small City
El Roble;3324;Colombia;Small City
Oasis;3325;Mexico;Small City
Colinas de Santa Cruz Segunda Seccion;3326;Mexico;Small City
Providencia;3326;Colombia;Small City
Port Royal;3327;Jamaica;Small City
Santa Maria Huecatitla;3328;Mexico;Small City
Luis Llorens Torres;3328;Puerto Rico;Small City
Chamula;3329;Mexico;Small City
Atlacahualoya;3330;Mexico;Small City
Puerto Esperanza;3331;Cuba;Small City
Huatecalco;3332;Mexico;Small City
San Felipe Santiago;3332;Mexico;Small City
Chiconcuautla;3332;Mexico;Small City
Unidades Habitacionales;3333;Mexico;Small City
San Francisco Tutla;3333;Mexico;Small City
Natuba;3333;Brazil;Small City
Tlalixcoyan;3335;Mexico;Small City
Corral Nuevo;3335;Mexico;Small City
Leon Guzman;3335;Mexico;Small City
Atzingo (La Cumbre);3336;Mexico;Small City
El Tarra;3336;Colombia;Small City
Colonia Lazaro Cardenas (Los Hornos);3337;Mexico;Small City
San Antonio del Cipres;3338;Mexico;Small City
San Francisco Lachigolo;3338;Mexico;Small City
Paso de Hidalgo (Paso de Alamos);3338;Mexico;Small City
Los Chiles;3342;Costa Rica;Small City
Chicoasen;3343;Mexico;Small City
Sevina;3344;Mexico;Small City
San Antonio;3345;Mexico;Small City
Tonila;3345;Mexico;Small City
Juchitan;3346;Mexico;Small City
Pujal-Coy;3346;Mexico;Small City
Tangua;3348;Colombia;Small City
Cienega Grande;3348;Mexico;Small City
Guadalupe Tlachco;3350;Mexico;Small City
San Carlos;3350;Argentina;Small City
San Jose Acateno;3352;Mexico;Small City
Atlixtac;3352;Mexico;Small City
Socha Viejo;3353;Colombia;Small City
Emiliano Zapata;3353;Mexico;Small City
Penjamillo de Degollado;3353;Mexico;Small City
Altzayanca;3353;Mexico;Small City
San Francisco;3353;Mexico;Small City
Genaro Estrada;3355;Mexico;Small City
San Juan Tetla;3355;Mexico;Small City
Los Prietos;3359;Mexico;Small City
Tampate;3359;Mexico;Small City
Nobsa;3360;Colombia;Small City
San Marcos;3361;Mexico;Small City
Santiago Tlapacoya;3362;Mexico;Small City
Yguazu;3363;Paraguay;Small City
Santa Ana Mayorazgo;3365;Mexico;Small City
Cajibio;3365;Colombia;Small City
San Francisco Mazapa;3365;Mexico;Small City
Samarkanda;3365;Mexico;Small City
San Mateo Ayecac;3366;Mexico;Small City
Canada de Cisneros;3369;Mexico;Small City
Colonia Santa Cecilia (La Sauceda);3369;Mexico;Small City
Huixtepec;3370;Mexico;Small City
Cuentepec;3371;Mexico;Small City
Piedra del Aguila;3372;Argentina;Small City
San Andres Payuca;3372;Mexico;Small City
San Bartolo;3372;Mexico;Small City
Ruiz de Montoya;3374;Argentina;Small City
Teul de Gonzalez Ortega;3374;Mexico;Small City
Dolores Hidalgo;3374;Mexico;Small City
Ciudad Satelite del Norte;3375;Mexico;Small City
Chable;3377;Mexico;Small City
Bajio de Bonillas;3377;Mexico;Small City
Gouyave;3378;Grenada;Small City
San Marcos;3383;Mexico;Small City
Caxhuacan;3383;Mexico;Small City
Maizal;3384;Dominican Republic;Small City
San Baltazar Guelavila;3385;Mexico;Small City
Poman;3387;Argentina;Small City
Turicuaro;3388;Mexico;Small City
Piojo;3388;Colombia;Small City
Calzadas;3388;Mexico;Small City
El Ticui;3389;Mexico;Small City
Ombues de Lavalle;3390;Uruguay;Small City
San Jose Huipana;3396;Mexico;Small City
Puerto Santa Cruz;3397;Argentina;Small City
Maravatio del Encinal;3398;Mexico;Small City
Santa Maria Cuevas;3398;Mexico;Small City
Barretal;3400;Mexico;Small City
Siltepec;3400;Mexico;Small City
San Marcos de la Loma;3401;Mexico;Small City
La Providencia;3401;Mexico;Small City
El Cazadero;3401;Mexico;Small City
San Simon Atzitzintla;3404;Mexico;Small City
Tuzuapan;3404;Mexico;Small City
Micoud;3406;Saint Lucia;Small City
La Popular;3406;Mexico;Small City
Ignacio Allende;3408;Mexico;Small City
Villa Santiago;3408;Mexico;Small City
Quimichis;3409;Mexico;Small City
San Pedro Munoztla;3411;Mexico;Small City
Aguacatenango;3413;Mexico;Small City
Cabeza de Toro;3413;Mexico;Small City
Los Charruas;3414;Argentina;Small City
Conguaco;3415;Guatemala;Small City
Tierra Fria;3415;Mexico;Small City
Candarave;3415;Peru;Small City
Canalejas;3417;Mexico;Small City
Los Amates;3417;Guatemala;Small City
Argelia;3418;Colombia;Small City
Rancho Nuevo de la Cruz;3420;Mexico;Small City
Vistha;3421;Mexico;Small City
Libertad;3422;Mexico;Small City
Mextepec;3424;Mexico;Small City
Los Tigres (San Marcos);3425;Mexico;Small City
Trenel;3426;Argentina;Small City
Cuautlacingo;3428;Mexico;Small City
Hacienda Nueva;3429;Mexico;Small City
PRI Chacon;3431;Mexico;Small City
Capira;3432;Panama;Small City
San Francisco Putla;3433;Mexico;Small City
El Puerto Magu;3433;Mexico;Small City
Ocumicho;3438;Mexico;Small City
San Antonio Gallardo;3438;Mexico;Small City
San Esteban;3439;Honduras;Small City
Checacupe;3440;Peru;Small City
Santiago Matatlan;3441;Mexico;Small City
San Francisco Tenopalco;3442;Mexico;Small City
Chapulhuacanito;3445;Mexico;Small City
Santiago Analco;3446;Mexico;Small City
Mapachapa;3446;Mexico;Small City
San Carlos;3447;Colombia;Small City
Albert Town;3449;Jamaica;Small City
Zapotitan de Hidalgo;3449;Mexico;Small City
Ixtapantongo;3449;Mexico;Small City
Tlahuitoltepec;3452;Mexico;Small City
Gualaca;3453;Panama;Small City
Acul du Nord;3454;Haiti;Small City
Santa Elena;3456;Mexico;Small City
Alfonso G. Calderon (Poblado Siete);3456;Mexico;Small City
San Jose Chiltepec;3457;Mexico;Small City
San Francisco Ayotuzco;3459;Mexico;Small City
Tepango;3461;Mexico;Small City
Tres Zapotes;3464;Mexico;Small City
Tinta;3466;Peru;Small City
La Macarena;3466;Colombia;Small City
Nopaltepec;3467;Mexico;Small City
Juchitlan;3468;Mexico;Small City
Ixtlahuaca de Cuauhtemoc;3468;Mexico;Small City
La Vega;3469;Colombia;Small City
Durania;3470;Colombia;Small City
Tixpehual;3470;Mexico;Small City
Combapata;3472;Peru;Small City
Argelia;3474;Colombia;Small City
Villa Juarez;3474;Mexico;Small City
Nueva Palestina;3475;Mexico;Small City
Jobos;3475;Puerto Rico;Small City
Santa Maria Ilucan;3475;Mexico;Small City
Tlilapan;3476;Mexico;Small City
La Sauceda;3478;Mexico;Small City
Mina Mexico;3479;Mexico;Small City
Rio Lindo;3479;Honduras;Small City
Qquea;3482;Peru;Small City
Ricardo Flores Magon;3483;Mexico;Small City
San Isidro;3483;Mexico;Small City
Azara;3484;Argentina;Small City
San Jeronimo Zacualpan;3485;Mexico;Small City
San Pablo;3486;Peru;Small City
Estacion San Jose;3487;Mexico;Small City
Villa del Rosario;3488;Argentina;Small City
Vista Hermosa;3490;Mexico;Small City
Pahuatlan de Valle;3490;Mexico;Small City
Kantunil;3491;Mexico;Small City
Tixcacalcupul;3492;Mexico;Small City
Zacualpan de Amilpas;3492;Mexico;Small City
Chipilo de Francisco Javier Mina;3493;Mexico;Small City
Tahmek;3493;Mexico;Small City
La Paloma;3495;Uruguay;Small City
Queromarca;3496;Peru;Small City
San Andres Tlalamac;3497;Mexico;Small City
Tonaya;3497;Mexico;Small City
Ex-Vinedos Guadalupe;3499;Mexico;Small City
Aguas Claras;3499;Puerto Rico;Small City
La Isla Km 10;3500;Mexico;Small City
Samaipata;3500;Bolivia;Small City
Beira Rio;3500;Brazil;Small City
Sarteneja;3500;Belize;Small City
Corral;3500;Chile;Small City
Juan Aldama;3501;Mexico;Small City
Bacame Nuevo;3501;Mexico;Small City
La Francia;3503;Argentina;Small City
San Pedro Ixcatlan;3504;Mexico;Small City
Irupi;3505;Brazil;Small City
Animas Trujano;3505;Mexico;Small City
Papanoa;3505;Mexico;Small City
Contratacion;3505;Colombia;Small City
Colonia Lealtad;3507;Mexico;Small City
Chelem;3509;Mexico;Small City
Peras;3511;Mexico;Small City
Ccuntuma;3511;Peru;Small City
San Luis Soyatlan;3512;Mexico;Small City
Tepetzitzintla;3512;Mexico;Small City
Araguaiana;3512;Brazil;Small City
Jardines de San Sebastian;3513;Mexico;Small City
General Vedia;3513;Argentina;Small City
Atongo;3513;Mexico;Small City
San Antonio Portezuelo;3515;Mexico;Small City
Amilcingo;3515;Mexico;Small City
Ahuacuotzingo;3517;Mexico;Small City
Caldono;3517;Colombia;Small City
Telchac Pueblo;3517;Mexico;Small City
Quimistan;3517;Honduras;Small City
Montes Altos;3518;Brazil;Small City
San Pablo Huantepec;3518;Mexico;Small City
Ignacio Zaragoza;3518;Mexico;Small City
San Gabriel Mixtepec;3518;Mexico;Small City
Frontera Hidalgo;3519;Mexico;Small City
Mexticacan;3520;Mexico;Small City
San Nicolas;3522;Honduras;Small City
San Pedro Tlacotepec;3523;Mexico;Small City
Antonio Amaro;3526;Mexico;Small City
Acatlan;3526;Mexico;Small City
Gobernador Juan E. Martinez;3529;Argentina;Small City
Zapotitlan de Vadillo;3530;Mexico;Small City
Nueva Gorgona;3530;Panama;Small City
Sosa;3530;Mexico;Small City
Tlalpujahua de Rayon;3530;Mexico;Small City
Colotlipa;3531;Mexico;Small City
Santiago Michac;3533;Mexico;Small City
Tzintzuntzan;3534;Mexico;Small City
La Dolores;3534;Puerto Rico;Small City
Dehesa;3534;Mexico;Small City
Tibasosa;3535;Colombia;Small City
San Juan Xochiaca;3536;Mexico;Small City
La Gotera;3536;Mexico;Small City
Capiibary;3537;Paraguay;Small City
Los Olvera;3539;Mexico;Small City
Guasca;3540;Colombia;Small City
Intipuca;3540;El Salvador;Small City
Versalles;3542;Colombia;Small City
Ragonvalia;3543;Colombia;Small City
San Jose Tzal;3543;Mexico;Small City
Santa Lucia Ocotlan;3544;Mexico;Small City
Tequesquitengo;3548;Mexico;Small City
San Antonio de las Huertas;3549;Mexico;Small City
Tambaca;3550;Mexico;Small City
Pena Blanca;3552;Honduras;Small City
Luyando;3553;Puerto Rico;Small City
San Pedro Necta;3554;Guatemala;Small City
Minas de Oro;3554;Honduras;Small City
Pueblo Nuevo;3556;Honduras;Small City
San Jose Atlan;3557;Mexico;Small City
Alvaro Obregon;3558;Mexico;Small City
Chililico;3559;Mexico;Small City
Zarcero;3559;Costa Rica;Small City
San Agustin del Pulque;3561;Mexico;Small City
Tlachaloya;3563;Mexico;Small City
Xalostoc;3566;Mexico;Small City
Riacho He-He;3566;Argentina;Small City
Cuautepec;3567;Mexico;Small City
Huitzilan;3567;Mexico;Small City
Benito Juarez;3567;Mexico;Small City
Colonia el Salado;3567;Mexico;Small City
Bomintzha;3568;Mexico;Small City
Lima Pampa;3569;Peru;Small City
Guadalupe;3569;Mexico;Small City
Tuliman;3570;Mexico;Small City
Florida ( Pomacochas);3570;Peru;Small City
Quipama;3571;Colombia;Small City
Los Naranjos;3573;Mexico;Small City
Hatillo Palma;3574;Dominican Republic;Small City
Ihuatzio;3575;Mexico;Small City
Itacurubi de la Cordillera;3576;Paraguay;Small City
Gramalote;3577;Colombia;Small City
Santa Rosa Xajay;3578;Mexico;Small City
San Nicolas Zoyapetlayoca;3579;Mexico;Small City
Santa Ana;3579;Honduras;Small City
Colonia Benitez;3584;Argentina;Small City
Guatacalca;3585;Mexico;Small City
Jutiquile;3585;Honduras;Small City
Colonia Nuevo Mexico;3585;Mexico;Small City
Zacango;3586;Mexico;Small City
Metlatonoc;3586;Mexico;Small City
Mazuko;3586;Peru;Small City
Jayuya;3587;Puerto Rico;Small City
Muelle de los Bueyes;3587;Nicaragua;Small City
San Antonio Palopo;3588;Guatemala;Small City
Perito Moreno;3588;Argentina;Small City
Dulce Nombre;3589;Honduras;Small City
Coqui;3590;Puerto Rico;Small City
Santa Maria Actipac;3592;Mexico;Small City
Cristeros [Fraccionamiento];3592;Mexico;Small City
Cullcuyre;3593;Peru;Small City
Jayobamba;3593;Peru;Small City
Tuxpanguillo;3594;Mexico;Small City
San Alejandro;3594;Peru;Small City
Sultepec;3595;Mexico;Small City
Saloya 2da. Seccion;3595;Mexico;Small City
Valcheta;3596;Argentina;Small City
Santa Rosa;3597;Mexico;Small City
Gualaco;3601;Honduras;Small City
Barrio Cuarto (La Loma);3601;Mexico;Small City
Cerro Verde;3602;Peru;Small City
Moita Bonita;3602;Brazil;Small City
Villa General Mitre;3605;Argentina;Small City
Coto Laurel;3606;Puerto Rico;Small City
San Vicente Coatlan;3606;Mexico;Small City
Hueyapan de Ocampo;3608;Mexico;Small City
Fuente de Oro;3609;Colombia;Small City
Ayotzintepec;3609;Mexico;Small City
Viesca;3610;Mexico;Small City
San Francisco Xochicuautla;3613;Mexico;Small City
Rio Verde Arriba;3613;Dominican Republic;Small City
Chalchocoyo;3614;Mexico;Small City
Santiago Apostol;3616;Mexico;Small City
Los Helechos;3616;Argentina;Small City
Villa URBI del Rey;3616;Mexico;Small City
Lo Arado;3617;Mexico;Small City
Rosamorada;3620;Mexico;Small City
Xochipala;3620;Mexico;Small City
Ixhuatan;3621;Mexico;Small City
Nazas;3622;Mexico;Small City
Santa Rosa (Santa Barbara);3622;Mexico;Small City
Arroyohondo;3622;Colombia;Small City
Limoncito;3622;Bolivia;Small City
San Rafael;3624;Costa Rica;Small City
La Clotilde;3625;Argentina;Small City
Chablekal;3626;Mexico;Small City
San Lucas Amalinalco;3626;Mexico;Small City
Valparaiso;3626;Colombia;Small City
Xocoyucan;3628;Mexico;Small City
San Agustin de las Palmas;3630;Mexico;Small City
Actipan;3631;Mexico;Small City
Santo Domingo;3633;Puerto Rico;Small City
San Juan de Flores;3633;Honduras;Small City
Portsmouth;3633;Dominica;Small City
Kimbila;3633;Mexico;Small City
Santa Maria Ixhuatan;3634;Guatemala;Small City
Speightstown;3634;Barbados;Small City
Sao Joao Batista;3634;Brazil;Small City
Tixtlancingo;3635;Mexico;Small City
Tepetixtla;3636;Mexico;Small City
San Juan Raboso;3637;Mexico;Small City
Santa Maria Mixtequilla;3638;Mexico;Small City
Hatillo de Loba;3639;Colombia;Small City
Sanata Lucia;3639;Mexico;Small City
Angostura;3639;Colombia;Small City
Benito Juarez;3639;Mexico;Small City
Bustamante;3640;Mexico;Small City
Toreo Bajo (El Toreo Bajo);3642;Mexico;Small City
Anahuac;3642;Mexico;Small City
Segui;3646;Argentina;Small City
Huejucar;3647;Mexico;Small City
Icatu;3648;Brazil;Small City
Basail;3652;Argentina;Small City
Caracuaro;3653;Mexico;Small City
Paso Hondo;3654;Mexico;Small City
El Aguilar;3655;Argentina;Small City
Ejido Nuevo Leon;3655;Mexico;Small City
San Isidro Mazatepec;3655;Mexico;Small City
El Paraiso;3656;Mexico;Small City
Colonia 2 de Septiembre;3656;Mexico;Small City
San Pablo Etla;3658;Mexico;Small City
San Martin Sacatepequez;3658;Guatemala;Small City
Fraccionamiento Costa Dorada;3660;Mexico;Small City
Puerto Rosario de Laberinto;3660;Peru;Small City
Santiago Puriatzicuaro;3660;Mexico;Small City
San Miguel Ixtahuacan;3662;Guatemala;Small City
Cuisillos;3663;Mexico;Small City
Laguna de Guadalupe;3667;Mexico;Small City
San Pablo;3667;Mexico;Small City
Xalpatlahuac;3668;Mexico;Small City
Riachuelo;3668;Argentina;Small City
Salitral de Carrera;3669;Mexico;Small City
Alto del Espino;3672;Panama;Small City
San Pedro Tenango;3674;Mexico;Small City
Sandia;3675;Peru;Small City
Parera;3675;Argentina;Small City
San Lorenzo Tlacoyucan;3676;Mexico;Small City
Atengo;3677;Mexico;Small City
Paulista;3677;Brazil;Small City
Moyotepec;3677;Mexico;Small City
Pedraza;3677;Colombia;Small City
Palacaguina;3678;Nicaragua;Small City
Colbun;3679;Chile;Small City
Langue;3679;Honduras;Small City
Ocampo;3679;Mexico;Small City
C-41 (Licenciado Carlos A. Madrazo);3680;Mexico;Small City
San Miguel Jaltocan;3681;Mexico;Small City
La Union;3682;Guatemala;Small City
Chiquilistlan;3683;Mexico;Small City
La Concepcion;3684;Mexico;Small City
Emiliano Zapata;3687;Mexico;Small City
Unidad Habitacional Jose Maria Morelos y Pavon;3688;Mexico;Small City
Coacuilco;3689;Mexico;Small City
Samaca;3689;Colombia;Small City
Corerepe;3689;Mexico;Small City
Abasolo del Valle;3691;Mexico;Small City
Yavaros;3692;Mexico;Small City
San Luis Ayucan;3693;Mexico;Small City
Thomonde;3696;Haiti;Small City
Vichadero;3698;Uruguay;Small City
Lazaro Cardenas;3699;Mexico;Small City
Rancul;3699;Argentina;Small City
Lopez;3699;Colombia;Small City
San Juan Cotzocon;3700;Mexico;Small City
Carianos;3700;Brazil;Small City
San Antonio;3700;Argentina;Small City
Palmar Arriba;3700;Dominican Republic;Small City
Huatajata;3700;Bolivia;Small City
Tinajas;3705;Mexico;Small City
Forjadores de Pachuca;3706;Mexico;Small City
Villanueva;3707;Colombia;Small City
San Juan del Surutu;3707;Bolivia;Small City
Hacienda San Pedro;3707;Mexico;Small City
Ixtahuacan;3708;Guatemala;Small City
San Agustin Etla;3708;Mexico;Small City
Marangani;3709;Peru;Small City
Dona Ines;3709;Brazil;Small City
San Agustin Yatareni;3709;Mexico;Small City
Primero de Mayo;3710;Mexico;Small City
Ahuatitla;3710;Mexico;Small City
Hondo Valle;3713;Dominican Republic;Small City
Florencio Sanchez;3716;Uruguay;Small City
Pueblo Hidalgo;3716;Mexico;Small City
Cockburn Town;3720;Turks and Caicos Islands;Small City
Alumine;3720;Argentina;Small City
Sacalum;3721;Mexico;Small City
Cuzama;3721;Mexico;Small City
Yoshib;3722;Mexico;Small City
Huancito;3722;Mexico;Small City
Ometepec;3724;Mexico;Small City
Puerto Rondon;3724;Colombia;Small City
Badiraguato;3725;Mexico;Small City
Plutarco Elias Calles (La Y Griega);3725;Mexico;Small City
San Esteban (San Miguel Tateposco);3726;Mexico;Small City
Paso de Cuarenta;3727;Mexico;Small City
Santa Rosa;3727;Uruguay;Small City
Los Algarrobos Arriba;3727;Panama;Small City
Santiago Chimalpa (Chimalpa);3727;Mexico;Small City
Ixil;3728;Mexico;Small City
San Juan del Llanito;3729;Mexico;Small City
Ceballos;3730;Mexico;Small City
San Jose de Llanos;3732;Mexico;Small City
Bonito Oriental;3732;Honduras;Small City
Villa de la Paz;3734;Mexico;Small City
Parrita;3734;Costa Rica;Small City
Tabara Arriba;3736;Dominican Republic;Small City
Emilio Portes Gil;3737;Mexico;Small City
Gancedo;3737;Argentina;Small City
Huangala;3739;Peru;Small City
Cerro La Calera;3740;Mexico;Small City
Las Norias de Ojocaliente;3741;Mexico;Small City
Pueblo Nuevo;3741;Mexico;Small City
Tahdziu;3742;Mexico;Small City
Ramirez;3743;Mexico;Small City
Catrilo;3743;Argentina;Small City
El Saucillo (Fraccionamiento);3743;Mexico;Small City
Genova;3744;Guatemala;Small City
High Rock;3744;Bahamas;Small City
Tasquillo;3744;Mexico;Small City
Calamar;3745;Colombia;Small City
Santiago Coachochitlan;3746;Mexico;Small City
Cavalcante;3747;Brazil;Small City
Santa Maria Apaxco;3747;Mexico;Small City
Nurio;3749;Mexico;Small City
Boavita;3749;Colombia;Small City
Coloso;3749;Colombia;Small City
Benito Juarez;3751;Mexico;Small City
Manzana Tercera de Santa Cruz Tepexpan;3753;Mexico;Small City
San Pedro Lagunillas;3753;Mexico;Small City
Agua Buena;3753;Mexico;Small City
Santa Maria Texmelucan;3754;Mexico;Small City
Huautla;3755;Mexico;Small City
Barrio Santa Cruz;3757;Mexico;Small City
Anage;3758;Brazil;Small City
Limoncarro;3758;Peru;Small City
Palomares;3760;Mexico;Small City
Xaltepuxtla;3761;Mexico;Small City
Hostotipaquillo;3762;Mexico;Small City
Santo Domingo Keste;3763;Mexico;Small City
Mezcala;3763;Mexico;Small City
Vistas del Maguey [Fraccionamiento];3765;Mexico;Small City
San Diego Alcala;3766;Mexico;Small City
Pinalejo;3767;Honduras;Small City
Sihuapan;3767;Mexico;Small City
Nuevo Ixcatlan;3770;Mexico;Small City
San Lucas Totolmaloya;3770;Mexico;Small City
Paste;3771;Mexico;Small City
El Cambio;3773;Mexico;Small City
San Bartolome Cuahuixmatlac;3774;Mexico;Small City
Teuchitlan;3774;Mexico;Small City
Colinas del Aeropuerto;3774;Mexico;Small City
Mangas;3776;Mexico;Small City
General Felipe Angeles (Los Angeles);3776;Mexico;Small City
Inriville;3778;Argentina;Small City
Saquisili;3778;Ecuador;Small City
Ixtapa;3779;Mexico;Small City
Omealca;3780;Mexico;Small City
San Bartolome Aguas Calientes;3781;Mexico;Small City
El Maiten;3782;Argentina;Small City
Cordoba;3784;Colombia;Small City
Sucila;3785;Mexico;Small City
Chaparrosa;3785;Mexico;Small City
Praxedis Guerrero;3787;Mexico;Small City
La Palma;3787;Mexico;Small City
Zoquite;3788;Mexico;Small City
Etruria;3788;Argentina;Small City
Minas de Corrales;3788;Uruguay;Small City
San Juan Tepecoculco;3790;Mexico;Small City
La Purificacion;3790;Mexico;Small City
Madrid;3790;Mexico;Small City
Capitanejo;3791;Colombia;Small City
Tungasuca;3791;Peru;Small City
Matlapa;3792;Mexico;Small City
Sansare;3792;Guatemala;Small City
La Concha;3794;Mexico;Small City
Mahuixtlan;3794;Mexico;Small City
Santo Domingo;3796;Mexico;Small City
Juru;3796;Brazil;Small City
Neutla;3797;Mexico;Small City
Chalchihuites;3799;Mexico;Small City
Ocampo;3799;Mexico;Small City
La Joya;3800;Mexico;Small City
Betania;3800;Colombia;Small City
Mosoc Llacta;3802;Peru;Small City
Totutla;3802;Mexico;Small City
Ferrier;3804;Haiti;Small City
Colonia Lomas de San Ramon (Triquis);3805;Mexico;Small City
El Cedro;3805;Mexico;Small City
Shipyard;3805;Belize;Small City
La Providencia;3806;Mexico;Small City
Chiapilla;3809;Mexico;Small City
San Isidro Miranda;3810;Mexico;Small City
Checca;3810;Peru;Small City
Limonade;3810;Haiti;Small City
Vergara;3810;Uruguay;Small City
Pampamarca;3811;Peru;Small City
Guadalupe Cachi;3812;Mexico;Small City
La Mendieta;3812;Argentina;Small City
Puerres;3812;Colombia;Small City
Naranjito;3813;Honduras;Small City
Estacion Juanita;3813;Mexico;Small City
San Pedro Mixtepec;3816;Mexico;Small City
La Eduvigis;3816;Argentina;Small City
Tireo Arriba;3816;Dominican Republic;Small City
Port-a-Piment;3819;Haiti;Small City
Potala Pastillo;3819;Puerto Rico;Small City
Pimenteiras;3819;Brazil;Small City
San Juan de Rio Coco;3820;Nicaragua;Small City
Santiago Maravatio;3820;Mexico;Small City
Aljojuca;3821;Mexico;Small City
Melchor Ocampo;3821;Mexico;Small City
General Enrique Godoy;3823;Argentina;Small City
Atlzayanca;3826;Mexico;Small City
Puerto Esmeralda;3826;Mexico;Small City
Villa Victoria;3827;Mexico;Small City
Magdalena Tequisistlan;3829;Mexico;Small City
La Trinidad;3832;Mexico;Small City
Estero del Idolo;3833;Mexico;Small City
Ayoquezco de Aldama;3833;Mexico;Small City
Lejamani;3835;Honduras;Small City
La Union del Cuatro;3841;Mexico;Small City
Colonia Alvaro Obregon;3843;Mexico;Small City
Villa Rosario;3843;Panama;Small City
Montenegro;3844;Mexico;Small City
Huazulco;3847;Mexico;Small City
Puerto Cortes;3850;Costa Rica;Small City
La Merced;3851;Colombia;Small City
Mulege;3851;Mexico;Small City
Quemu Quemu;3851;Argentina;Small City
Santiago Oxtotitlan;3853;Mexico;Small City
Ccolo;3857;Peru;Small City
Santa Cruz Xitla;3857;Mexico;Small City
Maria Lombardo de Caso;3857;Mexico;Small City
Lazaro Cardenas (Rancho Grande);3857;Mexico;Small City
Tenjo;3858;Colombia;Small City
Jumiltepec;3859;Mexico;Small City
San Miguel Quetzaltepec;3860;Mexico;Small City
Coleyville;3860;Jamaica;Small City
Santiago Tepatlaxco;3864;Mexico;Small City
Coeneo de la Libertad;3865;Mexico;Small City
Pepillo Salcedo;3866;Dominican Republic;Small City
Pena Flores (Palo Verde);3867;Mexico;Small City
Tintina;3868;Argentina;Small City
Villa Guerrero;3869;Mexico;Small City
Triunfo;3871;Brazil;Small City
La Solana;3871;Mexico;Small City
Chitaga;3871;Colombia;Small City
Jilotepec;3871;Mexico;Small City
Tlalnepantla;3872;Mexico;Small City
Timucuy;3872;Mexico;Small City
Zambrano;3873;Honduras;Small City
Alpoyeca;3874;Mexico;Small City
San Marcos Contla;3875;Mexico;Small City
Zinacantan;3876;Mexico;Small City
Bajadero;3877;Puerto Rico;Small City
Felipe Carrillo Puerto;3877;Mexico;Small City
Santa Clara de Juarez;3878;Mexico;Small City
Pochuta;3879;Guatemala;Small City
Mariano Escobedo;3880;Mexico;Small City
Arcila;3881;Mexico;Small City
Perseverancia;3883;Mexico;Small City
Ichan;3883;Mexico;Small City
Santa Maria Malacatepec;3885;Mexico;Small City
Libertad;3885;Mexico;Small City
Itacurubi del Rosario;3887;Paraguay;Small City
San Juan de las Manzanas;3887;Mexico;Small City
General Enrique Estrada;3887;Mexico;Small City
Villa Isabela;3887;Dominican Republic;Small City
San Pedro Zacachimalpa;3889;Mexico;Small City
San Antonio;3890;Mexico;Small City
Coyaima;3893;Colombia;Small City
Ures;3894;Mexico;Small City
Delfino Victoria (Santa Fe);3896;Mexico;Small City
Santa Cruz Aquiahuac;3896;Mexico;Small City
Bejuco;3897;Panama;Small City
Guayabo Dulce;3897;Dominican Republic;Small City
Tequila;3897;Mexico;Small City
Ticuman;3897;Mexico;Small City
Huitzitzilingo;3898;Mexico;Small City
San Fernando;3899;Nicaragua;Small City
Marilandia;3900;Brazil;Small City
Roque;3900;Mexico;Small City
Santa Cruz;3902;Mexico;Small City
Diria;3903;Nicaragua;Small City
Soyatitan;3904;Mexico;Small City
Chimpay;3905;Argentina;Small City
Arani;3906;Bolivia;Small City
Yali;3908;Colombia;Small City
Cuicatlan;3908;Mexico;Small City
Motzorongo;3909;Mexico;Small City
Los Reyes;3910;Mexico;Small City
Caleria;3910;Mexico;Small City
San Dionisio;3910;Nicaragua;Small City
Toribio;3911;Colombia;Small City
Chignayhua;3912;Peru;Small City
Yanaoca;3913;Peru;Small City
Azumbilla;3914;Mexico;Small City
Hercules;3914;Mexico;Small City
Fram;3916;Paraguay;Small City
Pantla;3917;Mexico;Small City
C-32 (Licenciado Francisco Trujillo Gurria);3917;Mexico;Small City
Teruel;3921;Colombia;Small City
Colomi;3921;Bolivia;Small City
Real Hacienda (Metropolis);3921;Mexico;Small City
Jomulco;3922;Mexico;Small City
Santa Maria del Monte;3922;Mexico;Small City
San Marcos;3923;Honduras;Small City
General Bravo;3927;Mexico;Small City
La Trinidad Chautenco;3927;Mexico;Small City
La Palmilla;3927;Mexico;Small City
Jamapa;3928;Mexico;Small City
Molango;3929;Mexico;Small City
Cloete;3930;Mexico;Small City
Chardonniere;3930;Haiti;Small City
Cambridge;3930;Jamaica;Small City
Las Huertas;3931;Mexico;Small City
Paracuaro;3932;Mexico;Small City
Puyehue;3932;Chile;Small City
Campamento Colquiri;3933;Bolivia;Small City
Los Altos;3934;Mexico;Small City
Metlaltoyuca;3934;Mexico;Small City
Cahuanuyo;3935;Peru;Small City
Belen de los Andaquies;3937;Colombia;Small City
Monte Escobedo;3937;Mexico;Small City
Teocuitatlan de Corona;3938;Mexico;Small City
Ocu;3939;Panama;Small City
La Perla;3939;Mexico;Small City
Tetiz;3939;Mexico;Small City
Moyogalpa;3940;Nicaragua;Small City
Pueblo Nuevo;3940;Mexico;Small City
Grand-Santi;3941;French Guiana;Small City
San Pedro Comitancillo;3941;Mexico;Small City
El Burrion;3942;Mexico;Small City
San Sebastian;3942;Mexico;Small City
Nejapa;3944;Mexico;Small City
Loma Larga;3945;Mexico;Small City
Cuesta Blanca;3946;Mexico;Small City
Toca;3946;Colombia;Small City
Amatan;3947;Mexico;Small City
Pozo del Tigre;3948;Argentina;Small City
La Escondida;3948;Argentina;Small City
San Buenaventura;3949;Mexico;Small City
Victoria de Cortazar;3950;Mexico;Small City
Cabaret;3951;Haiti;Small City
Zacate Colorado;3952;Mexico;Small City
San Jacinto;3954;Uruguay;Small City
Villa Madero;3954;Mexico;Small City
San Francisco;3954;Guatemala;Small City
San Juan Amecac;3956;Mexico;Small City
Sumidero;3959;Mexico;Small City
Caban;3959;Puerto Rico;Small City
Oiba;3959;Colombia;Small City
Reyes Mantecon;3962;Mexico;Small City
Chiquilistlan;3962;Mexico;Small City
Soledad Atzompa;3964;Mexico;Small City
Yago;3965;Mexico;Small City
Bernal;3965;Mexico;Small City
Naco;3966;Honduras;Small City
Puerto;3966;Chile;Small City
Golfo de Santa Clara;3967;Mexico;Small City
Charapan;3968;Mexico;Small City
Langui;3969;Peru;Small City
San Lorenzo;3971;Mexico;Small City
Pueblo Libertador;3973;Argentina;Small City
San Felipe Teotitlan;3974;Mexico;Small City
Ixcatepec;3975;Mexico;Small City
Bolonchen de Rejon;3975;Mexico;Small City
Conchopata;3977;Peru;Small City
San Agustin Mimbres;3977;Mexico;Small City
Layo;3978;Peru;Small City
Hidalgotitlan;3980;Mexico;Small City
San Vito;3981;Costa Rica;Small City
San Bartolo Coyotespec;3981;Mexico;Small City
Tesalia;3981;Colombia;Small City
San Jose;3982;Panama;Small City
El Angel;3983;Ecuador;Small City
Xpujil;3984;Mexico;Small City
San Jose de Colinas;3985;Honduras;Small City
Albina;3985;Suriname;Small City
Villachuato;3986;Mexico;Small City
Independencia;3987;Peru;Small City
Villa Paranacito;3988;Argentina;Small City
Hueypoxtla;3989;Mexico;Small City
Ayahualulco;3994;Mexico;Small City
Colonia Revolucion;3995;Mexico;Small City
Maximo Serdan;3998;Mexico;Small City
San Antonio de los Cobres;4000;Argentina;Small City
Villa General Guemes;4000;Argentina;Small City
Pirayu;4000;Paraguay;Small City
Transfiguracion;4002;Mexico;Small City
El Coecillo;4002;Mexico;Small City
Rio Florido;4005;Mexico;Small City
Tlacojalpan;4006;Mexico;Small City
Acuitlapan;4006;Mexico;Small City
Valle de Juarez;4006;Mexico;Small City
Nextipac;4008;Mexico;Small City
La Partida;4010;Mexico;Small City
Nicolas Bravo;4011;Mexico;Small City
El Salto de Eyipantla;4011;Mexico;Small City
Matias Olimpio;4012;Brazil;Small City
Los Reyes;4012;Mexico;Small City
Jorochito;4013;Bolivia;Small City
Imaculada;4014;Brazil;Small City
Santa Rita de Siguas;4014;Peru;Small City
Independence and Mango Creek;4014;Belize;Small City
Soyalo;4014;Mexico;Small City
Guachucal;4014;Colombia;Small City
Huamancaca Chico;4019;Peru;Small City
Iztapa;4020;Guatemala;Small City
Oropesa;4022;Peru;Small City
La Masica;4022;Honduras;Small City
Alianza Real;4022;Mexico;Small City
Jesus Carranza;4023;Mexico;Small City
Santa Maria Nenetzintla;4024;Mexico;Small City
Villas de la Laguna;4024;Mexico;Small City
Coroneo;4024;Mexico;Small City
La Cantera;4024;Mexico;Small City
Tlancualpican;4024;Mexico;Small City
La Canela;4026;Dominican Republic;Small City
Acaxochitlan;4026;Mexico;Small City
Campestre Flamboyanes;4027;Mexico;Small City
Tafi del Valle;4028;Argentina;Small City
Mayorazgo de Leon;4030;Mexico;Small City
Joquicingo;4033;Mexico;Small City
San Francisco del Mar Viejo;4033;Mexico;Small City
Basse-Pointe;4037;Martinique;Small City
Villa Basilio Nievas;4038;Argentina;Small City
San Mateo Texcalyacac;4038;Mexico;Small City
Aguada;4040;Puerto Rico;Small City
Sahuaripa;4041;Mexico;Small City
San Juan Evangelista;4044;Mexico;Small City
Potrero Grande;4044;Panama;Small City
La Loma;4045;Mexico;Small City
Soyataco;4046;Mexico;Small City
Callanca;4046;Peru;Small City
Lago Puelo;4046;Argentina;Small City
Agostitlan;4048;Mexico;Small City
Paliannunas;4049;Peru;Small City
Agua Verde;4053;Mexico;Small City
Los Botados;4054;Dominican Republic;Small City
San Buenaventura Tecaltzingo;4055;Mexico;Small City
Estanislao del Campo;4055;Argentina;Small City
Zumpahuacan;4056;Mexico;Small City
Vito;4056;Mexico;Small City
Huepetuhe;4056;Peru;Small City
Paracuaro;4058;Mexico;Small City
Nueva Esperanza;4059;Mexico;Small City
Santa Magdalena;4059;Argentina;Small City
Chichinales;4060;Argentina;Small City
Itarana;4060;Brazil;Small City
Tobosi;4060;Costa Rica;Small City
Santa Clara;4061;Mexico;Small City
La Galarza;4063;Mexico;Small City
Cordoba;4063;Colombia;Small City
Pegueros;4063;Mexico;Small City
Cevicos;4064;Dominican Republic;Small City
Manoel Urbano;4065;Brazil;Small City
Chaiten;4065;Chile;Small City
Tlalchapa;4067;Mexico;Small City
Brus Laguna;4067;Honduras;Small City
Katuete;4070;Paraguay;Small City
Vijes;4070;Colombia;Small City
Axotlan;4071;Mexico;Small City
San Francisco Tepeyecac;4072;Mexico;Small City
General Artigas;4073;Paraguay;Small City
Singuilucan;4076;Mexico;Small City
Papalotla;4076;Mexico;Small City
Buena Vista;4077;Panama;Small City
Santa Maria del Llano;4078;Mexico;Small City
Chicxulub Pueblo;4080;Mexico;Small City
Parika;4081;Guyana;Small City
Apulo;4084;Colombia;Small City
Riversdale;4085;Jamaica;Small City
Jaco;4085;Costa Rica;Small City
Subachoque;4088;Colombia;Small City
Gacheta;4088;Colombia;Small City
El Penon;4088;Dominican Republic;Small City
Pie de Gallo;4089;Mexico;Small City
Colonias Unidas;4093;Argentina;Small City
Cabarete;4094;Dominican Republic;Small City
Puerto Guzman;4094;Colombia;Small City
El Sabino;4095;Mexico;Small City
San Cristobal Amatlan;4097;Mexico;Small City
Rafael Lucio;4097;Mexico;Small City
Ccaquiracunca;4098;Peru;Small City
Calipan;4099;Mexico;Small City
Oracabessa;4100;Jamaica;Small City
Calvario del Carmen;4101;Mexico;Small City
Actopan;4102;Mexico;Small City
Ahuatempan;4105;Mexico;Small City
Suchil;4107;Mexico;Small City
Bagaces;4108;Costa Rica;Small City
Limoeiro do Ajuru;4109;Brazil;Small City
San Jose del Progreso;4110;Mexico;Small City
Buenavista;4115;Mexico;Small City
Ita Ibate;4115;Argentina;Small City
San Marcos Nepantla;4116;Mexico;Small City
San Gabriel;4118;Guatemala;Small City
Arcahaie;4119;Haiti;Small City
Tepojaco;4119;Mexico;Small City
Pujocucho;4120;Peru;Small City
Santiago Yaitepec;4120;Mexico;Small City
Portelandia;4120;Brazil;Small City
Cucuyulapa Primera Seccion;4120;Mexico;Small City
Morelos Canada;4121;Mexico;Small City
Matanzas;4124;Dominican Republic;Small City
El Chote;4124;Mexico;Small City
Saint-Pierre;4125;Martinique;Small City
Huiloapan de Cuauhtemoc;4125;Mexico;Small City
Quezaltepeque;4126;Guatemala;Small City
Hocaba;4127;Mexico;Small City
Atlacholoaya;4131;Mexico;Small City
Monte Verde;4132;Brazil;Small City
Chacaltianguis;4133;Mexico;Small City
Pore;4133;Colombia;Small City
Santo Tomas;4134;Peru;Small City
Salento;4135;Colombia;Small City
Gonzales Ortega;4137;Mexico;Small City
Santa Maria del Valle;4142;Mexico;Small City
Santa Isabel do Rio Negro;4142;Brazil;Small City
Jiquilillo;4142;Nicaragua;Small City
Hidalgo;4143;Mexico;Small City
Chapulhuacan;4143;Mexico;Small City
Wageningen;4145;Suriname;Small City
Mani;4146;Mexico;Small City
San Andres Huaxpaltepec;4146;Mexico;Small City
Calnali;4147;Mexico;Small City
Cuto del Porvenir;4147;Mexico;Small City
Llera de Canales;4148;Mexico;Small City
Barichara;4149;Colombia;Small City
General Galarza;4150;Argentina;Small City
Xochistlahuaca;4152;Mexico;Small City
Plaisance;4152;Haiti;Small City
La Rinconoda;4155;Mexico;Small City
Villahermosa;4155;Colombia;Small City
Las Compuertas;4156;Mexico;Small City
Santa Ana Tzacuala;4156;Mexico;Small City
Coxquihui;4160;Mexico;Small City
Los Algarrobos;4160;Panama;Small City
Albania;4160;Colombia;Small City
Anchovy;4161;Jamaica;Small City
San Antonio Atotonilco;4162;Mexico;Small City
Bolivar;4165;Colombia;Small City
Las Margaritas;4165;Panama;Small City
Benito Juarez;4167;Mexico;Small City
San Pedro Xalpa;4168;Mexico;Small City
Chichimequillas;4169;Mexico;Small City
Ozatlan;4171;El Salvador;Small City
Puerto Caimito;4174;Panama;Small City
Tras Cerros;4174;Honduras;Small City
Aldama;4175;Mexico;Small City
Comandante Luis Piedrabuena;4176;Argentina;Small City
Popola;4176;Mexico;Small City
Santa Teresa;4178;Mexico;Small City
San Carlos;4180;Bolivia;Small City
Tabio;4180;Colombia;Small City
Mulungu;4181;Brazil;Small City
La Griega;4181;Mexico;Small City
San Miguelito;4181;Nicaragua;Small City
2da. Seccion de Medio Monte;4182;Mexico;Small City
Jesus del Monte;4182;Mexico;Small City
La Jutosa;4183;Honduras;Small City
Contepec;4184;Mexico;Small City
San Luis;4184;Colombia;Small City
Valle de Allende;4185;Mexico;Small City
Upala;4185;Costa Rica;Small City
Santa Ana Amatlan;4189;Mexico;Small City
San Cristobal Totonicapan;4191;Guatemala;Small City
Pueblo Viejo;4192;Dominican Republic;Small City
Brisenas de Matamoros;4193;Mexico;Small City
Carmen del Parana;4196;Paraguay;Small City
Orcotuna;4199;Peru;Small City
Empalme Olmos;4199;Uruguay;Small City
Santa Maria la Asuncion;4200;Mexico;Small City
Mahdia;4200;Guyana;Small City
Yauhquemehcan;4204;Mexico;Small City
Mendiolaza;4204;Argentina;Small City
San Antonio Cardenas;4206;Mexico;Small City
Teupasenti;4207;Honduras;Small City
Japoata;4207;Brazil;Small City
Jalcocotan;4207;Mexico;Small City
Teltipan de Juarez;4207;Mexico;Small City
San Miguel Tenextatiloyan;4209;Mexico;Small City
Castanuelas;4209;Dominican Republic;Small City
Azoyu;4211;Mexico;Small City
Pueblo Nuevo Vinas;4211;Guatemala;Small City
Buenavista;4212;Mexico;Small City
Santa Maria de Guadalupe;4213;Mexico;Small City
Los Angeles;4217;Mexico;Small City
Tetlatlahuca;4218;Mexico;Small City
Chuquitira;4220;Peru;Small City
Ozuluama de Mascarenas;4225;Mexico;Small City
Santiago Tezontlale;4226;Mexico;Small City
Pilate;4227;Haiti;Small City
Bacum;4227;Mexico;Small City
Black River;4229;Jamaica;Small City
La Trinidad;4230;Mexico;Small City
Tetela de Ocampo;4234;Mexico;Small City
San Luis San Pedro;4236;Mexico;Small City
San Juan Cacahuatepec;4236;Mexico;Small City
Cochoapa;4237;Mexico;Small City
Bajio de San Jose;4238;Mexico;Small City
Camuy;4240;Puerto Rico;Small City
La Presa;4241;Mexico;Small City
El Jicaro;4242;Guatemala;Small City
Las Garcitas;4244;Argentina;Small City
Lidice;4245;Panama;Small City
Guacheta;4245;Colombia;Small City
Isla Verde;4245;Argentina;Small City
Tetelco;4246;Mexico;Small City
Patillas;4247;Puerto Rico;Small City
Tacopan;4248;Mexico;Small City
Villa Jimenez;4249;Mexico;Small City
El Oro;4249;Mexico;Small City
Dos Rios;4249;Mexico;Small City
San Juan Tuxtepec;4251;Mexico;Small City
Teacapan;4252;Mexico;Small City
Xalpatlahuac;4255;Mexico;Small City
San Marcos;4255;Costa Rica;Small City
Jayune;4256;Peru;Small City
Carrillos;4258;Costa Rica;Small City
Komchen;4259;Mexico;Small City
Cazones de Herrera;4260;Mexico;Small City
Cachipay;4260;Colombia;Small City
Buenos Aires;4260;Mexico;Small City
Santa Apolonia Teacalco;4261;Mexico;Small City
Palmeirais;4262;Brazil;Small City
Loma Pelada;4262;Mexico;Small City
Argelia;4262;Colombia;Small City
Bamboo;4264;Jamaica;Small City
Salgado de Sao Felix;4266;Brazil;Small City
Zongozotla;4266;Mexico;Small City
Tecoanapa;4268;Mexico;Small City
Nunoa;4271;Peru;Small City
La Fuente;4272;Mexico;Small City
Paraiso das Aguas;4273;Brazil;Small City
Trinidad;4276;Honduras;Small City
Nicolas Ruiz;4277;Mexico;Small City
San Pedro del Rosal;4277;Mexico;Small City
Aquiles Serdan;4277;Mexico;Small City
Cereso del Hongo;4278;Mexico;Small City
Choachi;4281;Colombia;Small City
Buena Vista;4282;Bolivia;Small City
Vistahermosa;4282;Colombia;Small City
Conejos;4284;Mexico;Small City
San Juan Guichicovi;4284;Mexico;Small City
Teustepe;4287;Nicaragua;Small City
Soyaniquilpan;4287;Mexico;Small City
Borgne;4288;Haiti;Small City
Ejido Venustiano Carranza;4288;Mexico;Small City
San Pedro Atlapulco;4288;Mexico;Small City
San Antonio;4290;Argentina;Small City
San Pedro las Playas;4292;Mexico;Small City
El Progreso;4292;Panama;Small City
Quijingue;4293;Brazil;Small City
Cansahcab;4293;Mexico;Small City
Tatoxcac;4297;Mexico;Small City
Magdalena Teitipac;4297;Mexico;Small City
Castillo de Teayo;4297;Mexico;Small City
Jocoro;4298;El Salvador;Small City
Mairana;4298;Bolivia;Small City
La D;4298;Mexico;Small City
Huayna Alcalde;4298;Peru;Small City
Cascas;4299;Peru;Small City
Placencia;4300;Belize;Small City
San Pablo Gueila;4303;Mexico;Small City
Tablazo Norte;4303;Peru;Small City
Colonia los Angeles;4309;Mexico;Small City
Veinte de Noviembre;4309;Mexico;Small City
Culiacancito;4309;Mexico;Small City
Cocula;4310;Mexico;Small City
Loiza;4311;Puerto Rico;Small City
Nueva Ciudad Guerrero;4312;Mexico;Small City
General Lazaro Cardenas (El Colorado);4315;Mexico;Small City
Pabellon de Hidalgo;4316;Mexico;Small City
Jicaltepec Cuexcontitlan;4318;Mexico;Small City
San Jose de Bacum;4318;Mexico;Small City
San Miguel Totolapan;4319;Mexico;Small City
La Cruz;4319;Costa Rica;Small City
San Rafael Pie de la Cuesta;4320;Guatemala;Small City
Santa Lucia;4320;Peru;Small City
Castro Barros;4322;Argentina;Small City
Loncopue;4323;Argentina;Small City
Barra de Navidad;4324;Mexico;Small City
Vieques;4325;Puerto Rico;Small City
Tamasopo;4326;Mexico;Small City
Moctezuma;4326;Mexico;Small City
Tajumulco;4329;Guatemala;Small City
Molino Abajo;4330;Mexico;Small City
Simoes;4332;Brazil;Small City
Pucara;4335;Peru;Small City
Villas de la Loma;4336;Mexico;Small City
San Bernabe Temoxtitla;4338;Mexico;Small City
Buenavista;4339;Colombia;Small City
San Bartolome Xicomulco;4340;Mexico;Small City
Mucurapo;4342;Trinidad and Tobago;Small City
Nadadores;4343;Mexico;Small City
San Andres Huayapam;4344;Mexico;Small City
Apango;4345;Mexico;Small City
San Cayetano;4345;Mexico;Small City
Lomitas;4347;Mexico;Small City
Tomatlan;4348;Mexico;Small City
Franco;4349;Mexico;Small City
San Francisco;4350;Colombia;Small City
San Felipe del Progreso;4350;Mexico;Small City
Orosi;4350;Costa Rica;Small City
Zozutla;4351;Mexico;Small City
Barao de Melgaco;4353;Brazil;Small City
Buaysiacobe;4356;Mexico;Small City
Teotitlan del Valle;4357;Mexico;Small City
San Gabriel;4358;Mexico;Small City
Jatun Orcochiri;4358;Peru;Small City
Tlacoachistlahuaca;4359;Mexico;Small City
Saquena;4362;Peru;Small City
San Vicente;4362;Mexico;Small City
Ahuatepec;4366;Mexico;Small City
Guatica;4368;Colombia;Small City
Kimbiri;4369;Peru;Small City
El Rosario;4370;Mexico;Small City
San Ildefonso;4371;Mexico;Small City
San Miguel Hila;4373;Mexico;Small City
San Juan Yautepec;4374;Mexico;Small City
Santiago Etla;4374;Mexico;Small City
La Moncada;4377;Mexico;Small City
San Gregorio Atzompa;4378;Mexico;Small City
Lo de Juarez;4378;Mexico;Small City
San Rafael Ixtapalucan;4379;Mexico;Small City
San Mateo Mozoquilpan;4381;Mexico;Small City
General Cepeda;4382;Mexico;Small City
La Asuncion;4383;Costa Rica;Small City
La Paloma del Espiritu Santo;4383;Paraguay;Small City
San Francisco de Laishi;4384;Argentina;Small City
Iberia;4386;Peru;Small City
Maraa;4387;Brazil;Small City
San Ramon;4389;Bolivia;Small City
Panuaya;4392;Mexico;Small City
Luperon;4393;Dominican Republic;Small City
Pampa de los Guanacos;4393;Argentina;Small City
Tomar do Geru;4394;Brazil;Small City
Tlacote el Bajo;4396;Mexico;Small City
Toledo;4397;Uruguay;Small City
Xalacapan de Lucke;4398;Mexico;Small City
Bojaca;4399;Colombia;Small City
El Zapote;4401;Mexico;Small City
Loma Alta;4402;Mexico;Small City
Santiago Tolman;4402;Mexico;Small City
Baraya;4402;Colombia;Small City
Dibulla;4402;Colombia;Small City
Tres Picos;4403;Mexico;Small City
Huari;4406;Peru;Small City
Vizcachane;4407;Peru;Small City
Santa Isabel Ixtapan;4407;Mexico;Small City
El Salitre;4408;Mexico;Small City
Hasenkamp;4413;Argentina;Small City
Jacala;4415;Mexico;Small City
Ocos;4417;Guatemala;Small City
San Martin Zapotitlan;4419;Guatemala;Small City
Jerez;4421;Guatemala;Small City
Pueblo Nuevo;4422;Mexico;Small City
San Ildefonso;4423;Mexico;Small City
Graciano Sanchez;4426;Mexico;Small City
Jitotol;4427;Mexico;Small City
La Union;4427;Colombia;Small City
Marienburg;4427;Suriname;Small City
San Cosme;4429;Argentina;Small City
Acuexcomac;4432;Mexico;Small City
Celada;4435;Puerto Rico;Small City
Alto Longa;4435;Brazil;Small City
Tenango;4436;Mexico;Small City
Santa Isabel Xiloxoxtla;4436;Mexico;Small City
Anse Rouge;4437;Haiti;Small City
Paucartambo;4438;Peru;Small City
San Jorge Tezoquipan;4438;Mexico;Small City
Tiradentes;4439;Brazil;Small City
San Cristobal;4439;Mexico;Small City
Los Rios;4440;Dominican Republic;Small City
La Piedad;4441;Mexico;Small City
Hobo;4444;Colombia;Small City
Arizona;4444;Honduras;Small City
Comarapa;4445;Bolivia;Small City
Huarichancara;4445;Peru;Small City
Acari;4445;Peru;Small City
Machupicchu;4446;Peru;Small City
San Jose Vista Hermosa;4447;Mexico;Small City
Suchitlan;4450;Mexico;Small City
Zumpahuacan;4450;Mexico;Small City
Mosoc Cancha;4450;Peru;Small City
Acevedo;4451;Colombia;Small City
Pomabamba;4453;Peru;Small City
Xometla;4454;Mexico;Small City
Santa Cruz Quilehtla;4455;Mexico;Small City
Santa Rosa de Yacuma;4459;Bolivia;Small City
San Pedro Huaquilpan;4459;Mexico;Small City
Paraje Nuevo;4465;Mexico;Small City
Lucas Gonzalez;4466;Argentina;Small City
Buenavista;4468;Mexico;Small City
Villa Emiliano Zapata;4469;Mexico;Small City
Teteles de Avila Castillo;4471;Mexico;Small City
Padilla;4472;Colombia;Small City
Iturbe;4475;Paraguay;Small City
Puerto Ibicuy;4477;Argentina;Small City
San Mateo Tlalchichilpan;4478;Mexico;Small City
San Acateno;4481;Mexico;Small City
Villa Licenciado Jesus Teran (Calvillito);4481;Mexico;Small City
Santa Maria del Oro;4482;Mexico;Small City
Toa Alta;4483;Puerto Rico;Small City
Campestre las Palomas [Fraccionamiento];4488;Mexico;Small City
Santa Rosa del Conlara;4489;Argentina;Small City
Yaonahuac;4489;Mexico;Small City
Valle de Guadalupe;4492;Mexico;Small City
Ahualulco del Sonido Trece;4492;Mexico;Small City
Estanzuela;4492;Mexico;Small City
San Pedro de los Naranjos;4494;Mexico;Small City
Mina;4495;Mexico;Small City
Potrero del Llano;4498;Mexico;Small City
La Libertad;4500;Mexico;Small City
Santa Catarina Mechoacan;4500;Mexico;Small City
Providencia;4501;Mexico;Small City
Llacao;4501;Ecuador;Small City
Las Vigas;4504;Mexico;Small City
Atexcatzingo;4504;Mexico;Small City
La Magdalena;4505;Mexico;Small City
La Tigra;4505;Argentina;Small City
Noetinger;4508;Argentina;Small City
Chochola;4511;Mexico;Small City
Tepezala;4511;Mexico;Small City
Las Salinas;4513;Dominican Republic;Small City
Huitziltepec;4513;Mexico;Small City
Chapelton;4514;Jamaica;Small City
San Juan de Abajo;4514;Mexico;Small City
San Sebastian de Yali;4514;Nicaragua;Small City
Carbo;4516;Mexico;Small City
Matucana;4517;Peru;Small City
Asientos;4517;Mexico;Small City
Chicontepec;4519;Mexico;Small City
Sandy Bay;4520;Jamaica;Small City
Santa Catarina;4521;Mexico;Small City
Tlaltetela;4528;Mexico;Small City
San Andres Hueyacatitla;4529;Mexico;Small City
Agrado;4530;Colombia;Small City
Guarani;4530;Argentina;Small City
Concaran;4530;Argentina;Small City
Tecpatan;4530;Mexico;Small City
El Pedregal de Guadalupe Hidalgo;4534;Mexico;Small City
San Sebastian Tutla;4534;Mexico;Small City
Quilino;4534;Argentina;Small City
El Palmar;4536;Panama;Small City
Conceicao do Castelo;4538;Brazil;Small City
Hacienda los Fresnos;4541;Mexico;Small City
San Ignacio;4543;Mexico;Small City
Chivay;4543;Peru;Small City
El Salitre;4544;Mexico;Small City
San Felipe Aztatan;4546;Mexico;Small City
Rancho Veloz;4549;Cuba;Small City
Seaforth;4550;Jamaica;Small City
Francisco I. Madero;4550;Mexico;Small City
San Felipe;4552;Mexico;Small City
Baca;4553;Mexico;Small City
Telixtac;4554;Mexico;Small City
Villalba;4555;Puerto Rico;Small City
Tezoyuca;4555;Mexico;Small City
Tianguistengo (La Romera);4558;Mexico;Small City
Hidalgo;4558;Mexico;Small City
James Craik;4560;Argentina;Small City
Tonantins;4561;Brazil;Small City
Bagado;4561;Colombia;Small City
Altamira;4563;Dominican Republic;Small City
Dois Riachos;4565;Brazil;Small City
Los Guerra;4566;Mexico;Small City
Higueron;4568;Mexico;Small City
Huitzilac;4568;Mexico;Small City
Colonia Elisa;4570;Argentina;Small City
Mazatepec;4572;Mexico;Small City
El Colorado;4572;Mexico;Small City
San Nicolas Peralta;4573;Mexico;Small City
Canoas;4573;Costa Rica;Small City
Ixtlan de los Hervores;4573;Mexico;Small City
Vieux Fort;4574;Saint Lucia;Small City
Santa Ana Ixtlahuaca (Santa Ana Ixtlahuacingo);4574;Mexico;Small City
Aguas Buenas;4576;Puerto Rico;Small City
Villa Magna;4577;Mexico;Small City
San Nicolas Tlazala;4578;Mexico;Small City
San Vicente;4583;Mexico;Small City
Batan;4584;Costa Rica;Small City
Llata;4585;Peru;Small City
Santa Maria del Real;4587;Honduras;Small City
Minatitlan;4588;Mexico;Small City
Umbuzeiro;4588;Brazil;Small City
Ayna;4588;Peru;Small City
Nulti;4589;Ecuador;Small City
Tecolutla;4591;Mexico;Small City
Totolapa;4596;Mexico;Small City
Tungareo;4597;Mexico;Small City
El Caney;4597;Cuba;Small City
General Panfilo Natera;4599;Mexico;Small City
Tepechitlan;4600;Mexico;Small City
Cardona;4600;Uruguay;Small City
Mineral de Angangueo;4601;Mexico;Small City
Teteltzingo;4605;Mexico;Small City
Igreja Nova;4605;Brazil;Small City
Gatuncillo;4605;Panama;Small City
Taipu;4606;Brazil;Small City
San Gabriel;4606;Mexico;Small City
Fortul;4607;Colombia;Small City
Pueblo Nuevo;4608;Nicaragua;Small City
San Juan La Laguna;4608;Guatemala;Small City
Trinidad de Viguera;4608;Mexico;Small City
Gualaquiza;4611;Ecuador;Small City
Aquiles Serdan (San Fernando);4613;Mexico;Small City
Riachao do Dantas;4615;Brazil;Small City
Las Perdices;4615;Argentina;Small City
Santa Justina Ecatepec;4616;Mexico;Small City
Villa Hidalgo;4617;Mexico;Small City
Cosautlan;4617;Mexico;Small City
Cacimbinhas;4618;Brazil;Small City
El Barril;4620;Mexico;Small City
Texcalyacac;4623;Mexico;Small City
Portena;4624;Argentina;Small City
Ipanguacu;4624;Brazil;Small City
Navenchauc;4625;Mexico;Small City
Ybycui;4629;Paraguay;Small City
Paso de Mata;4632;Mexico;Small City
El Jobo;4632;Mexico;Small City
San Pedro Nexapa;4633;Mexico;Small City
Tenango;4633;Mexico;Small City
San Felipe Coamango;4638;Mexico;Small City
Huarancante;4638;Peru;Small City
Naguabo;4643;Puerto Rico;Small City
Chunhuhub;4644;Mexico;Small City
Jantetelco;4645;Mexico;Small City
Ignacio de la Llave;4646;Mexico;Small City
Valle de Angeles;4649;Honduras;Small City
Comerio;4649;Puerto Rico;Small City
San Bernardino;4651;Paraguay;Small City
Mata Grande;4654;Brazil;Small City
Otatitlan;4659;Mexico;Small City
Taulabe;4660;Honduras;Small City
Santa Cruz De Succhabamba;4660;Peru;Small City
Amatenango del Valle;4661;Mexico;Small City
Ocotepec;4663;Mexico;Small City
Cristobal Obregon;4664;Mexico;Small City
Los Torrentes;4665;Mexico;Small City
La Calera;4665;Mexico;Small City
Rodeo;4666;Mexico;Small City
Calmeca;4669;Mexico;Small City
Ingeniero Luiggi;4671;Argentina;Small City
Cahabon;4671;Guatemala;Small City
Vargem Alta;4672;Brazil;Small City
La Libertad;4673;Honduras;Small City
Las Lajas;4673;Argentina;Small City
Fraccionamiento Ocuiltzapotlan Dos;4675;Mexico;Small City
Cabanas;4678;Guatemala;Small City
Capula;4678;Mexico;Small City
Villa Giardino;4679;Argentina;Small City
Melchor Ocampo;4679;Mexico;Small City
Cuquio;4682;Mexico;Small City
Hoctun;4686;Mexico;Small City
28 de Noviembre;4686;Argentina;Small City
Rio Grande;4689;Peru;Small City
Minatitlan;4691;Mexico;Small City
Alto Lucero;4693;Mexico;Small City
El Centenario;4696;Mexico;Small City
Pantanal;4700;Brazil;Small City
Puerto Mayor Otano;4701;Paraguay;Small City
Santa Rosa;4702;Peru;Small City
Paseo del Prado;4706;Mexico;Small City
Villa Cura Brochero;4707;Argentina;Small City
Tlanepantla;4707;Mexico;Small City
San Pedro el Alto;4708;Mexico;Small City
Laje;4708;Brazil;Small City
San Pedro Jicayan;4710;Mexico;Small City
Encruzilhada;4711;Brazil;Small City
Tenamaxtlan;4711;Mexico;Small City
San Pedro Techuchulco;4713;Mexico;Small City
Camargo;4715;Bolivia;Small City
Cholul Canton;4716;Mexico;Small City
Ecuandureo;4716;Mexico;Small City
San Lucas;4716;Mexico;Small City
Las Charcas;4720;Dominican Republic;Small City
Teneria del Santuario;4722;Mexico;Small City
Victoria;4723;Colombia;Small City
Alejandro Roca;4724;Argentina;Small City
San Francisco del Mar;4724;Mexico;Small City
Churumuco de Morelos;4725;Mexico;Small City
Gabino Barreda;4726;Mexico;Small City
Tezontepec de Aldama;4731;Mexico;Small City
Sanctorum;4731;Mexico;Small City
El Guamo;4732;Colombia;Small City
Juntas;4737;Costa Rica;Small City
San Cristobal;4737;Colombia;Small City
Purificacion;4740;Mexico;Small City
Vista Hermosa;4742;Panama;Small City
Huehuetlan el Chico;4742;Mexico;Small City
Enthavi;4744;Mexico;Small City
Concepcion de Buenos Aires;4744;Mexico;Small City
Huhi;4745;Mexico;Small City
Alto Boquete;4746;Panama;Small City
Ucacha;4747;Argentina;Small City
Araua;4747;Brazil;Small City
Santa Clara;4747;Mexico;Small City
Monsenhor Gil;4751;Brazil;Small City
Opichen;4751;Mexico;Small City
Apatou;4752;French Guiana;Small City
Corquin;4752;Honduras;Small City
Benito Juarez;4752;Mexico;Small City
Llongasora;4753;Peru;Small City
Cogua;4755;Colombia;Small City
Cuanajo;4758;Mexico;Small City
Santa Catarina de Tepehuanes;4761;Mexico;Small City
Cruces de Anori;4762;Colombia;Small City
Comachuen;4762;Mexico;Small City
Mier;4762;Mexico;Small City
Santa Maria Huazolotitlan;4763;Mexico;Small City
Altos;4763;Paraguay;Small City
Omoa;4763;Honduras;Small City
Simijaca;4767;Colombia;Small City
Mogeiro;4767;Brazil;Small City
Atyra;4768;Paraguay;Small City
Macachin;4768;Argentina;Small City
El Cobre;4768;Cuba;Small City
Los Altos;4771;Mexico;Small City
Tucuru;4772;Guatemala;Small City
Yuty;4774;Paraguay;Small City
San Quintin;4777;Mexico;Small City
Escalerillas;4778;Mexico;Small City
Lampa;4780;Peru;Small City
Sao Domingos;4784;Brazil;Small City
Matancillas (San Isidro Matancillas);4784;Mexico;Small City
Cravo Norte;4787;Colombia;Small City
La Union;4788;Peru;Small City
Tepeojuma;4788;Mexico;Small City
Tilzapotla;4789;Mexico;Small City
Moctezuma;4792;Mexico;Small City
Doctor Juan Manuel Frutos;4797;Paraguay;Small City
La Argentina;4800;Colombia;Small City
Jalupa;4800;Mexico;Small City
Concepcion;4800;Argentina;Small City
Tianguismanalco;4802;Mexico;Small City
Almoloya;4802;Mexico;Small City
Unidad Acaquilpan;4806;Mexico;Small City
Sabana Grande de Palenque;4809;Dominican Republic;Small City
San Jeronimo Ocotitla;4809;Mexico;Small City
Hidalgo;4810;Mexico;Small City
Huejuquilla el Alto;4811;Mexico;Small City
Sumampa;4812;Argentina;Small City
La Union;4812;Mexico;Small City
Rio Bananal;4814;Brazil;Small City
San Jose Chiapa;4821;Mexico;Small City
Islay (Matarani);4823;Peru;Small City
Dos Rios;4825;Mexico;Small City
San Jeronimo Acazulco;4827;Mexico;Small City
Salitrillo;4829;Mexico;Small City
Morros;4829;Brazil;Small City
Tepepa;4830;Mexico;Small City
Boca del Monte;4832;Mexico;Small City
Ixtacomitan;4835;Mexico;Small City
Palomar;4837;Mexico;Small City
San Felipe Usila;4838;Mexico;Small City
Muy Muy;4839;Nicaragua;Small City
Acandi;4840;Colombia;Small City
Ricardo Palma;4842;Peru;Small City
Ocuituco;4846;Mexico;Small City
Betanzos;4847;Bolivia;Small City
Santa Cruz Tlaxcala;4848;Mexico;Small City
Nuevo Progreso;4851;Mexico;Small City
Colinas de Plata;4852;Mexico;Small City
San Clemente;4852;Mexico;Small City
Jaibon;4853;Dominican Republic;Small City
Zacatepec;4854;Mexico;Small City
San Pedro Martir;4855;Mexico;Small City
Puntilla Aldama;4855;Mexico;Small City
San Jose el Cuartel;4855;Mexico;Small City
Puerto Lempira;4856;Honduras;Small City
Thomassique;4857;Haiti;Small City
Xochihuehuetlan;4859;Mexico;Small City
Capoeiras;4861;Brazil;Small City
Socoltenango;4863;Mexico;Small City
San Miguel Balderas;4866;Mexico;Small City
Mahaica Village;4867;Guyana;Small City
Rafael J. Garcia;4869;Mexico;Small City
San Antonio Enchisi;4870;Mexico;Small City
Palmar de Bravo;4870;Mexico;Small City
Santiago Tenango;4870;Mexico;Small City
Los Algodones;4874;Mexico;Small City
Iscuande;4875;Colombia;Small City
Suesca;4877;Colombia;Small City
San Luis Tehuiloyocan;4878;Mexico;Small City
Santa Fe;4879;Mexico;Small City
Santa Clara;4883;Argentina;Small City
La Ventosa;4884;Mexico;Small City
Villa Juarez;4888;Mexico;Small City
La Punta;4889;Mexico;Small City
Ituacu;4891;Brazil;Small City
Tetecala;4893;Mexico;Small City
Zacualpan;4893;Mexico;Small City
Camilo Aldao;4895;Argentina;Small City
Cutzamala de Pinzon;4895;Mexico;Small City
Cosio;4898;Mexico;Small City
Chachaguei;4899;Colombia;Small City
Zacoalpan;4900;Mexico;Small City
Maria Elena;4902;Chile;Small City
Plateros;4902;Mexico;Small City
La Reforma;4905;Guatemala;Small City
San Jose del Golfo;4908;Guatemala;Small City
Hueyotlipan;4911;Mexico;Small City
Atlatongo;4913;Mexico;Small City
Manaira;4913;Brazil;Small City
Itinga;4915;Brazil;Small City
La Providencia;4916;Mexico;Small City
Gilbues;4920;Brazil;Small City
San Agustin Mextepec;4920;Mexico;Small City
Primo Tapia;4921;Mexico;Small City
Santa Eulalia;4921;Guatemala;Small City
Colonia Venustiano Carranza;4921;Mexico;Small City
Aguilita;4922;Puerto Rico;Small City
San Juan Ixcaquixtla;4922;Mexico;Small City
San Pedro Amuzgos;4925;Mexico;Small City
Las Torres;4925;Mexico;Small City
San Jose de Gracia;4927;Mexico;Small City
Cerro Cora;4927;Brazil;Small City
El Carrizo;4931;Mexico;Small City
Tepexi;4933;Mexico;Small City
Nieuw Amsterdam;4935;Suriname;Small City
Naica;4938;Mexico;Small City
Dzan;4939;Mexico;Small City
Tavares;4939;Brazil;Small City
La Celia;4940;Colombia;Small City
San Miguel Almaya;4941;Mexico;Small City
Okinawa Numero Uno;4944;Bolivia;Small City
Numaran;4944;Mexico;Small City
Cabrera;4947;Dominican Republic;Small City
San Miguel Mimlapan;4949;Mexico;Small City
Morroa;4949;Colombia;Small City
Tala;4949;Uruguay;Small City
Itatuba;4951;Brazil;Small City
Santa Cruz Ayotuxco;4952;Mexico;Small City
Pichataro;4952;Mexico;Small City
Anapoima;4953;Colombia;Small City
San Antonio de Cortes;4955;Honduras;Small City
Zapotlan de Juarez;4961;Mexico;Small City
San Francisco Magu;4962;Mexico;Small City
Ejido El Largo;4964;Mexico;Small City
Moca;4964;Puerto Rico;Small City
Pacho Viejo;4965;Mexico;Small City
Terrenate;4967;Mexico;Small City
Cancuc;4970;Mexico;Small City
Tamalameque;4972;Colombia;Small City
Pio IX;4973;Brazil;Small City
Ixhuatlancillo;4975;Mexico;Small City
Santiago Casandeje;4977;Mexico;Small City
San Simon;4980;Mexico;Small City
Caceres;4987;Colombia;Small City
Usumatlan;4987;Guatemala;Small City
Presidencia Roca;4987;Argentina;Small City
Indiaroba;4989;Brazil;Small City
San Alberto;4989;Paraguay;Small City
San Bartolo Cuitareo;4989;Mexico;Small City
Nueva Santa Rosa;4990;Mexico;Small City
Itapicuru;4994;Brazil;Small City
Makalle;4994;Argentina;Small City
Tihosuco;4994;Mexico;Small City
San Simon de la Laguna;4996;Mexico;Small City
San Juan de Limay;4997;Nicaragua;Small City
Bagojo Colectivo;4997;Mexico;Small City
Jalapa;4999;Mexico;Small City
Corrego Grande;5000;Brazil;Small City
Urb. Santo Domingo;5000;Peru;Small City
Villa Berna;5000;Argentina;Small City
Masachapa;5000;Nicaragua;Small City
Campo Quijano;5000;Argentina;Small City
Morro da Cruz;5000;Brazil;Small City
Jaltepec;5001;Mexico;Small City
Tres Palos;5001;Mexico;Small City
San Pedro;5002;Bolivia;Small City
La Esperanza;5002;Argentina;Small City
San Martin Caltenco;5003;Mexico;Small City
Mezcala;5005;Mexico;Small City
Citlaltepec;5005;Mexico;Small City
Beneditinos;5005;Brazil;Small City
Miraflores;5007;Colombia;Small City
San Lorenzo Axocomanitla;5007;Mexico;Small City
Comoapan;5009;Mexico;Small City
Primero de Mayo;5011;Mexico;Small City
Ex-Hacienda Santa Ines;5013;Mexico;Small City
Paseos de Itzincab;5013;Mexico;Small City
Alto Salaverry;5014;Peru;Small City
Tamalin;5019;Mexico;Small City
San Bartolome Coatepec;5021;Mexico;Small City
Cuyamel;5022;Honduras;Small City
Lampazos de Naranjo;5026;Mexico;Small City
Creel;5026;Mexico;Small City
Tamazulapam Villa del Progreso;5028;Mexico;Small City
Dondon;5029;Haiti;Small City
Puerto Yuca;5029;Colombia;Small City
Angamacutiro de la Union;5030;Mexico;Small City
Tambo;5032;Peru;Small City
San Damian Texoloc;5033;Mexico;Small City
Sain Alto;5037;Mexico;Small City
Ramiriqui;5039;Colombia;Small City
Carhuaz;5044;Peru;Small City
Guichon;5051;Uruguay;Small City
Iconha;5051;Brazil;Small City
Atoyac;5052;Mexico;Small City
Tacuba;5055;El Salvador;Small City
Chalchihuapan;5061;Mexico;Small City
Buenavista;5062;Colombia;Small City
Bachajon;5063;Mexico;Small City
Tinyahuarco;5066;Peru;Small City
Cidra;5067;Puerto Rico;Small City
Benjamin Hill;5071;Mexico;Small City
Jungapeo de Juarez;5073;Mexico;Small City
Puerto Lleras;5076;Colombia;Small City
Adjuntas;5080;Puerto Rico;Small City
Venustiano Carranza;5081;Mexico;Small City
Xocotlan;5082;Mexico;Small City
San Luis de La Loma;5085;Mexico;Small City
Angostura;5086;Mexico;Small City
Capula;5086;Mexico;Small City
Tamiahua;5086;Mexico;Small City
Los Tuzos;5087;Mexico;Small City
Tlacotepec;5087;Mexico;Small City
Ocampo;5095;Mexico;Small City
Cumbitara;5096;Colombia;Small City
Xochitlan Todos Santos;5097;Mexico;Small City
San Bartolo;5099;Mexico;Small City
Santa Monica;5100;Brazil;Small City
Hermosillo;5101;Mexico;Small City
Candido de Abreu;5102;Brazil;Small City
San Andres Villa Seca;5102;Guatemala;Small City
Villa de Leyva;5103;Colombia;Small City
Tzimol;5112;Mexico;Small City
Pesca;5113;Colombia;Small City
Sangolqui;5114;Ecuador;Small City
Santa Catarina;5116;Mexico;Small City
San Jose de los Arroyos;5117;Paraguay;Small City
Soteapan;5118;Mexico;Small City
Jose Pedro Varela;5118;Uruguay;Small City
Puerto Rosario;5123;Paraguay;Small City
Tayoltita;5124;Mexico;Small City
El Alcazar;5127;Argentina;Small City
Iraquara;5131;Brazil;Small City
Plan de Ayala;5134;Mexico;Small City
La Pastoria;5135;Mexico;Small City
Sabana Iglesia;5135;Dominican Republic;Small City
Caltzontzin;5136;Mexico;Small City
Quiindy;5137;Paraguay;Small City
Fagundes;5137;Brazil;Small City
San Juan Coajomulco;5137;Mexico;Small City
Sint Michiel Liber;5138;;Small City
San Jose de Agua Azul;5139;Mexico;Small City
Doctor Mora;5140;Mexico;Small City
Huasahuasi;5146;Peru;Small City
Itaueira;5146;Brazil;Small City
Anse-Bertrand;5146;Guadeloupe;Small City
Villa Union;5147;Mexico;Small City
Chimore;5147;Bolivia;Small City
Todos Santos;5148;Mexico;Small City
San Alejo;5149;El Salvador;Small City
Huitzila;5151;Mexico;Small City
Anacleto Canabal 2da. Seccion;5153;Mexico;Small City
El Castillo;5154;Mexico;Small City
El Bosque;5155;Mexico;Small City
San Bartolo Oxtotitlan;5155;Mexico;Small City
Villa Huidobro;5155;Argentina;Small City
Tecali;5156;Mexico;Small City
Capinota;5157;Bolivia;Small City
Agua Branca;5160;Brazil;Small City
Tepetzintla;5166;Mexico;Small City
Santa Barbara;5168;Puerto Rico;Small City
Pocitos;5169;Mexico;Small City
Cervantes;5173;Argentina;Small City
Calilegua;5174;Argentina;Small City
Hueyotlipan;5176;Mexico;Small City
Couva;5178;Trinidad and Tobago;Small City
Quintin Arauz;5178;Mexico;Small City
Rosario de Mora;5178;El Salvador;Small City
Delta;5180;Mexico;Small City
Pampa de Tate;5180;Peru;Small City
Mecatlan;5181;Mexico;Small City
Tisma;5182;Nicaragua;Small City
Frontera Corozal;5184;Mexico;Small City
Tancacha;5184;Argentina;Small City
San Antonio;5185;Colombia;Small City
Santa Gertrudis;5185;Mexico;Small City
Atoluca;5187;Mexico;Small City
Tianguismanalco;5187;Mexico;Small City
Arbolada los Sauces;5190;Mexico;Small City
San Jose de Gracia;5190;Mexico;Small City
X-Can;5191;Mexico;Small City
China;5194;Mexico;Small City
Paso del Toro;5197;Mexico;Small City
Villas de Irapuato;5199;Mexico;Small City
Tlanchinol;5199;Mexico;Small City
Salto de Agua;5199;Mexico;Small City
San Pedro Itzican;5199;Mexico;Small City
Lagoa;5200;Brazil;Small City
Santos Reyes Nopala;5201;Mexico;Small City
San Jose el Vidrio;5204;Mexico;Small City
Mayisad;5204;Haiti;Small City
Charo;5207;Mexico;Small City
Humberto de Campos;5208;Brazil;Small City
Huayacocotla;5211;Mexico;Small City
Guayanilla;5213;Puerto Rico;Small City
Tezontepec;5214;Mexico;Small City
Vallejuelo;5217;Dominican Republic;Small City
Villa El Carmen;5219;Nicaragua;Small City
Altos del Rosario;5220;Colombia;Small City
Pozos de Gamboa;5221;Mexico;Small City
Potosi;5222;Nicaragua;Small City
Jicaltepec Autopan;5228;Mexico;Small City
Chilon;5228;Mexico;Small City
San Andres Ixtlan;5230;Mexico;Small City
Panaba;5232;Mexico;Small City
Villa Aldama;5237;Mexico;Small City
Xochimanca;5239;Mexico;Small City
Sinaloa de Leyva;5240;Mexico;Small City
Aquin;5246;Haiti;Small City
Pocora;5248;Costa Rica;Small City
Tulcingo de Valle;5249;Mexico;Small City
Santa Rosa del Sara;5251;Bolivia;Small City
Arbelaez;5252;Colombia;Small City
Lajas;5255;Puerto Rico;Small City
Casas Grandes;5256;Mexico;Small City
San Mateo Ixtacalco;5258;Mexico;Small City
Tecolots;5259;Mexico;Small City
Ursulo Galvan;5259;Mexico;Small City
Tierra Nueva;5261;Mexico;Small City
Graneros;5263;Argentina;Small City
El Molino;5265;Colombia;Small City
Yungay;5269;Peru;Small City
Antonio Escobedo;5269;Mexico;Small City
Mochitlan;5269;Mexico;Small City
Pilcaya;5270;Mexico;Small City
Ayabaca;5270;Peru;Small City
Penon Blanco;5271;Mexico;Small City
Guatrache;5271;Argentina;Small City
Guatajiagua;5273;El Salvador;Small City
San Mateo Atarasquillo;5273;Mexico;Small City
Tequexquinahuac;5279;Mexico;Small City
Santa Maria Magdalena Cahuacan;5279;Mexico;Small City
Sarabia;5280;Mexico;Small City
Las Higueras;5282;Argentina;Small City
Manlio Fabio Altamirano;5283;Mexico;Small City
Ipala;5283;Guatemala;Small City
San Rafael del Yuma;5285;Dominican Republic;Small City
Amayuca;5287;Mexico;Small City
Taquarana;5288;Brazil;Small City
San Francisco de Asis;5291;Mexico;Small City
Santa Maria Ixtulco;5293;Mexico;Small City
Acamixtla;5301;Mexico;Small City
Nombre de Dios;5302;Mexico;Small City
Hohenau;5306;Paraguay;Small City
Santa Clara La Laguna;5306;Guatemala;Small City
San Pedro Tlanixco;5307;Mexico;Small City
San Diego de Alejandria;5312;Mexico;Small City
Marsh Harbour;5314;Bahamas;Small City
Mazatlan;5316;Mexico;Small City
Cercado Abajo;5316;Dominican Republic;Small City
Chinampa de Gorostiza;5317;Mexico;Small City
Palma Sola;5318;Argentina;Small City
La Esperanza;5318;Honduras;Small City
Beltran;5321;Argentina;Small City
Cajititlan;5323;Mexico;Small City
Cerro Azul;5323;Argentina;Small City
Palo Santo;5324;Argentina;Small City
El Rincon Citlaltepetl;5326;Mexico;Small City
San Miguel de Cauri;5326;Peru;Small City
Calderitas;5326;Mexico;Small City
Pueblorrico;5327;Colombia;Small City
Desaguadero;5329;Peru;Small City
Gomez Farias;5330;Mexico;Small City
Regidor;5335;Colombia;Small City
Hueytamalco;5335;Mexico;Small City
San Jose de Lourdes;5339;Mexico;Small City
Guayabal;5339;Colombia;Small City
Florida;5340;Honduras;Small City
La Pintada;5342;Colombia;Small City
Point Hill;5344;Jamaica;Small City
San Pablo Tecalco;5344;Mexico;Small City
Palmito;5345;Colombia;Small City
Arenal;5346;Colombia;Small City
San Marcos;5346;Honduras;Small City
Villa Union;5350;Mexico;Small City
San Antonino Castillo Velasco;5354;Mexico;Small City
Ajuterique;5354;Honduras;Small City
Chapulco;5358;Mexico;Small City
Lionel Town;5362;Jamaica;Small City
San Benito Xaltocan;5367;Mexico;Small City
Amacuzac;5368;Mexico;Small City
Purulha;5370;Guatemala;Small City
San Juanito de Escobedo;5373;Mexico;Small City
Desterro;5374;Brazil;Small City
Villa Hernandarias;5375;Argentina;Small City
Tezonapa;5376;Mexico;Small City
Bocas del Toro;5380;Panama;Small City
Playarrica;5381;Colombia;Small City
San Jose Teacalco;5381;Mexico;Small City
San Sebastian Xolalpa;5383;Mexico;Small City
Monitos;5385;Colombia;Small City
Salitral;5385;Peru;Small City
Caetes;5386;Brazil;Small City
San Lorenzo Tlalmimilolpan;5386;Mexico;Small City
San Miguel Ameyalco;5387;Mexico;Small City
San Andres Ocotlan;5388;Mexico;Small City
Guatape;5389;Colombia;Small City
Fomeque;5389;Colombia;Small City
Huitel;5390;Mexico;Small City
Villa de San Antonio;5390;Honduras;Small City
Calera Chica;5392;Mexico;Small City
Zaragoza;5393;Mexico;Small City
Miguel Hidalgo;5397;Mexico;Small City
Palo Alto;5399;Mexico;Small City
Caimancito;5403;Argentina;Small City
Villas de Alcala;5405;Mexico;Small City
El Ayote;5406;Nicaragua;Small City
San Francisco Ixhuatan;5408;Mexico;Small City
Barra de Carrasco;5410;Uruguay;Small City
Pitiquito;5410;Mexico;Small City
Belen;5411;Colombia;Small City
San Francisco de la Paz;5411;Honduras;Small City
Belen;5415;Nicaragua;Small City
Jean-Rabel;5419;Haiti;Small City
Penuela;5421;Mexico;Small City
Risaralda;5421;Colombia;Small City
Enriquillo;5423;Dominican Republic;Small City
Bajos de Chila;5425;Mexico;Small City
Mocorito;5426;Mexico;Small City
Villa de Arriaga;5426;Mexico;Small City
Pozo del Molle;5429;Argentina;Small City
Santo Domingo Petapa;5429;Mexico;Small City
Esperalvillo;5445;Dominican Republic;Small City
Los Arcos;5446;Mexico;Small City
Santo Pipo;5447;Argentina;Small City
Campo Gallo;5455;Argentina;Small City
Tehuitzingo;5456;Mexico;Small City
Atemajac de Brizuela;5457;Mexico;Small City
Salgado;5457;Brazil;Small City
Ladyville;5458;Belize;Small City
San Rafael del Norte;5458;Nicaragua;Small City
San Dionisio Ocotepec;5459;Mexico;Small City
Cerro Gordo;5460;Mexico;Small City
Pesqueria;5465;Mexico;Small City
Nemocon;5466;Colombia;Small City
Mercedes;5467;Costa Rica;Small City
Le Morne-Rouge;5469;Martinique;Small City
Nata;5470;Panama;Small City
San Miguel Totoltepec;5471;Mexico;Small City
San Pedro;5473;Colombia;Small City
El Triunfo;5478;Mexico;Small City
Tilisarao;5478;Argentina;Small City
Urcos;5479;Peru;Small City
Ajuchitlan;5483;Mexico;Small City
Nuevo  Sullana;5484;Peru;Small City
Papayal;5484;Peru;Small City
Valle Hermoso;5486;Argentina;Small City
Valle Nacional;5488;Mexico;Small City
Carire;5488;Brazil;Small City
General Levalle;5492;Argentina;Small City
Laborde;5492;Argentina;Small City
Ramon Castilla;5495;Peru;Small City
La Llave;5497;Mexico;Small City
Monte Buey;5497;Argentina;Small City
Celica;5499;Ecuador;Small City
La Belgica;5501;Bolivia;Small City
San Bernardino;5501;Guatemala;Small City
Santander Jimenez;5504;Mexico;Small City
Annotto Bay;5504;Jamaica;Small City
Huanimaro;5505;Mexico;Small City
La Candelaria Tlapala;5506;Mexico;Small City
Caleta de Carquin;5514;Peru;Small City
Port-Louis;5515;Guadeloupe;Small City
Nueva Villa de Padilla;5517;Mexico;Small City
San Pablo Huitzo;5519;Mexico;Small City
La Descubierta;5521;Dominican Republic;Small City
Sastre;5521;Argentina;Small City
Pampas;5521;Peru;Small City
Santa Maria Coatepec;5524;Mexico;Small City
Alvaraes;5527;Brazil;Small City
Chichimila;5528;Mexico;Small City
Piste;5528;Mexico;Small City
Santa Rosalia;5528;Mexico;Small City
Los Llanos;5529;Dominican Republic;Small City
Tomas Romero Pereira;5533;Paraguay;Small City
San Mateo;5534;Guatemala;Small City
Milot;5534;Haiti;Small City
Puerto San Carlos;5538;Mexico;Small City
Novo Lino;5538;Brazil;Small City
Colorines;5543;Mexico;Small City
Juan de Herrera;5543;Dominican Republic;Small City
Adolfo Lopez Mateos (El Tamarindo);5546;Mexico;Small City
Margarita Belen;5547;Argentina;Small City
Sotuta;5548;Mexico;Small City
Pedro Amaro;5551;Mexico;Small City
El Rosal;5552;Colombia;Small City
Tlatenchi;5555;Mexico;Small City
San Juan Colorado;5561;Mexico;Small City
Atlantida;5562;Uruguay;Small City
Cuauhtemoc;5563;Mexico;Small City
San Roque;5563;Mexico;Small City
Tocatlan;5564;Mexico;Small City
Panindicuaro;5565;Mexico;Small City
Rosales;5570;Mexico;Small City
San Pedro Zictepec;5571;Mexico;Small City
Acolman de Netzahualcoyotl;5571;Mexico;Small City
Aguacatan;5572;Guatemala;Small City
Malhador;5574;Brazil;Small City
San Roque;5576;Colombia;Small City
San Nicolas;5576;Mexico;Small City
San Pedro Abajo;5581;Mexico;Small City
Balnearia;5585;Argentina;Small City
Jala;5586;Mexico;Small City
Nanawa;5587;Paraguay;Small City
Estebania;5591;Dominican Republic;Small City
Rincon Chamula;5592;Mexico;Small City
Chanal;5592;Mexico;Small City
Teontepec;5593;Mexico;Small City
General Conesa;5595;Argentina;Small City
Oliveira dos Brejinhos;5596;Brazil;Small City
La Valla;5597;Mexico;Small City
Devoto;5597;Argentina;Small City
Yanga;5598;Mexico;Small City
Santa Catarina del Monte;5599;Mexico;Small City
Pedro Ruiz Gallo;5602;Peru;Small City
Irituia;5602;Brazil;Small City
Cuitzeo (La Estancia);5603;Mexico;Small City
Villa Progreso;5604;Mexico;Small City
San Jeronimo;5609;Peru;Small City
Yaguate;5610;Dominican Republic;Small City
Pinos;5611;Mexico;Small City
La Aldea;5615;Mexico;Small City
Rio Hato;5615;Panama;Small City
Colonia Menno;5615;Paraguay;Small City
Ciudad Coahuila (Kilometro Cincuenta y Siete);5617;Mexico;Small City
Gurinhem;5618;Brazil;Small City
Quebradillas;5620;Puerto Rico;Small City
El Rosario;5620;El Salvador;Small City
Hatillo;5622;Puerto Rico;Small City
Mapimi;5623;Mexico;Small City
Mochicahui;5623;Mexico;Small City
San Victor Arriba;5624;Dominican Republic;Small City
Vigia del Fuerte;5624;Colombia;Small City
El Triunfo;5627;Mexico;Small City
Anajatuba;5627;Brazil;Small City
Loma la Paz;5629;Mexico;Small City
Huerta Grande;5630;Argentina;Small City
Temamatla;5633;Mexico;Small City
Jaumave;5633;Mexico;Small City
Gonzalez;5634;Colombia;Small City
San Pelayo;5637;Colombia;Small City
La Lima;5638;Mexico;Small City
Chanar Ladeado;5639;Argentina;Small City
Tilcara;5640;Argentina;Small City
Monte Kristal;5640;Mexico;Small City
Carmen de Apicala;5640;Colombia;Small City
Ayapa;5640;Mexico;Small City
Orcopampa;5643;Peru;Small City
Despenaderos;5645;Argentina;Small City
La Venta del Astillero;5649;Mexico;Small City
La Curva;5651;Mexico;Small City
Florida;5652;Puerto Rico;Small City
Bella Vista;5653;Paraguay;Small City
Nieves;5653;Mexico;Small City
Alcantara;5655;Brazil;Small City
Comandante Fontana;5655;Argentina;Small City
Les Trois-Ilets;5657;Martinique;Small City
Puerto Palomas;5659;Mexico;Small City
Saldarriaga;5661;Mexico;Small City
Piedras;5662;Colombia;Small City
Puente Grande;5664;Mexico;Small City
Ingenio;5664;Puerto Rico;Small City
El Valle;5666;Dominican Republic;Small City
San Bernardino;5667;Mexico;Small City
Pijao;5668;Colombia;Small City
Yayas de Viajama;5669;Dominican Republic;Small City
San Antonio Huista;5669;Guatemala;Small City
Benito Juarez;5674;Mexico;Small City
Galaxia la Noria;5681;Mexico;Small City
San Miguel Panixtlahuaca;5682;Mexico;Small City
San Nicolas de los Ranchos;5685;Mexico;Small City
Perugorria;5685;Argentina;Small City
Yura;5686;Peru;Small City
Hualahuises;5687;Mexico;Small City
Unidad Minera 11 de Julio;5692;Mexico;Small City
Pinotepa de Don Luis;5692;Mexico;Small City
San Luis Tecuhautitlan;5694;Mexico;Small City
Bequimao;5695;Brazil;Small City
La Mitra;5699;Panama;Small City
Pesqueira;5699;Mexico;Small City
Marigot;5700;;Small City
Villa Riva;5700;Dominican Republic;Small City
Lomas de Altavista;5704;Mexico;Small City
Quinta del Cedro;5704;Mexico;Small City
Baillif;5705;Guadeloupe;Small City
Santa Ana Hueytlalpan;5705;Mexico;Small City
La Vega;5706;Colombia;Small City
Senador Jose Porfirio;5708;Brazil;Small City
Alvaro Obregon;5717;Mexico;Small City
Aquitania;5718;Colombia;Small City
Quechultenango;5720;Mexico;Small City
Xapuri;5721;Brazil;Small City
San Pedro del Parana;5722;Paraguay;Small City
Yaguara;5724;Colombia;Small City
Chietla;5726;Mexico;Small City
Villa Emilio Carranza;5727;Mexico;Small City
Cuanala;5728;Mexico;Small City
Leona Vicario;5731;Mexico;Small City
San Bartolo;5733;Peru;Small City
San Luis;5733;Honduras;Small City
San Mateo del Mar;5734;Mexico;Small City
Suchitoto;5735;El Salvador;Small City
San Juan Pueblo;5735;Honduras;Small City
Salitrillos;5738;Costa Rica;Small City
Venado;5743;Mexico;Small City
Santo Domingo;5745;Costa Rica;Small City
San Lorenzo Oyamel;5753;Mexico;Small City
Gaiman;5753;Argentina;Small City
Emiliano Zapata;5756;Mexico;Small City
San Pedro de Cajas;5758;Peru;Small City
Villa de Cos;5759;Mexico;Small City
Valle de Lincoln;5759;Mexico;Small City
San Miguel Contla;5761;Mexico;Small City
Concepcion Jolalpan;5761;Mexico;Small City
San Jose Xicohtencatl;5761;Mexico;Small City
Coasa;5763;Peru;Small City
Pueblo Nuevo;5766;Peru;Small City
Amazcala;5768;Mexico;Small City
Tupanatinga;5768;Brazil;Small City
Huapinol;5768;Mexico;Small City
Angahuan;5773;Mexico;Small City
Coatepeque;5773;El Salvador;Small City
Rio Frio de Juarez;5774;Mexico;Small City
El Oro de Hidalgo;5776;Mexico;Small City
Bueno Brandao;5777;Brazil;Small City
Ejido Benito Juarez;5778;Mexico;Small City
Barranca;5779;Peru;Small City
Santa Ana Tlachiahualpa;5781;Mexico;Small City
Tapalpa;5782;Mexico;Small City
Rosignol;5782;Guyana;Small City
Mexicanos;5782;Mexico;Small City
Carapegua;5784;Paraguay;Small City
Cuetzalan;5785;Mexico;Small City
Apastepeque;5785;El Salvador;Small City
Ingeniero Jacobacci;5785;Argentina;Small City
Santa Teresa;5789;Nicaragua;Small City
Olinala;5792;Mexico;Small City
Quila;5793;Mexico;Small City
Quinto Barrio (Ejido Cahuacan);5795;Mexico;Small City
Nueva Guadalupe;5798;El Salvador;Small City
Temoac;5799;Mexico;Small City
Asentamiento Humano Nicolas de Pierola;5800;Peru;Small City
Coco;5803;Puerto Rico;Small City
Punta Santiago;5803;Puerto Rico;Small City
San Miguel Tenochtitlan;5805;Mexico;Small City
Macia;5806;Argentina;Small City
Acambay;5807;Mexico;Small City
Hector Caballero;5812;Mexico;Small City
Cruz do Espirito Santo;5812;Brazil;Small City
Guadalupe y Calvo;5816;Mexico;Small City
Paso de la Patria;5818;Argentina;Small City
Isla del Bosque;5820;Mexico;Small City
Granjas Ampliacion Santa Rosa;5821;Mexico;Small City
Ciudad Pemex;5822;Mexico;Small City
Soconusco;5825;Mexico;Small City
Huayucachi;5827;Peru;Small City
Santo Domingo;5827;Nicaragua;Small City
La Matanza;5828;Peru;Small City
Concepcion del Bermejo;5830;Argentina;Small City
Colinas del Roble;5830;Mexico;Small City
Villa Ojo de Agua;5832;Argentina;Small City
San Jose Temascatio;5839;Mexico;Small City
San Pablo de Borbur;5839;Colombia;Small City
Alacranes;5843;Cuba;Small City
Santa Cruz Verapaz;5843;Guatemala;Small City
Tecozautla;5844;Mexico;Small City
La Tola;5847;Colombia;Small City
Ancuya;5852;Colombia;Small City
Candelaria Arenas;5854;Puerto Rico;Small City
Veragua Arriba;5858;Dominican Republic;Small City
Nunkini;5859;Mexico;Small City
Anta;5859;Peru;Small City
Skeldon;5859;Guyana;Small City
Capiovi;5860;Argentina;Small City
Jutai;5862;Brazil;Small City
Domingo Arenas;5864;Mexico;Small City
Santiago Acutzilapan;5866;Mexico;Small City
Grand-Bourg;5867;Guadeloupe;Small City
Marechal Floriano;5869;Brazil;Small City
Trujillo;5874;Colombia;Small City
Villapinzon;5874;Colombia;Small City
Dzilam Gonzalez;5875;Mexico;Small City
Santa Maria del Oro;5878;Mexico;Small City
Cholul;5880;Mexico;Small City
Jetiba;5883;Brazil;Small City
Palpa;5883;Peru;Small City
San Jose Tetel;5884;Mexico;Small City
Orobo;5884;Brazil;Small City
Mana;5885;French Guiana;Small City
Santa Elena;5887;El Salvador;Small City
Villa General Belgrano;5888;Argentina;Small City
Belen;5892;Mexico;Small City
Cabanas;5894;Cuba;Small City
Rayon;5895;Mexico;Small City
San Bartolo de Berrios;5899;Mexico;Small City
San Sebastian;5904;Mexico;Small City
San Nicolas Guadalupe;5905;Mexico;Small City
Rincon;5909;Dominican Republic;Small City
Agua Dulce;5910;Mexico;Small City
Sauce;5910;Uruguay;Small City
Emboscada;5911;Paraguay;Small City
Toledo;5911;Colombia;Small City
Los Zacatones;5913;Mexico;Small City
Villa de San Francisco;5914;Honduras;Small City
Tenango del Aire;5915;Mexico;Small City
Bernal;5916;Peru;Small City
San Marcos Yachihuacaltepec;5917;Mexico;Small City
Porus;5923;Jamaica;Small City
Rayon;5928;Mexico;Small City
Puerto Gaitan;5928;Colombia;Small City
San Juan Tepa;5932;Mexico;Small City
Barranco de Loba;5933;Colombia;Small City
San Antonio Buenavista;5937;Mexico;Small City
Chicomuselo;5938;Mexico;Small City
Azacualpa;5949;Honduras;Small City
Iramuco;5954;Mexico;Small City
Ciudad de Cuetzalan;5957;Mexico;Small City
Dulce Grande;5967;Mexico;Small City
Panambi;5970;Argentina;Small City
Los Santos;5970;Panama;Small City
Estancias de Florida;5972;Puerto Rico;Small City
Fraccionamiento Metropolis II;5973;Mexico;Small City
Villa Alta;5974;Mexico;Small City
Norcasia;5976;Colombia;Small City
Puerto Aventuras;5979;Mexico;Small City
Pedernales;5983;Ecuador;Small City
Real del Sol;5983;Mexico;Small City
Lagoa Nova;5984;Brazil;Small City
Santa Rosa de Lima;5984;Guatemala;Small City
San Jose Poaquil;5987;Guatemala;Small City
Gustavia;5988;;Small City
Fraccionamiento Galaxia Tarimbaro;5989;Mexico;Small City
Amanalco de Becerra;5990;Mexico;Small City
Yanahuanca;5992;Peru;Small City
La Estancia;5992;Mexico;Small City
San Pablo Viejo Abajo;5992;Panama;Small City
Tlaltenango;5995;Mexico;Small City
Atliaca;5997;Mexico;Small City
Rio Hondo;5997;Guatemala;Small City
San Agustin;5998;Peru;Small City
Lluta;5998;Peru;Small City
Koolbaai;6000;;Small City
Porto Real do Colegio;6001;Brazil;Small City
Anton Lizardo;6003;Mexico;Small City
Chapultepec;6004;Mexico;Small City
Concepcion Tutuapa;6006;Guatemala;Small City
Abasolo;6008;Mexico;Small City
Chicxulub Puerto;6010;Mexico;Small City
Carnaiba;6019;Brazil;Small City
Galvan;6027;Dominican Republic;Small City
Punta Gorda;6027;Belize;Small City
Tocancipa;6027;Colombia;Small City
Yolombo;6033;Colombia;Small City
Juchipila;6035;Mexico;Small City
Dame-Marie;6036;Haiti;Small City
Mapiripan;6036;Colombia;Small City
Acatlan de Perez Figueroa;6040;Mexico;Small City
Macusani;6044;Peru;Small City
El Porvenir;6046;Mexico;Small City
San Miguel Zapotitlan;6048;Mexico;Small City
Tarimbaro;6049;Mexico;Small City
Fraccionamiento Arboledas San Ramon;6050;Mexico;Small City
Bahia de Kino;6050;Mexico;Small City
Zapatoca;6052;Colombia;Small City
Carmo do Rio Verde;6053;Brazil;Small City
Tarandacuao;6058;Mexico;Small City
San Gabriel Tetzoyocan;6060;Mexico;Small City
Domingos Martins;6061;Brazil;Small City
Huamuxtitlan;6063;Mexico;Small City
Naco;6064;Mexico;Small City
Zitlala;6065;Mexico;Small City
El Coporo;6068;Mexico;Small City
Mecayapan;6068;Mexico;Small City
Otra Banda;6071;Dominican Republic;Small City
San Blas;6075;Mexico;Small City
Valparaiso;6082;Colombia;Small City
Luis Gil Perez;6083;Mexico;Small City
Aldana;6085;Colombia;Small City
Ixtapa;6086;Mexico;Small City
Terenos;6086;Brazil;Small City
Suncho Corral;6087;Argentina;Small City
Ginebra;6088;Colombia;Small City
Mocoreta;6088;Argentina;Small City
Juan Diaz Covarrubias;6091;Mexico;Small City
Colonia Venustiano Carranza;6098;Mexico;Small City
San Luis Apizaquito;6099;Mexico;Small City
San Esteban Tizatlan;6114;Mexico;Small City
Guadalupe Victoria;6114;Mexico;Small City
Teabo;6115;Mexico;Small City
Tepetlaoxtoc de Hidalgo;6123;Mexico;Small City
Boquete;6123;Panama;Small City
Paredon;6126;Mexico;Small City
Jayanca;6126;Peru;Small City
Sarandi Grande;6130;Uruguay;Small City
Pedernales;6131;Mexico;Small City
Orotina;6135;Costa Rica;Small City
Santa Maria Citendeje;6136;Mexico;Small City
Anasco;6136;Puerto Rico;Small City
Sao Tome;6137;Brazil;Small City
Ixtlahuacan de los Membrillos;6137;Mexico;Small City
Benito Juarez;6138;Mexico;Small City
Pachuquilla;6139;Mexico;Small City
Puerto San Julian;6143;Argentina;Small City
Puerto Libertad;6143;Argentina;Small City
Homun;6146;Mexico;Small City
Atoyatempan;6154;Mexico;Small City
Tres Marias;6160;Mexico;Small City
La Aldea;6162;Mexico;Small City
San Agustin Tlaxco;6163;Mexico;Small City
Bajos del Ejido;6165;Mexico;Small City
Canitas de Felipe Pescador;6166;Mexico;Small City
Teotlaltzingo;6166;Mexico;Small City
Puerto Real;6166;Puerto Rico;Small City
Salamina;6166;Colombia;Small City
Cabezas;6167;Mexico;Small City
San Juan Tuxco;6170;Mexico;Small City
Parque Urbano Napateco;6172;Mexico;Small City
Emiliano Zapata;6174;Mexico;Small City
San Felipe Jalapa de Diaz;6174;Mexico;Small City
Extrema;6176;Brazil;Small City
Villa Gonzalez Ortega;6181;Mexico;Small City
Javier Rojo Gomez;6186;Mexico;Small City
San Pablo La Laguna;6186;Guatemala;Small City
Bujaru;6189;Brazil;Small City
Conjunto Urbano la Loma I;6192;Mexico;Small City
Campestre Villas del Alamo;6192;Mexico;Small City
Acapetahua;6194;Mexico;Small City
Sayan;6196;Peru;Small City
Ixtlahuacan del Rio;6198;Mexico;Small City
Totolapan;6198;Mexico;Small City
Larroque;6200;Argentina;Small City
Jaltocan;6201;Mexico;Small City
Cofradia de Juarez;6202;Mexico;Small City
Isla Aguada;6204;Mexico;Small City
El Realejo;6208;Nicaragua;Small City
Rada Tilly;6208;Argentina;Small City
Rincon de Nicolas Romero (Cedros Tercera Manzana);6213;Mexico;Small City
Jua dos Vieiras;6215;Brazil;Small City
Talaigua Viejo;6217;Colombia;Small City
Vegueta;6219;Peru;Small City
Santa Catarina Juquila;6220;Mexico;Small City
Guaymate;6224;Dominican Republic;Small City
Hueyapan;6227;Mexico;Small City
Salitrillo;6231;Mexico;Small City
Tlamacazapa;6234;Mexico;Small City
Temax;6239;Mexico;Small City
Francisco Javier Mina;6242;Mexico;Small City
Tonacatepeque;6245;El Salvador;Small City
Chavinda;6246;Mexico;Small City
Sabana Seca;6247;Puerto Rico;Small City
Las Trojes;6253;Honduras;Small City
Santa Cruz Naranjo;6254;Guatemala;Small City
Rio Novo;6255;Brazil;Small City
Santa Maria Nativitas;6258;Mexico;Small City
Duarte;6261;Mexico;Small City
San Bartolome Milpas Altas;6261;Guatemala;Small City
El Refugio;6262;Mexico;Small City
Las Jarretaderas;6262;Mexico;Small City
San Matias Cuijingo;6263;Mexico;Small City
Venustiano Carranza;6263;Mexico;Small City
Mistrato;6263;Colombia;Small City
Santo Domingo Suchitepequez;6270;Guatemala;Small City
La Herradura;6271;Panama;Small City
Oyon;6276;Peru;Small City
Ceiba;6277;Puerto Rico;Small City
Hacienda Pucala;6277;Peru;Small City
Texcalac;6279;Mexico;Small City
Guaitarilla;6280;Colombia;Small City
Zitlaltepec;6280;Mexico;Small City
Fraccionamiento los Angeles;6282;Mexico;Small City
Lucea;6289;Jamaica;Small City
San Lucas Ojitlan;6289;Mexico;Small City
Paraiso;6290;Brazil;Small City
San Bartolome Atlatlahuca;6293;Mexico;Small City
Tepecoacuilco de Trujano;6298;Mexico;Small City
Jima Abajo;6299;Dominican Republic;Small City
Coxcatlan;6300;Mexico;Small City
Kilometro 30;6301;Mexico;Small City
Candelaria de La Frontera;6301;El Salvador;Small City
Boquira;6306;Brazil;Small City
Naranjo;6307;Mexico;Small City
Kinchil;6307;Mexico;Small City
Tehuixtla;6311;Mexico;Small City
Arenas;6312;Venezuela, Bolivarian Rep. of;Small City
Estacion Huehuetan;6314;Mexico;Small City
Temascalapa;6314;Mexico;Small City
Bonanza;6315;Nicaragua;Small City
Gobernador Roca;6315;Argentina;Small City
Paragsha- San Andres - Jose Carlos Mariategui;6316;Peru;Small City
Canutama;6320;Brazil;Small City
Bellavista;6320;Peru;Small City
Atitalaquia;6322;Mexico;Small City
Mezapa;6324;Honduras;Small City
Olocuilta;6324;El Salvador;Small City
Longavi;6325;Chile;Small City
San Juan Cancuc;6327;Mexico;Small City
Castillo;6328;Dominican Republic;Small City
Ajuchitlan del Progreso;6329;Mexico;Small City
Oyotun;6330;Peru;Small City
Ciudad General Teran;6333;Mexico;Small City
Luis Moya;6335;Mexico;Small City
Copan Ruinas;6336;Honduras;Small City
Punta de Bombon;6336;Peru;Small City
Roncesvalles;6340;Colombia;Small City
Pericos;6341;Mexico;Small City
Vista Hermosa;6344;Mexico;Small City
Obligado;6350;Paraguay;Small City
San Matias;6352;Bolivia;Small City
Pauna;6355;Colombia;Small City
El Tambo;6355;Colombia;Small City
Capayan;6358;Argentina;Small City
Ayapango;6361;Mexico;Small City
Puga;6361;Mexico;Small City
Topolobampo;6361;Mexico;Small City
Pedro Velho;6366;Brazil;Small City
El Paso;6367;Colombia;Small City
San Jose Acatempa;6367;Guatemala;Small City
Tamarindo;6375;Costa Rica;Small City
Salinas;6375;Puerto Rico;Small City
Carapan;6379;Mexico;Small City
Santa Isabel;6382;Colombia;Small City
El Triunfo ( El Cruce);6386;Peru;Small City
Santo Antonio do Leverger;6387;Brazil;Small City
San Manuel;6389;Honduras;Small City
Chirilagua;6393;El Salvador;Small City
Senillosa;6394;Argentina;Small City
La Lira;6394;Mexico;Small City
Trevelin;6395;Argentina;Small City
Varzelandia;6397;Brazil;Small City
Fray Luis Beltran;6401;Argentina;Small City
La Constitucion Toltepec;6402;Mexico;Small City
Waspan;6403;Nicaragua;Small City
Posoltega;6403;Nicaragua;Small City
San Bartolo Tlaxihuicalco;6404;Mexico;Small City
Tamesis;6406;Colombia;Small City
Teculutan;6407;Guatemala;Small City
Salsipuedes;6411;Argentina;Small City
Segunda Jerusalen - Azunguillo;6412;Peru;Small City
Remedios;6415;Colombia;Small City
La Magdalena Tetela Morelos;6421;Mexico;Small City
Los Altos;6421;Argentina;Small City
Alfredo Chaves;6422;Brazil;Small City
Tamayo;6429;Dominican Republic;Small City
Cristinapolis;6430;Brazil;Small City
Jaltepec;6431;Mexico;Small City
Adelia Maria;6434;Argentina;Small City
Licey al Medio;6435;Dominican Republic;Small City
Tacana;6438;Guatemala;Small City
Pirapemas;6439;Brazil;Small City
La Libertad;6439;Guatemala;Small City
Santana do Mundau;6439;Brazil;Small City
Taretan;6440;Mexico;Small City
Quilmana;6442;Peru;Small City
San Vicente Tancuayalab;6444;Mexico;Small City
Berrotaran;6446;Argentina;Small City
San Jose;6452;Argentina;Small City
San Antonio;6456;Puerto Rico;Small City
Atempan;6457;Mexico;Small City
Vida Mejor I;6460;Mexico;Small City
Gurupa;6461;Brazil;Small City
Tlapanaloya;6466;Mexico;Small City
Nuevo Cuscatlan;6469;El Salvador;Small City
Palora;6472;Ecuador;Small City
Hueyapan;6478;Mexico;Small City
Caloto;6478;Colombia;Small City
Igaci;6480;Brazil;Small City
Prainha;6481;Brazil;Small City
Ingeniero Luis A. Huergo;6483;Argentina;Small City
Macultepec;6485;Mexico;Small City
Paraiso;6490;Dominican Republic;Small City
Cofradia;6495;Mexico;Small City
Atequiza;6498;Mexico;Small City
Waslala;6498;Nicaragua;Small City
El Rosario;6498;Colombia;Small City
Ocampo;6499;Mexico;Small City
Constancia;6500;Mexico;Small City
Mazagao;6500;Brazil;Small City
Gaspar Hernandez;6506;Dominican Republic;Small City
Becal;6511;Mexico;Small City
San Rafael;6515;Mexico;Small City
Paranhos;6516;Brazil;Small City
Runaway Bay;6517;Jamaica;Small City
Taxisco;6518;Guatemala;Small City
San Jeronimo Amanalco;6519;Mexico;Small City
San Zenon;6520;Colombia;Small City
San Pablo;6522;Colombia;Small City
Santiago de Cuenda;6524;Mexico;Small City
Villa Mariano Matamoros;6527;Mexico;Small City
Nizao;6530;Dominican Republic;Small City
Cerano;6530;Mexico;Small City
Tequisistlan;6532;Mexico;Small City
Villa Garcia;6535;Mexico;Small City
Porto;6535;Brazil;Small City
Chautla;6540;Mexico;Small City
Miramar;6540;Costa Rica;Small City
San Jose De Sisa;6546;Peru;Small City
Santa Maria Magdalena Ocotitlan;6547;Mexico;Small City
Soltepec;6547;Mexico;Small City
Copainala;6550;Mexico;Small City
Temozon;6553;Mexico;Small City
Marquelia;6553;Mexico;Small City
La Cabecera;6559;Mexico;Small City
Campamento;6560;Honduras;Small City
Guadalupe;6561;Panama;Small City
Victorica;6565;Argentina;Small City
Temascal;6566;Mexico;Small City
Jimani;6567;Dominican Republic;Small City
El Sauz;6569;Mexico;Small City
Joaquin Suarez;6570;Uruguay;Small City
Coracao de Maria;6571;Brazil;Small City
Ceiba;6576;Puerto Rico;Small City
Xilitla;6576;Mexico;Small City
Villa Madero;6577;Mexico;Small City
Cosala;6577;Mexico;Small City
Lomas Verdes;6583;Mexico;Small City
Quebrangulo;6587;Brazil;Small City
Borrazopolis;6592;Brazil;Small City
Pan de Azucar;6597;Uruguay;Small City
Cordoba;6597;Colombia;Small City
Benito Garcia (El Zorrillo);6598;Mexico;Small City
Morelos;6602;Mexico;Small City
Lomas de Santa Anita;6604;Mexico;Small City
Chui;6605;Brazil;Small City
Estacion Santa Engracia;6606;Mexico;Small City
Los Frentones;6610;Argentina;Small City
Tochtepec;6615;Mexico;Small City
La Pradera;6619;Mexico;Small City
Copala;6619;Mexico;Small City
Tanhacu;6620;Brazil;Small City
San Jeronimo Coyula;6622;Mexico;Small City
Concordia;6624;Colombia;Small City
Moncion;6625;Dominican Republic;Small City
Santa Ana Jilotzingo;6625;Mexico;Small City
Governador Dix Sept Rosado;6626;Brazil;Small City
Llorente;6626;Costa Rica;Small City
Santa Maria la Alta;6626;Mexico;Small City
Pastor Ortiz;6630;Mexico;Small City
Tarariras;6632;Uruguay;Small City
Pangoa;6638;Peru;Small City
Casabianca;6639;Colombia;Small City
Fraccionamiento Colinas del Sol;6640;Mexico;Small City
Monte Alegre;6643;Brazil;Small City
San Sebastian de Aparicio;6644;Mexico;Small City
Ixhuatlan del Cafe;6649;Mexico;Small City
Rio Turbio;6650;Argentina;Small City
Yacimientos Rio Turbio;6650;Argentina;Small City
Alba Posse;6652;Argentina;Small City
Fonavi;6654;Peru;Small City
Las Piedras;6655;Puerto Rico;Small City
Trancas;6658;Argentina;Small City
Careiro da Varzea;6659;Brazil;Small City
San Cristobal Nexquipayac;6661;Mexico;Small City
Morrope;6662;Peru;Small City
La Toma;6663;Argentina;Small City
Uspantan;6664;Guatemala;Small City
Ponciano Arriaga;6665;Mexico;Small City
Altamirano;6672;Mexico;Small City
Oxchuc;6675;Mexico;Small City
Loma de Cabrera;6679;Dominican Republic;Small City
Ambalema;6683;Colombia;Small City
Benque Viejo el Carmen;6684;Belize;Small City
San Felipe Orizatlan;6686;Mexico;Small City
San Juan Huactzinco;6687;Mexico;Small City
San Luis;6690;Cuba;Small City
Santa Ana Ixtlahuatzingo (Santa Ana);6697;Mexico;Small City
Picota;6697;Peru;Small City
Arenal;6700;Mexico;Small City
Santa Cruz del Monte;6703;Mexico;Small City
San Pedro de Coche;6704;Venezuela, Bolivarian Rep. of;Small City
Upanema;6704;Brazil;Small City
Mision de Chichimecas;6716;Mexico;Small City
Rio Novo do Sul;6717;Brazil;Small City
La Pila;6722;Mexico;Small City
Jesus Maria Garza;6724;Mexico;Small City
Rio Viejo Primera Seccion;6726;Mexico;Small City
Pignon;6731;Haiti;Small City
Estacion Bamoa;6733;Mexico;Small City
Acuitzio del Canje;6733;Mexico;Small City
Huandacareo;6736;Mexico;Small City
Ixtenco;6741;Mexico;Small City
San Juan Tehuixtitlan;6743;Mexico;Small City
La Reforma;6743;Mexico;Small City
Tancitaro;6747;Mexico;Small City
Esqueda;6749;Mexico;Small City
Carai;6750;Brazil;Small City
Villa Azueta;6754;Mexico;Small City
Ahuacatlan;6754;Mexico;Small City
Santa Maria Jajalpa;6755;Mexico;Small City
Huicungo;6757;Peru;Small City
Santiago de Chuco;6759;Peru;Small City
Cojumatlan de Regules;6763;Mexico;Small City
Panchimalco;6764;El Salvador;Small City
San Benito;6771;Argentina;Small City
Monjaras;6772;Honduras;Small City
Tonanitla;6774;Mexico;Small City
San Joaquin Coapango;6774;Mexico;Small City
Petalcingo;6775;Mexico;Small City
San Luis;6776;Guatemala;Small City
Ciudad Ayala;6777;Mexico;Small City
Golfito;6777;Costa Rica;Small City
Bolondron;6778;Cuba;Small City
Tecamachalco;6780;Mexico;Small City
Tesechoacan;6783;Mexico;Small City
Cot;6784;Costa Rica;Small City
Cacalchen;6787;Mexico;Small City
Santa Rosa de Rio Primero;6788;Argentina;Small City
Nopalucan;6789;Mexico;Small City
Indaparapeo;6791;Mexico;Small City
Ocara;6793;Brazil;Small City
San Nicolas Tolentino;6798;Mexico;Small City
Zempoala;6798;Mexico;Small City
Acolla;6805;Peru;Small City
Pearl Lagoon;6809;Nicaragua;Small City
Celestun;6810;Mexico;Small City
General Fernandez Oro;6813;Argentina;Small City
Monte Alegre de Sergipe;6816;Brazil;Small City
Raudales Malpaso;6817;Mexico;Small City
Avia Terai;6821;Argentina;Small City
San Antonio Mihuacan;6826;Mexico;Small City
Mazamari;6826;Peru;Small City
San Jeronimito;6830;Mexico;Small City
San Carlos Sija;6831;Guatemala;Small City
Coacoatzintla;6832;Mexico;Small City
Santiago;6836;Colombia;Small City
Tolcayuca;6836;Mexico;Small City
Mazatan;6838;Mexico;Small City
Pihuamo;6838;Mexico;Small City
Morelos;6839;Mexico;Small City
Imuris;6841;Mexico;Small City
Sicaya;6842;Peru;Small City
Perene;6844;Peru;Small City
Penuelas;6847;Puerto Rico;Small City
Tlacotepec;6848;Mexico;Small City
Santa Ana Nopalucan;6848;Mexico;Small City
El Coacoyul;6850;Mexico;Small City
Filandia;6851;Colombia;Small City
Anton;6851;Panama;Small City
Matinha;6851;Brazil;Small City
Mina Clavero;6855;Argentina;Small City
Pacora;6856;Panama;Small City
Coyuca de Catalan;6857;Mexico;Small City
Icano;6857;Argentina;Small City
Teno;6858;Chile;Small City
Cumaru;6861;Brazil;Small City
Cruz Alta;6862;Argentina;Small City
Villa San Agustin;6864;Argentina;Small City
Ambo;6865;Peru;Small City
Villanueva;6866;Mexico;Small City
San Juan Bautista;6871;Peru;Small City
Ortega;6871;Colombia;Small City
Coacotla;6873;Mexico;Small City
Zongolica;6874;Mexico;Small City
Cantagallo;6874;Colombia;Small City
El Ocotito;6882;Mexico;Small City
Pantelho;6888;Mexico;Small City
Jonuta;6899;Mexico;Small City
Nuporanga;6900;Brazil;Small City
Concepcion;6900;Bolivia;Small City
Pecanha;6902;Brazil;Small City
Villa Alberto Andres Alvarado Aramburo;6902;Mexico;Small City
Jeronimo Monteiro;6902;Brazil;Small City
Yehualtepec;6903;Mexico;Small City
Copalillo;6910;Mexico;Small City
Monte Blanco;6911;Mexico;Small City
Monte Cristo;6914;Argentina;Small City
Ojocaliente;6914;Mexico;Small City
Paya;6916;Dominican Republic;Small City
Ignacio Zaragoza;6916;Mexico;Small City
Santa Clara de Valladares;6917;Mexico;Small City
Monte Maiz;6920;Argentina;Small City
La Alianza;6923;Honduras;Small City
Tingueindin;6923;Mexico;Small City
San Agustin de las Juntas;6923;Mexico;Small City
Sao Joao;6926;Brazil;Small City
Arias;6928;Argentina;Small City
Nandasmo;6934;Nicaragua;Small City
Ixtlahuaca de Rayon;6934;Mexico;Small City
Oaxtepec;6939;Mexico;Small City
El Diez;6939;Mexico;Small City
Apia;6940;Colombia;Small City
Presas;6942;Mexico;Small City
La Concepcion;6946;Nicaragua;Small City
Afonso Bezerra;6947;Brazil;Small City
El Campanario y Oradel;6951;Mexico;Small City
Yabucoa;6952;Puerto Rico;Small City
San Francisco Tepeolulco;6954;Mexico;Small City
Mirador;6955;Brazil;Small City
Wiwili;6955;Nicaragua;Small City
San Buenaventura;6957;Mexico;Small City
Zacapechpan;6959;Mexico;Small City
Guillermo Zuniga;6961;Mexico;Small City
El Suchil;6962;Mexico;Small City
Veinticinco de Mayo;6962;Argentina;Small City
Bull Savannah;6962;Jamaica;Small City
Paripiranga;6965;Brazil;Small City
Xaltianguis;6965;Mexico;Small City
San Juan Cosala;6973;Mexico;Small City
Lascano;6976;Uruguay;Small City
Sierra Grande;6978;Argentina;Small City
Santa Maria Chiquimula;6980;Guatemala;Small City
Jesus de Otoro;6988;Honduras;Small City
Caucel;6988;Mexico;Small City
Totolac;6989;Mexico;Small City
Intendente Alvear;6990;Argentina;Small City
Otanche;6997;Colombia;Small City
Santa Teresa;6998;Mexico;Small City
Tres Postes;7000;Ecuador;Small City
Chanal;7008;Mexico;Small City
Colon;7014;Mexico;Small City
El Factor;7014;Dominican Republic;Small City
Atenas;7014;Costa Rica;Small City
Villagarzon;7015;Colombia;Small City
Aroeiras;7019;Brazil;Small City
Jolalpan;7022;Mexico;Small City
Guacimo;7022;Costa Rica;Small City
Galeana;7024;Mexico;Small City
Tuxtla Chico;7026;Mexico;Small City
San Ciro de Acosta;7026;Mexico;Small City
Apetatitlan Antonio Carbajal;7026;Mexico;Small City
Malabrigo;7026;Argentina;Small City
Afua;7031;Brazil;Small City
Jacarau;7035;Brazil;Small City
Apaxtla de Castrejon;7037;Mexico;Small City
San Pedro Arriba;7040;Mexico;Small City
Colombia;7040;Colombia;Small City
Acultzingo;7040;Mexico;Small City
Tucume;7043;Peru;Small City
Potam;7044;Mexico;Small City
Frei Paulo;7047;Brazil;Small City
Torata;7054;Peru;Small City
Inhuma;7056;Brazil;Small City
Cerro de San Antonio;7057;Colombia;Small City
Ecatzingo de Hidalgo;7058;Mexico;Small City
Abadiania;7062;Brazil;Small City
San Miguel Tlaixpan;7064;Mexico;Small City
Dolores;7065;Nicaragua;Small City
Doxey;7066;Mexico;Small City
La Cocha;7066;Argentina;Small City
Villa Juarez;7069;Mexico;Small City
Guateque;7069;Colombia;Small City
Chiconcuac;7071;Mexico;Small City
Nindiri;7073;Nicaragua;Small City
Moengo;7074;Suriname;Small City
La Chamba;7075;Colombia;Small City
Sao Roque de Minas;7076;Brazil;Small City
Simplicio Mendes;7076;Brazil;Small City
Santo Tomas La Union;7081;Guatemala;Small City
Hidrolandia;7082;Brazil;Small City
Corredor;7084;Costa Rica;Small City
Repatriacion;7085;Paraguay;Small City
Mancio Lima;7086;Brazil;Small City
Santa Ana Maya;7087;Mexico;Small City
Francisco I. Madero;7091;Mexico;Small City
Palmas de Monte Alto;7091;Brazil;Small City
Chichicapa;7091;Mexico;Small City
Zacamulpa;7097;Mexico;Small City
Maria Grande;7101;Argentina;Small City
San Sebastian del Sur;7104;Mexico;Small City
Jaicos;7107;Brazil;Small City
Villa del Totoral;7110;Argentina;Small City
Poco Branco;7112;Brazil;Small City
San Diego de la Union;7116;Mexico;Small City
San Juan Opico;7127;El Salvador;Small City
Buenavista de Cuellar;7131;Mexico;Small City
San Ramon;7133;Uruguay;Small City
Santa Eulalia;7135;Mexico;Small City
Laguna Larga;7137;Argentina;Small City
San Francisco Pujiltic;7137;Mexico;Small City
Cuapiaxtla de Madero;7139;Mexico;Small City
Genova;7140;Colombia;Small City
Ponto Novo;7141;Brazil;Small City
Actipan de Morelos;7144;Mexico;Small City
San Nicolas de los Agustinos;7148;Mexico;Small City
Chuarrancho;7149;Guatemala;Small City
Kantunilkin;7150;Mexico;Small City
Jepelacio;7150;Peru;Small City
Realico;7151;Argentina;Small City
Peque;7155;Colombia;Small City
San Jorge;7158;Nicaragua;Small City
San Andres Calpan;7161;Mexico;Small City
Puruaran;7162;Mexico;Small City
San Vicente Pacaya;7162;Guatemala;Small City
Bellavista;7163;Mexico;Small City
Riosucio;7163;Colombia;Small City
Tila;7164;Mexico;Small City
Vicente Camalote;7164;Mexico;Small City
Xocotla;7168;Mexico;Small City
Ciudad Cerralvo;7169;Mexico;Small City
Conkal;7173;Mexico;Small City
La Arena;7175;Panama;Small City
Sarandi del Yi;7176;Uruguay;Small City
Anse a Galets;7178;Haiti;Small City
Yaguaron;7181;Paraguay;Small City
El Triunfo;7182;Honduras;Small City
Santa Anita Huiloac;7183;Mexico;Small City
Lares;7184;Puerto Rico;Small City
La Dorada;7185;Colombia;Small City
Jardim;7189;Brazil;Small City
San Jeronimo de Juarez;7200;Mexico;Small City
Villa Comaltitlan;7201;Mexico;Small City
Asuncion Ixtaltepec;7203;Mexico;Small City
Soroa;7205;Cuba;Small City
La Concepcion de los Banos;7207;Mexico;Small City
Concepcion del Oro;7210;Mexico;Small City
Miacatlan;7212;Mexico;Small City
Ares;7231;Brazil;Small City
El Penon;7234;Colombia;Small City
San Andres;7235;Guatemala;Small City
Tranqueras;7235;Uruguay;Small City
La Cumbre;7235;Argentina;Small City
Peralta;7236;Dominican Republic;Small City
Sampacho;7238;Argentina;Small City
Atizapan;7243;Mexico;Small City
Coatepec Harinas;7243;Mexico;Small City
Ayutla;7244;Mexico;Small City
Ajacuba;7245;Mexico;Small City
Santo Domingo Zanatepec;7249;Mexico;Small City
Atotonilquillo;7249;Mexico;Small City
San Marcos de Leon;7256;Mexico;Small City
Santa Rosa;7257;Paraguay;Small City
Benemerito de las Americas;7259;Mexico;Small City
Santa Isabel;7260;Puerto Rico;Small City
Atotonilco el Grande;7261;Mexico;Small City
Usmajac;7269;Mexico;Small City
Santiago Suchilquitongo;7276;Mexico;Small City
Maclovio Rojas;7279;Mexico;Small City
Cajaruro;7281;Peru;Small City
Medina;7281;Colombia;Small City
Independencia;7282;Mexico;Small City
Huanchaquito Alto;7282;Peru;Small City
Tabaloslos;7282;Peru;Small City
Villa de Etla;7285;Mexico;Small City
Sabancuy;7286;Mexico;Small City
Juarez;7286;Mexico;Small City
Gros Morne;7294;Haiti;Small City
Sao Desiderio;7295;Brazil;Small City
Hopelchen;7295;Mexico;Small City
Inirida;7298;Colombia;Small City
Santa Maria Ixtiyucan;7298;Mexico;Small City
Tilaran;7301;Costa Rica;Small City
Ibirapitanga;7302;Brazil;Small City
Villa de Soto;7303;Argentina;Small City
Coronel Marcelino Mariduena;7303;Ecuador;Small City
Coahuayana de Hidalgo;7307;Mexico;Small City
Juli;7309;Peru;Small City
Archidona;7309;Ecuador;Small City
George Town;7314;Bahamas;Small City
Tabasco;7317;Mexico;Small City
Emiliano Zapata (Santo Domingo);7331;Mexico;Small City
San Sebastian;7333;El Salvador;Small City
Tenango de las Flores;7334;Mexico;Small City
Chontalpa;7336;Mexico;Small City
Bataipora;7346;Brazil;Small City
Coihueco;7346;Chile;Small City
El Progreso;7350;Guatemala;Small City
San Lorenzo Cacaotepec;7351;Mexico;Small City
Barcelos;7353;Brazil;Small City
Panotla;7356;Mexico;Small City
Nahuizalco;7358;El Salvador;Small City
Minas Novas;7365;Brazil;Small City
Chilon;7368;Mexico;Small City
Montecillo;7371;Mexico;Small City
Bananeiras;7371;Brazil;Small City
Reyes;7376;Bolivia;Small City
Passagem Franca;7376;Brazil;Small City
Zimatepec;7378;Mexico;Small City
Talavera;7381;Peru;Small City
Salto del Guaira;7385;Paraguay;Small City
Rio Primero;7389;Argentina;Small City
Tenares;7390;Dominican Republic;Small City
Dzidzantun;7393;Mexico;Small City
El Aguila;7393;Colombia;Small City
San Miguel;7396;Argentina;Small City
Monte Santo;7398;Brazil;Small City
Concepcion de la Sierra;7398;Argentina;Small City
Justiniano Posse;7406;Argentina;Small City
Sao Pedro do Piaui;7408;Brazil;Small City
Pimampiro;7408;Ecuador;Small City
Santa Maria Huatulco;7409;Mexico;Small City
Sucua;7413;Ecuador;Small City
Areia Branca;7414;Brazil;Small City
Barrio de Mexico;7414;Mexico;Small City
Coracora;7420;Peru;Small City
San Francisco Zacacalco;7420;Mexico;Small City
Paramirim;7421;Brazil;Small City
Capacuaro;7424;Mexico;Small City
Salahonda;7430;Colombia;Small City
San Jose;7434;Peru;Small City
Hermoso Campo;7435;Argentina;Small City
San Pedro Tapanatepec;7441;Mexico;Small City
Tapilula;7441;Mexico;Small City
Sao Jose do Calcado;7442;Brazil;Small City
Cacimba de Dentro;7447;Brazil;Small City
Villa Rica;7448;Peru;Small City
Mochumi;7460;Peru;Small City
Santa Cruz Cuauhtenco;7460;Mexico;Small City
Pillaro;7462;Ecuador;Small City
Muana;7464;Brazil;Small City
Chahal;7465;Guatemala;Small City
Paso de Ovejas;7468;Mexico;Small City
Alagoinha;7474;Brazil;Small City
Silvia;7474;Colombia;Small City
San Lorenzo Chiautzingo;7477;Mexico;Small City
El Pinon;7481;Colombia;Small City
Doctor Juan Leon Mallorquin;7481;Paraguay;Small City
Las Vegas, Santa Barbara;7487;Honduras;Small City
Los Ruisenores;7493;Mexico;Small City
Saint George's;7500;Grenada;Small City
Milan;7507;Colombia;Small City
Coxen Hole;7514;Honduras;Small City
Buctzotz;7515;Mexico;Small City
Acacoyagua;7515;Mexico;Small City
Nazareno;7515;Mexico;Small City
Tlanalapa;7518;Mexico;Small City
Uribia;7519;Colombia;Small City
Arroyo;7520;Puerto Rico;Small City
Tuzamapan;7522;Mexico;Small City
Villa La Angostura;7526;Argentina;Small City
Cumbal;7529;Colombia;Small City
San Miguel Cuyutlan;7533;Mexico;Small City
Baixa Grande;7534;Brazil;Small City
Mataquescuintla;7539;Guatemala;Small City
Bouillante;7540;Guadeloupe;Small City
Urubamba;7540;Peru;Small City
Castillos;7541;Uruguay;Small City
Lomas de Sargentillo;7542;Ecuador;Small City
Tenabo;7543;Mexico;Small City
Villa Luvianos;7546;Mexico;Small City
Chinameca;7547;Mexico;Small City
La Legua - San Jacinto;7548;Peru;Small City
Cuautlapan;7549;Mexico;Small City
Inhapi;7550;Brazil;Small City
San Miguel Siguila;7551;Guatemala;Small City
El Verde;7556;Mexico;Small City
Santa Terezinha;7564;Brazil;Small City
San Gaspar Tonatico;7565;Mexico;Small City
San Lorenzo Tlacotepec;7566;Mexico;Small City
Rio Bravo;7568;Guatemala;Small City
San Patricio;7569;Mexico;Small City
Cornillon;7572;Haiti;Small City
Nuestra Senora del Rosario de Caa Cati;7573;Argentina;Small City
Lascahobas;7574;Haiti;Small City
El Naranjito;7574;Mexico;Small City
Tlachichuca;7574;Mexico;Small City
Villa de Arista;7575;Mexico;Small City
Jocotitlan;7575;Mexico;Small City
Orizona;7583;Brazil;Small City
Cartagena del Chaira;7586;Colombia;Small City
Pilar;7588;Brazil;Small City
Pacocha;7588;Peru;Small City
Choconta;7592;Colombia;Small City
Agua Blanca Sur;7592;Honduras;Small City
Estacion Coahuila;7596;Mexico;Small City
Cerro de Ortega;7598;Mexico;Small City
Teotitlan;7598;Mexico;Small City
Tlacotalpan;7600;Mexico;Small City
Santiago Acatlan;7601;Mexico;Small City
Laguna Salada;7601;Dominican Republic;Small City
Villa Corona;7603;Mexico;Small City
Coatepec;7604;Mexico;Small City
Prado;7607;Colombia;Small City
Santa Maria Xadani;7613;Mexico;Small City
Cota;7615;Colombia;Small City
El Espinal;7616;Mexico;Small City
El Paujil;7618;Colombia;Small City
Union de San Antonio;7620;Mexico;Small City
Brejinho;7625;Brazil;Small City
Sao Jose de Piranhas;7628;Brazil;Small City
Pauini;7633;Brazil;Small City
Barro Alto;7633;Brazil;Small City
Barbacoas;7633;Colombia;Small City
Santa Maria del Tule;7636;Mexico;Small City
La Concordia;7641;Mexico;Small City
Arara;7641;Brazil;Small City
Yallahs;7644;Jamaica;Small City
Los Olivos;7647;Mexico;Small City
Nueve de Julio;7652;Argentina;Small City
Vega de Alatorre;7653;Mexico;Small City
Touros;7662;Brazil;Small City
Cicuco;7662;Colombia;Small City
Valle de Banderas;7666;Mexico;Small City
Araruna;7667;Brazil;Small City
Sona;7669;Panama;Small City
Puerto Morazan;7671;Nicaragua;Small City
Chilchota;7673;Mexico;Small City
La Selva;7690;Mexico;Small City
Cuichapa;7697;Mexico;Small City
Casillas;7698;Guatemala;Small City
Amealco;7698;Mexico;Small City
Larreynaga;7703;Nicaragua;Small City
San Julian;7706;Bolivia;Small City
Petrolina de Goias;7710;Brazil;Small City
Sosua;7713;Dominican Republic;Small City
Las Terrenas;7713;Dominican Republic;Small City
Axtla de Terrazas;7714;Mexico;Small City
San Ignacio Rio Muerto;7718;Mexico;Small City
Arandas;7722;Mexico;Small City
Angicos;7728;Brazil;Small City
Vieux-Habitants;7728;Guadeloupe;Small City
San Juan;7729;Costa Rica;Small City
Niquinohomo;7732;Nicaragua;Small City
Yuto;7732;Argentina;Small City
Junqueiro;7740;Brazil;Small City
San Carlos;7742;Colombia;Small City
Santiago Alseseca;7744;Mexico;Small City
Jardin;7747;Colombia;Small City
Jerecuaro;7748;Mexico;Small City
Pointe-Noire;7749;Guadeloupe;Small City
Jerico;7750;Colombia;Small City
Benjamin Aceval;7751;Paraguay;Small City
Guerrero;7751;Mexico;Small City
Cocorit;7752;Mexico;Small City
Huehuetan;7755;Mexico;Small City
Campanilla;7757;Puerto Rico;Small City
Hacienda Blanca;7758;Mexico;Small City
Tingambato;7771;Mexico;Small City
Nhamunda;7772;Brazil;Small City
La Pesa;7773;Panama;Small City
Huillapima;7779;Argentina;Small City
Falmouth;7779;Jamaica;Small City
La Ribera;7780;Mexico;Small City
San Antonio La Paz;7781;Guatemala;Small City
Guaraniacu;7781;Brazil;Small City
Flexeiras;7782;Brazil;Small City
Mato Verde;7783;Brazil;Small City
San Juan del Sur;7790;Nicaragua;Small City
Gonzalillo;7793;Panama;Small City
Concepcion de Ataco;7797;El Salvador;Small City
Villa Sandino;7799;Nicaragua;Small City
San Andros;7800;Bahamas;Small City
Pocinhos;7803;Brazil;Small City
Vianopolis;7807;Brazil;Small City
Quepos;7810;Costa Rica;Small City
San Antonio Aguas Calientes;7811;Guatemala;Small City
Le Vauclin;7812;Martinique;Small City
Freire;7813;Chile;Small City
Lamarque;7819;Argentina;Small City
Uirauna;7823;Brazil;Small City
El Espinal;7823;Mexico;Small City
Santa Cruz Balanya;7825;Guatemala;Small City
Medellin y Madero Segunda Seccion;7825;Mexico;Small City
Hacienda Huancane;7831;Peru;Small City
Esperanza;7833;Mexico;Small City
Las Praderas;7836;Nicaragua;Small City
Minas de Barroteran;7842;Mexico;Small City
Santo Tomas Chiconautla;7844;Mexico;Small City
Los Aquijes;7848;Peru;Small City
Canto del Llano;7854;Panama;Small City
Concordia;7858;Mexico;Small City
Pitimbu;7862;Brazil;Small City
Mazamitla;7865;Mexico;Small City
Sardinata;7872;Colombia;Small City
Bocana de Paiwas;7872;Nicaragua;Small City
San Luis;7872;Mexico;Small City
Morococha;7890;Peru;Small City
La Huerta;7891;Mexico;Small City
Herveo;7893;Colombia;Small City
San Juan Nepomuceno;7893;Paraguay;Small City
Itati;7902;Argentina;Small City
Port Maria;7906;Jamaica;Small City
Gracias;7909;Honduras;Small City
San Ignacio;7912;Peru;Small City
Old Harbour Bay;7912;Jamaica;Small City
Alvear;7917;Argentina;Small City
Itapirapua;7923;Brazil;Small City
Altar;7927;Mexico;Small City
Liborina;7928;Colombia;Small City
Parnamirim;7928;Brazil;Small City
Buenos Aires;7932;Peru;Small City
Simoca;7939;Argentina;Small City
Atlatlahucan;7941;Mexico;Small City
El Dovio;7942;Colombia;Small City
Le Marin;7943;Martinique;Small City
San Bartolo;7951;Mexico;Small City
Caqueza;7958;Colombia;Small City
Aipe;7964;Colombia;Small City
Sao Miguel do Tapuio;7964;Brazil;Small City
Piriapolis;7968;Uruguay;Small City
Muzo;7977;Colombia;Small City
Bovril;7977;Argentina;Small City
Ciudad Camargo;7984;Mexico;Small City
San Miguel Vindho;7988;Mexico;Small City
Revolucion Mexicana;7989;Mexico;Small City
Tlayacapan;7989;Mexico;Small City
Santa Catarina Ayometla;7992;Mexico;Small City
Urdinarrain;7992;Argentina;Small City
Quirihue;8000;Chile;Small City
San Antonio del Estrecho;8000;Peru;Small City
El Calafate;8000;Argentina;Small City
Lower Prince's Quarter;8000;;Small City
Oyambarillo;8000;Ecuador;Small City
Santo Domingo de Guzman;8008;Mexico;Small City
Campo do Brito;8011;Brazil;Small City
Great Corn Island;8011;Nicaragua;Small City
Challapata;8016;Bolivia;Small City
Miahuatlan;8016;Mexico;Small City
Imbert;8024;Dominican Republic;Small City
Ejido San Lorenzo Cuauhtenco;8024;Mexico;Small City
Santa Ana;8029;Costa Rica;Small City
Chazuta;8029;Peru;Small City
Tarata;8043;Bolivia;Small City
Malinalco;8045;Mexico;Small City
Santana do Matos;8050;Brazil;Small City
Totolapa;8060;Mexico;Small City
Fiambala;8061;Argentina;Small City
Santa Cruz Atizapan;8062;Mexico;Small City
Doctor Alberto Oviedo Mota;8064;Mexico;Small City
Anori;8064;Brazil;Small City
Soplaviento;8067;Colombia;Small City
Tangara;8067;Brazil;Small City
Ubaira;8069;Brazil;Small City
San Isidro;8071;Puerto Rico;Small City
Tacotalpa;8071;Mexico;Small City
El Pueblito;8078;Mexico;Small City
Concepcion Chiquirichapa;8080;Guatemala;Small City
Tenextepango;8083;Mexico;Small City
General Salgado;8083;Brazil;Small City
Puerto Concordia;8086;Colombia;Small City
Soledade;8090;Brazil;Small City
San Martin Hidalgo;8092;Mexico;Small City
Japaratuba;8092;Brazil;Small City
San Jeronimo;8093;Guatemala;Small City
Taperoa;8095;Brazil;Small City
La Negreta;8100;Mexico;Small City
Lagoa Seca;8103;Brazil;Small City
Coronel Moldes;8104;Argentina;Small City
Nuevo Progreso;8113;Guatemala;Small City
Isla Soyaltepec;8116;Mexico;Small City
Putina;8118;Peru;Small City
Jonacatepec;8123;Mexico;Small City
Rio Viejo;8125;Colombia;Small City
Pau Brasil;8136;Brazil;Small City
Petit Valley;8140;Trinidad and Tobago;Small City
Moyuta;8145;Guatemala;Small City
Ourem;8145;Brazil;Small City
Policarpa;8149;Colombia;Small City
Atotonilco de Tula;8154;Mexico;Small City
Tatahuicapan;8159;Mexico;Small City
Copoya;8160;Mexico;Small City
Ampliacion Colonia Lazaro Cardenas;8161;Mexico;Small City
Pajapita;8164;Guatemala;Small City
San Pablo Villa de Mitla;8167;Mexico;Small City
Pilcomayo;8169;Peru;Small City
Rinconada;8173;Mexico;Small City
Pensilvania;8173;Colombia;Small City
Mision San Pablo;8174;Mexico;Small City
Pampa del Infierno;8176;Argentina;Small City
Calingasta;8176;Argentina;Small City
Tubara;8180;Colombia;Small City
Union y Progreso;8181;Mexico;Small City
Pancas;8183;Brazil;Small City
Villa Vicente Guerrero;8188;Mexico;Small City
Altos de San Francisco;8189;Panama;Small City
Leiva;8201;Colombia;Small City
Itaguacu;8201;Brazil;Small City
Timana;8203;Colombia;Small City
Nuevo Necaxa;8203;Mexico;Small City
San Jose las Palmas;8203;Mexico;Small City
Cisneros;8204;Colombia;Small City
San Miguel Totocuitlapilco;8207;Mexico;Small City
Santa Cruz;8217;Jamaica;Small City
Aiquile;8224;Bolivia;Small City
San Juan Tepulco;8232;Mexico;Small City
Gomez Plata;8235;Colombia;Small City
Brinkmann;8237;Argentina;Small City
Cotacachi;8238;Ecuador;Small City
Jalapilla;8245;Mexico;Small City
Les Anglais;8247;Haiti;Small City
Jesus Maria;8249;Mexico;Small City
San Juan Xiutetelco;8251;Mexico;Small City
Eusebio Ayala;8253;Paraguay;Small City
Garuhape;8259;Argentina;Small City
Miraflores;8274;Colombia;Small City
San Luis Acatlan;8276;Mexico;Small City
Lerma;8281;Mexico;Small City
San Pedro Atocpan;8283;Mexico;Small City
Monteagudo;8289;Bolivia;Small City
Santiago;8292;Costa Rica;Small City
Sarmiento;8292;Argentina;Small City
San Pedro Piedra Gorda;8297;Mexico;Small City
Puerto Bolivar;8300;Ecuador;Small City
Remolino;8308;Colombia;Small City
Muniz Freire;8312;Brazil;Small City
Tepetitla;8316;Mexico;Small City
Titiribi;8316;Colombia;Small City
Juripiranga;8320;Brazil;Small City
Cosolapa;8320;Mexico;Small City
Luquillo;8326;Puerto Rico;Small City
Concordia;8328;Mexico;Small City
Santa Rosa;8330;Argentina;Small City
Alpuyeca;8330;Mexico;Small City
El Pino;8332;Mexico;Small City
Le Lorrain;8341;Martinique;Small City
Canals;8343;Argentina;Small City
San Lorenzo;8343;Venezuela, Bolivarian Rep. of;Small City
Cantanhede;8344;Brazil;Small City
Jacarandas;8351;Mexico;Small City
Pirpirituba;8355;Brazil;Small City
Centenario do Sul;8357;Brazil;Small City
El Galpon;8357;Argentina;Small City
Yotoco;8362;Colombia;Small City
Horacio Zeballos Gamez;8365;Peru;Small City
Seye;8369;Mexico;Small City
Victor Raul;8369;Peru;Small City
Ex-Rancho San Dimas;8371;Mexico;Small City
Sao Joao da Ponte;8373;Brazil;Small City
Necaxa;8375;Mexico;Small City
Arboletes;8380;Colombia;Small City
Zacapoaxtla;8384;Mexico;Small City
Jocotan;8387;Guatemala;Small City
San Pedro Buenavista;8390;Mexico;Small City
Palmares do Sul;8392;Brazil;Small City
Sopo;8396;Colombia;Small City
Cuapiaxtla;8398;Mexico;Small City
Yerbabuena;8399;Mexico;Small City
San Miguel;8400;Peru;Small City
Cunen;8400;Guatemala;Small City
Colonia Aurora;8407;Argentina;Small City
Santa Rita Tlahuapan;8412;Mexico;Small City
Cooper's Town;8413;Bahamas;Small City
Coyutla;8413;Mexico;Small City
San Juan Tilapa;8420;Mexico;Small City
Mundo Nuevo;8420;Mexico;Small City
Vallegrande;8422;Bolivia;Small City
San Miguel Duenas;8424;Guatemala;Small City
Traipu;8427;Brazil;Small City
Pajapan;8434;Mexico;Small City
Achi;8434;Colombia;Small City
Canovanas;8437;Puerto Rico;Small City
Rancho Alegre [Fraccionamiento];8441;Mexico;Small City
Montanhas;8442;Brazil;Small City
Arteaga;8446;Mexico;Small City
Achacachi;8447;Bolivia;Small City
Puerto Vilelas;8455;Argentina;Small City
San Gaspar Tlahuelilpan;8456;Mexico;Small City
El Higo;8459;Mexico;Small City
Ario de Rayon;8464;Mexico;Small City
Chiantla;8465;Guatemala;Small City
Cul de Sac;8467;;Small City
La Huaca;8468;Peru;Small City
Chicoana;8468;Argentina;Small City
Taco Pozo;8470;Argentina;Small City
Acayuca;8470;Mexico;Small City
San Antonio;8476;Colombia;Small City
Padre Las Casas;8485;Dominican Republic;Small City
Ciudad Barrios;8491;El Salvador;Small City
Tlahuelilpan;8498;Mexico;Small City
Mirai;8499;Brazil;Small City
Aguadulce;8501;Panama;Small City
Major Isidoro;8507;Brazil;Small City
Saint-Esprit;8508;Martinique;Small City
San Andres Azumiatla;8509;Mexico;Small City
Urumita;8509;Colombia;Small City
Cuacnopalan;8516;Mexico;Small City
Jilotzingo;8523;Mexico;Small City
Piedra Blanca;8531;Dominican Republic;Small City
Sideropolis;8536;Brazil;Small City
Bacobampo;8539;Mexico;Small City
Colonia Rincon Viejo;8540;Mexico;Small City
San Lucas el Grande;8546;Mexico;Small City
Mantenopolis;8547;Brazil;Small City
Stony Hill;8551;Jamaica;Small City
Huancabamba;8553;Peru;Small City
Petit-Canal;8554;Guadeloupe;Small City
Puerto Piray;8557;Argentina;Small City
Rauco;8566;Chile;Small City
Siparia;8568;Trinidad and Tobago;Small City
Gourbeyre;8571;Guadeloupe;Small City
San Luis;8571;Mexico;Small City
Miguel Ahumada;8575;Mexico;Small City
Ensanche Luperon;8576;Dominican Republic;Small City
Jesus Gomez Portugal;8579;Mexico;Small City
Castelo do Piaui;8589;Brazil;Small City
Santa Maria Rayon;8590;Mexico;Small City
La Cruz;8591;Argentina;Small City
Antunez;8591;Mexico;Small City
Apolinario Saravia;8595;Argentina;Small City
Bosque de Saloya;8600;Mexico;Small City
Cuauhtemoc;8602;Mexico;Small City
Urucara;8603;Brazil;Small City
Queseria;8611;Mexico;Small City
Tacoaleche;8612;Mexico;Small City
Candido Mendes;8613;Brazil;Small City
General Ramirez;8614;Argentina;Small City
Colonia Santa Barbara;8617;Mexico;Small City
Camalu;8621;Mexico;Small City
Nova Floresta;8623;Brazil;Small City
Malvinas Argentinas;8628;Argentina;Small City
Huinca Renanco;8637;Argentina;Small City
La Libertad;8646;Guatemala;Small City
Chinameca;8646;El Salvador;Small City
Cliza;8654;Bolivia;Small City
Santiago de la Pena;8657;Mexico;Small City
Santa Branca;8659;Brazil;Small City
Fraccionamiento Mision del Valle;8663;Mexico;Small City
Araioses;8667;Brazil;Small City
Zaza del Medio;8667;Cuba;Small City
Vista Alegre;8673;Panama;Small City
Urireo;8679;Mexico;Small City
Ibarreta;8687;Argentina;Small City
San Raimundo;8689;Guatemala;Small City
Pomuch;8694;Mexico;Small City
San Lorenzo;8694;Nicaragua;Small City
Moreira Sales;8698;Brazil;Small City
San Jose Ixtapa (Barrio Viejo);8698;Mexico;Small City
El Cerrillo Vista Hermosa;8699;Mexico;Small City
Marte R. Gomez (Tobarito);8700;Mexico;Small City
Sotomayor;8703;Colombia;Small City
Lazaro Cardenas;8704;Mexico;Small City
Tetepango;8705;Mexico;Small City
Seybaplaya;8711;Mexico;Small City
Zea;8713;Venezuela, Bolivarian Rep. of;Small City
Emiliano Zapata;8722;Mexico;Small City
Cruz;8723;Brazil;Small City
Capulin;8724;Mexico;Small City
Ciudad Insurgentes;8741;Mexico;Small City
Batalha;8744;Brazil;Small City
Almirante;8744;Panama;Small City
Pacanga;8750;Peru;Small City
Inga;8751;Brazil;Small City
La Cruz;8751;Colombia;Small City
Puerto Pilon;8754;Panama;Small City
Ibateguara;8755;Brazil;Small City
Santiaguito Tlalcilalcalli;8761;Mexico;Small City
Pimienta Vieja;8761;Honduras;Small City
Serra Branca;8765;Brazil;Small City
Santa Barbara;8765;Mexico;Small City
Piedras Negras;8767;Mexico;Small City
San Isidro Buen Suceso;8769;Mexico;Small City
Adolfo Lopez Mateos;8770;Mexico;Small City
Estacion Querendaro;8770;Mexico;Small City
San Jeronimo De Tunan;8772;Peru;Small City
Macouria;8773;French Guiana;Small City
Telica;8776;Nicaragua;Small City
Belem do Brejo do Cruz;8777;Brazil;Small City
Villa del Carbon;8778;Mexico;Small City
Alto Araguaia;8780;Brazil;Small City
Nueva Ocotepeque;8780;Honduras;Small City
Villa Avila Camacho;8780;Mexico;Small City
Umarizal;8780;Brazil;Small City
San Pablo Huixtepec;8786;Mexico;Small City
Santo Domingo Xenacoj;8791;Guatemala;Small City
Turmalina;8795;Brazil;Small City
Alvarado;8796;Colombia;Small City
San Pedro Chochula;8798;Mexico;Small City
Cocachacra;8799;Peru;Small City
San Pedro;8801;Colombia;Small City
Aguililla;8801;Mexico;Small City
Mascota;8801;Mexico;Small City
Alvaro Obregon;8807;Mexico;Small City
Trois-Rivieres;8812;Guadeloupe;Small City
Malacacheta;8819;Brazil;Small City
Entrerrios;8820;Colombia;Small City
San Marcos de Colon;8821;Honduras;Small City
Villa la Venta;8821;Mexico;Small City
Tamulte de las Sabanas;8824;Mexico;Small City
Amarante;8828;Brazil;Small City
El Sauzal de Rodriguez;8832;Mexico;Small City
Grande Riviere du Nord;8836;Haiti;Small City
Vicam;8837;Mexico;Small City
Talpa de Allende;8839;Mexico;Small City
Coatepec;8841;Mexico;Small City
Patu;8841;Brazil;Small City
Juazeirinho;8846;Brazil;Small City
Coyote;8856;Mexico;Small City
El Tumbador;8856;Guatemala;Small City
Sao Joao do Paraiso;8859;Brazil;Small City
San Luis;8862;Peru;Small City
Sao Caetano de Odivelas;8862;Brazil;Small City
Tarecuato;8863;Mexico;Small City
Paulista Florida;8865;Brazil;Small City
Bonito;8865;Brazil;Small City
Xaltepec;8865;Mexico;Small City
Taperoa;8879;Brazil;Small City
Mucuchies;8880;Venezuela, Bolivarian Rep. of;Small City
Tlalixtac de Cabrera;8881;Mexico;Small City
Recreio;8882;Brazil;Small City
San Rafael;8887;Costa Rica;Small City
Paulo Ramos;8888;Brazil;Small City
Colonia Nicolich;8902;Uruguay;Small City
Santa Rosa del Sur;8904;Colombia;Small City
El Congo;8905;El Salvador;Small City
Juncos;8905;Puerto Rico;Small City
Tlacotepec;8908;Mexico;Small City
Lomas de Barrillas;8915;Mexico;Small City
Ibiracu;8921;Brazil;Small City
Santo Antonio do Taua;8921;Brazil;Small City
Concepcion Huista;8925;Guatemala;Small City
La Junta;8930;Mexico;Small City
Mirabela;8934;Brazil;Small City
Estanzuela;8937;Guatemala;Small City
Las Tablas;8939;Panama;Small City
Viale;8939;Argentina;Small City
San Pedro Cholula;8941;Mexico;Small City
Campo Verde;8945;Peru;Small City
Atzacan;8947;Mexico;Small City
Aibonito;8947;Puerto Rico;Small City
Lebrija;8949;Colombia;Small City
San Francisco Chimalpa;8953;Mexico;Small City
San Mateo Xoloc;8958;Mexico;Small City
Sabana Grande;8961;Puerto Rico;Small City
Cidreira;8965;Brazil;Small City
San Bernardo del Viento;8967;Colombia;Small City
Chitre;8969;Panama;Small City
Gurabo;8973;Puerto Rico;Small City
Linares;8974;Colombia;Small City
Salinas Victoria;8979;Mexico;Small City
Rio San Juan;8983;Dominican Republic;Small City
Fraccionamiento Lomas de Ahuatlan;8990;Mexico;Small City
Ixtapa;8992;Mexico;Small City
Calixtlahuaca;8993;Mexico;Small City
Vicuna Mackenna;8994;Argentina;Small City
Samayac;8994;Guatemala;Small City
Puente Viru;8995;Peru;Small City
Santa Maria Jalapa del Marques;8996;Mexico;Small City
China;8997;Mexico;Small City
San Hipolito;8999;Mexico;Small City
Tactic;8999;Guatemala;Small City
El Nino;8999;Mexico;Small City
Mburucuya;9012;Argentina;Small City
Nova Aurora;9013;Brazil;Small City
La Alameda;9013;Mexico;Small City
Joaima;9020;Brazil;Small City
Tomatlan;9026;Mexico;Small City
Las Juntas;9035;Mexico;Small City
Union de Tula;9035;Mexico;Small City
Santa Sylvina;9040;Argentina;Small City
La Trinitaria;9042;Mexico;Small City
Clodomira;9043;Argentina;Small City
Antunez (Morelos);9044;Mexico;Small City
Ciudad de Tlatlauquitepec;9047;Mexico;Small City
Huichapan;9051;Mexico;Small City
Divino das Laranjeiras;9058;Brazil;Small City
Arenapolis;9059;Brazil;Small City
Iquira;9064;Colombia;Small City
La Resurreccion;9065;Mexico;Small City
El Tobarito;9065;Mexico;Small City
Guarambare;9065;Paraguay;Small City
Eldorado;9075;Brazil;Small City
Pueblo Nuevo;9075;Colombia;Small City
Galaxia Bonito Jalisco;9082;Mexico;Small City
Mirebalais;9082;Haiti;Small City
Playa Vicente;9083;Mexico;Small City
Palenque;9083;Ecuador;Small City
Firminopolis;9084;Brazil;Small City
Capilla del Monte;9085;Argentina;Small City
Ascencion;9086;Peru;Small City
Cardonal;9090;Mexico;Small City
Yauya;9092;Peru;Small City
San Juan de Betulia;9092;Colombia;Small City
Coatetelco;9094;Mexico;Small City
Subtanjalla;9096;Peru;Small City
Irara;9099;Brazil;Small City
Santa Maria Magdalena;9099;Mexico;Small City
Sayaxche;9100;Guatemala;Small City
Mancora;9101;Peru;Small City
La Penita de Jaltomba;9102;Mexico;Small City
Querendaro;9105;Mexico;Small City
Ex-hacienda de Xalpa;9105;Mexico;Small City
Aguas Verdes;9106;Peru;Small City
Amaxac de Guerrero;9114;Mexico;Small City
Capitan Bado;9114;Paraguay;Small City
Palocabildo;9120;Colombia;Small City
Tuxpan;9122;Mexico;Small City
Carhuamayo;9122;Peru;Small City
Amatlan de los Reyes;9123;Mexico;Small City
Junin;9128;Ecuador;Small City
Jiquilisco;9129;El Salvador;Small City
Juanacatlan;9133;Mexico;Small City
Tekoh;9134;Mexico;Small City
Alcala;9135;Colombia;Small City
San Antonio del Monte;9135;El Salvador;Small City
Coronel Du Graty;9140;Argentina;Small City
Bermejillo;9149;Mexico;Small City
Las Lajitas;9151;Argentina;Small City
San Cristobal Cucho;9152;Guatemala;Small City
Santa Teresa;9156;Brazil;Small City
Calca;9179;Peru;Small City
Calamar;9180;Colombia;Small City
Alagoa Nova;9182;Brazil;Small City
Pajan;9183;Ecuador;Small City
Santa Maria Ajoloapan;9185;Mexico;Small City
Tecolotlan;9189;Mexico;Small City
Sainte-Luce;9196;Martinique;Small City
Martinho Campos;9197;Brazil;Small City
Lagunas;9197;Peru;Small City
Altamirano;9200;Mexico;Small City
Baracoa;9202;Honduras;Small City
Falan;9204;Colombia;Small City
Granada;9204;Colombia;Small City
Ibiapina;9205;Brazil;Small City
Iaciara;9207;Brazil;Small City
Guanica;9224;Puerto Rico;Small City
Quiruvilca;9226;Peru;Small City
Magdalena Cuayucatepec;9227;Mexico;Small City
Campo Viera;9228;Argentina;Small City
Naolinco de Victoria;9233;Mexico;Small City
Riofrio;9236;Colombia;Small City
Saldana;9237;Colombia;Small City
Landazuri;9238;Colombia;Small City
Vilcun;9241;Chile;Small City
Zacualpa;9241;Guatemala;Small City
Villa Jaragua;9248;Dominican Republic;Small City
Villa Zempoala;9249;Mexico;Small City
Boa Esperanca;9254;Brazil;Small City
Rialma;9270;Brazil;Small City
Aricagua;9272;Venezuela, Bolivarian Rep. of;Small City
Miches;9273;Dominican Republic;Small City
Alterosa;9277;Brazil;Small City
Punta del Este;9277;Uruguay;Small City
Guabiraba;9285;Brazil;Small City
Pica;9296;Chile;Small City
Costeira do Pirajubae;9300;Brazil;Small City
Isabel Segunda;9301;Puerto Rico;Small City
Santo Amaro das Brotas;9302;Brazil;Small City
Santo Antonio do Ica;9302;Brazil;Small City
Las Heras;9303;Argentina;Small City
El Alto;9303;Peru;Small City
El Negrito;9303;Honduras;Small City
Pailon;9304;Bolivia;Small City
Choix;9306;Mexico;Small City
Cajamarca;9309;Colombia;Small City
Manaure Balcon del Cesar;9313;Colombia;Small City
Villa Canas;9328;Argentina;Small City
Tlapehuala;9331;Mexico;Small City
Sao Paulo do Potengi;9333;Brazil;Small City
Villa Elisa;9334;Argentina;Small City
Rosas;9336;Colombia;Small City
Bernardino de Campos;9342;Brazil;Small City
Nueva Esperanza;9342;Panama;Small City
Alamos;9345;Mexico;Small City
San Pedro de Ycuamandiyu;9360;Paraguay;Small City
Pendencias;9363;Brazil;Small City
Malagueno;9364;Argentina;Small City
Palestina;9364;Ecuador;Small City
Cocotitlan;9365;Mexico;Small City
Morant Bay;9368;Jamaica;Small City
San Lorenzo;9373;Puerto Rico;Small City
Colimes;9384;Ecuador;Small City
Mirante do Paranapanema;9387;Brazil;Small City
La Huacana;9395;Mexico;Small City
Cambuci;9395;Brazil;Small City
Bahia Solano;9400;Colombia;Small City
Halacho;9412;Mexico;Small City
Porto da Folha;9420;Brazil;Small City
Abra Pampa;9425;Argentina;Small City
Juana Diaz;9427;Puerto Rico;Small City
Buriti Alegre;9427;Brazil;Small City
Comala;9442;Mexico;Small City
Las Lomas;9450;Peru;Small City
Ocho Rios;9450;Jamaica;Small City
Sibundoy;9458;Colombia;Small City
Sao Domingos do Prata;9466;Brazil;Small City
Pajaros;9466;Puerto Rico;Small City
Jorge Jimenez Cantu;9475;Mexico;Small City
Buriti dos Lopes;9475;Brazil;Small City
Atiquizaya;9476;El Salvador;Small City
Sisa;9477;Peru;Small City
San Agustin;9481;Colombia;Small City
El Transito;9485;El Salvador;Small City
Santiago Nonualco;9490;El Salvador;Small City
Ilabaya;9492;Peru;Small City
Union Choco;9497;Panama;Small City
Centralina;9497;Brazil;Small City
Banos;9501;Ecuador;Small City
Tocuyo de La Costa;9504;Venezuela, Bolivarian Rep. of;Small City
Santa Rosa de Calamuchita;9504;Argentina;Small City
Almoloya del Rio;9507;Mexico;Small City
Villa Guerrero;9509;Mexico;Small City
San Felipe Tlalmimilolpan;9512;Mexico;Small City
Tlahualilo de Zaragoza;9517;Mexico;Small City
Guaratinga;9519;Brazil;Small City
Jardim do Serido;9520;Brazil;Small City
Santa Ana;9523;Guatemala;Small City
Mucurici;9524;Brazil;Small City
San Jose de Gracia;9537;Mexico;Small City
Curillo;9539;Colombia;Small City
Rio Pardo de Minas;9540;Brazil;Small City
Usiacuri;9543;Colombia;Small City
Cunday;9544;Colombia;Small City
Restrepo;9545;Colombia;Small City
Tanhuato de Guerrero;9546;Mexico;Small City
Cerro Largo;9548;Brazil;Small City
Pimentel;9550;Dominican Republic;Small City
Sao Sebastiao;9551;Brazil;Small City
Huixquilucan de Degollado;9554;Mexico;Small City
Higuera de Zaragoza;9555;Mexico;Small City
Puerto Madero;9557;Mexico;Small City
Santa Catarina Yecahuizotl;9563;Mexico;Small City
Santiago Juxtlahuaca;9565;Mexico;Small City
Zambrano;9565;Colombia;Small City
Bolivar;9567;Colombia;Small City
Carmen;9568;Mexico;Small City
Escuintla;9570;Mexico;Small City
Sao Felipe;9574;Brazil;Small City
Anadia;9574;Brazil;Small City
Las Guaranas;9586;Dominican Republic;Small City
Totoras;9587;Argentina;Small City
Xicotencatl;9593;Mexico;Small City
Rafael Delgado;9594;Mexico;Small City
San Juan de la Vega;9597;Mexico;Small City
Sananduva;9601;Brazil;Small City
Girau do Ponciano;9606;Brazil;Small City
Parramos;9613;Guatemala;Small City
Autazes;9614;Brazil;Small City
Miramar;9614;Peru;Small City
Vegachi;9618;Colombia;Small City
Iguatemi;9619;Brazil;Small City
Prados de Santa Rosa;9626;Mexico;Small City
Filadelfia;9630;Colombia;Small City
Nortelandia;9634;Brazil;Small City
Zaragoza;9639;Mexico;Small City
Tequisistlan Primero;9640;Mexico;Small City
Trujillo;9646;Honduras;Small City
San Fernando;9651;Mexico;Small City
San Antonio del Coyote;9653;Mexico;Small City
Texistepec;9655;Mexico;Small City
Ypacarai;9655;Paraguay;Small City
Remigio;9659;Brazil;Small City
Cocoyoc;9663;Mexico;Small City
Parilla;9664;Mexico;Small City
Saba;9666;Honduras;Small City
Chinacota;9667;Colombia;Small City
Mazatecochco;9671;Mexico;Small City
Chui;9675;Uruguay;Small City
Mar de Espanha;9677;Brazil;Small City
Justo Daract;9680;Argentina;Small City
Guia Lopes da Laguna;9681;Brazil;Small City
San Pedro La Laguna;9681;Guatemala;Small City
Las Vigas de Ramirez;9684;Mexico;Small City
Colon;9687;Costa Rica;Small City
Conceicao do Almeida;9690;Brazil;Small City
La Primavera;9690;Colombia;Small City
Belalcazar;9690;Colombia;Small City
Mexicaltzingo;9693;Mexico;Small City
Hayes;9701;Jamaica;Small City
Manaure;9703;Colombia;Small City
Portovelo;9708;Ecuador;Small City
Etchojoa;9710;Mexico;Small City
Sabinopolis;9713;Brazil;Small City
Llano Bonito;9716;Panama;Small City
Ribeirao Branco;9718;Brazil;Small City
Tlatlauquitepec;9720;Mexico;Small City
Margarita;9720;Colombia;Small City
Catarama;9723;Ecuador;Small City
Topes de Collantes;9729;Cuba;Small City
Parauna;9731;Brazil;Small City
Amalfi;9733;Colombia;Small City
Ciudad Cuauhtemoc;9740;Mexico;Small City
Hacari;9745;Colombia;Small City
Ejutla de Crespo;9748;Mexico;Small City
Mesetas;9751;Colombia;Small City
Chorozinho;9754;Brazil;Small City
Fortuna;9755;Brazil;Small City
Puerto Tirol;9767;Argentina;Small City
Alexandria;9769;Brazil;Small City
Brisas de Zicatela;9771;Mexico;Small City
San Ignacio Cerro Gordo;9774;Mexico;Small City
Guajara;9774;Brazil;Small City
El Carril;9780;Argentina;Small City
Santiago Cuautlalpan;9786;Mexico;Small City
Choele Choel;9791;Argentina;Small City
Olmos;9800;Peru;Small City
Petaquillas;9801;Mexico;Small City
Belmonte;9806;Brazil;Small City
Sasaima;9807;Colombia;Small City
Reque;9808;Peru;Small City
Candelaria;9812;Mexico;Small City
General Angel Flores (La Palma);9812;Mexico;Small City
Olaya Herrera;9820;Colombia;Small City
Tetlanohcan;9832;Mexico;Small City
Tekit;9834;Mexico;Small City
Chahuite;9837;Mexico;Small City
Edeia;9838;Brazil;Small City
Chiautla;9839;Mexico;Small City
Itagiba;9843;Brazil;Small City
Utuado;9844;Puerto Rico;Small City
San Martin Jilotepeque;9846;Guatemala;Small City
Cuencame de Ceniceros;9848;Mexico;Small City
San Jose de Las Matas;9853;Dominican Republic;Small City
Rio Segundo;9853;Costa Rica;Small City
Aranzazu;9854;Colombia;Small City
Nueva Palmira;9857;Uruguay;Small City
San Francisco Tetlanohcan;9858;Mexico;Small City
Piacabucu;9861;Brazil;Small City
Eduardo Castex;9861;Argentina;Small City
Buenos Aires;9868;Mexico;Small City
San Lucas ( Pueblo Nuevo de Colan);9874;Peru;Small City
Chupaca;9877;Peru;Small City
Santa Rosa;9880;Mexico;Small City
San Marcos Tlacoyalco;9881;Mexico;Small City
Corral de Bustos;9882;Argentina;Small City
Robore;9882;Bolivia;Small City
Piranhas;9886;Brazil;Small City
Coello;9887;Colombia;Small City
Jiquipilas;9894;Mexico;Small City
Palermo;9896;Colombia;Small City
Condoto;9897;Colombia;Small City
General Zuazua;9898;Mexico;Small City
Canar;9900;Ecuador;Small City
Miraflores;9904;Mexico;Small City
Villa Hidalgo;9908;Mexico;Small City
Porto de Moz;9912;Brazil;Small City
Villa Zaragoza;9915;Mexico;Small City
La Sierra;9935;Colombia;Small City
Santa Maria do Suacui;9936;Brazil;Small City
Juayua;9936;El Salvador;Small City
Champerico;9941;Guatemala;Small City
Pedro Escobedo;9946;Mexico;Small City
Boca del Rio;9947;Mexico;Small City
Arauquita;9950;Colombia;Small City
Tobati;9952;Paraguay;Small City
Anahuac;9952;Mexico;Small City
Teixeira;9954;Brazil;Small City
Envira;9956;Brazil;Small City
Oriental;9957;Mexico;Small City
Huitan;9958;Guatemala;Small City
Joaquim Nabuco;9965;Brazil;Small City
Valle Dorado Inn;9966;Mexico;Small City
Teocelo;9967;Mexico;Small City
Tzucacab;9967;Mexico;Small City
Valle del Guamuez;9969;Colombia;Small City
Yantzaza;9970;Ecuador;Small City
Leones;9971;Argentina;Small City
Manaquiri;9981;Brazil;Small City
Nueva Concepcion;9990;El Salvador;Small City
San Buenaventura;9991;Mexico;Small City
Nhandeara;10000;Brazil;Small City
Nuevo Leon;10000;Guatemala;Small City
Princes Town;10000;Trinidad and Tobago;Small City
Residencia Moacir PU5BHV;10000;Brazil;Small City
Sassier;10000;Haiti;Small City
Santiago Yancuitlalpan;10013;Mexico;Small City
Jataizinho;10014;Brazil;Small City
Pajacuaran;10014;Mexico;Small City
Mutuipe;10016;Brazil;Small City
Taltal;10018;Chile;Small City
Fantino;10024;Dominican Republic;Small City
Daniel Flores;10028;Costa Rica;Small City
Boca de Aroa;10033;Venezuela, Bolivarian Rep. of;Small City
Guadalupe Victoria;10035;Mexico;Small City
Lauro Muller;10035;Brazil;Small City
Alto Piquiri;10039;Brazil;Small City
Algarrobo;10042;Colombia;Small City
Pueblo Nuevo;10043;Mexico;Small City
Ciudad Tula;10043;Mexico;Small City
Sao Joao Evangelista;10049;Brazil;Small City
Paseos de San Juan;10050;Mexico;Small City
Santa Ana Pacueco;10052;Mexico;Small City
Nueva Helvecia;10054;Uruguay;Small City
Grajales;10054;Mexico;Small City
Marcala;10054;Honduras;Small City
Opopeo;10055;Mexico;Small City
Barra de Santo Antonio;10057;Brazil;Small City
Sao Joao de Pirabas;10065;Brazil;Small City
Salaverry;10066;Peru;Small City
La Leonesa;10067;Argentina;Small City
La Pradera;10072;Peru;Small City
Guapo;10075;Brazil;Small City
Saladoblanco;10076;Colombia;Small City
Arinos;10077;Brazil;Small City
Paraguari;10079;Paraguay;Small City
Andrelandia;10079;Brazil;Small City
Rosario;10085;Uruguay;Small City
Santiago Tilapa;10087;Mexico;Small City
Campo Ramon;10088;Argentina;Small City
Ciudad Arce;10095;El Salvador;Small City
Otumba;10097;Mexico;Small City
Cacu;10098;Brazil;Small City
Pacaembu;10101;Brazil;Small City
Jamiltepec;10107;Mexico;Small City
Diriomo;10113;Nicaragua;Small City
Goianapolis;10114;Brazil;Small City
San Andres Ahuashuatepec;10114;Mexico;Small City
Nisia Floresta;10115;Brazil;Small City
Cambuquira;10116;Brazil;Small City
Ouanaminthe;10118;Haiti;Small City
Santa Cruz Amilpas;10120;Mexico;Small City
Tanquian de Escobedo;10127;Mexico;Small City
Nueva Santa Rosa;10130;Guatemala;Small City
Otuzco;10134;Peru;Small City
Saint-Claude;10134;Guadeloupe;Small City
Villa General San Martin;10140;Argentina;Small City
Ixhuatlan del Sureste;10149;Mexico;Small City
Oratorio;10155;Guatemala;Small City
Oeiras do Para;10162;Brazil;Small City
Mogotes;10165;Colombia;Small City
Libertad;10166;Uruguay;Small City
La Calera;10175;Colombia;Small City
Akil;10176;Mexico;Small City
Villa Gonzalez;10177;Dominican Republic;Small City
Nuevo Progreso;10178;Mexico;Small City
Urucurituba;10180;Brazil;Small City
Potosi;10186;Colombia;Small City
San Blas;10187;Mexico;Small City
Moralillo;10191;Mexico;Small City
Xaloztoc;10191;Mexico;Small City
Tetela del Volcan;10199;Mexico;Small City
Itaporanga;10202;Brazil;Small City
Mosquera;10203;Colombia;Small City
Zacatepec;10204;Mexico;Small City
Sao Raimundo das Mangabeiras;10216;Brazil;Small City
Quecholac;10216;Mexico;Small City
Dangriga;10217;Belize;Small City
Felipe Carrillo Puerto;10217;Mexico;Small City
Las Matas de Santa Cruz;10218;Dominican Republic;Small City
Calchaqui;10221;Argentina;Small City
Fraccionamiento la Trinidad;10230;Mexico;Small City
Santa Cruz de Yojoa;10230;Honduras;Small City
Alvorada;10232;Brazil;Small City
Turbana;10235;Colombia;Small City
Marapanim;10236;Brazil;Small City
Puerto Deseado;10237;Argentina;Small City
Cuitzeo del Porvenir;10239;Mexico;Small City
Anguera;10242;Brazil;Small City
El Quebrachal;10243;Argentina;Small City
Sao Jose do Campestre;10254;Brazil;Small City
El Colomo;10255;Mexico;Small City
Uruana;10258;Brazil;Small City
Paratinga;10261;Brazil;Small City
Camocim de Sao Felix;10270;Brazil;Small City
Doctor Arroyo;10272;Mexico;Small City
Tello;10273;Colombia;Small City
Rocafuerte;10274;Ecuador;Small City
Carira;10275;Brazil;Small City
Venecia;10280;Colombia;Small City
Cuajinicuilapa;10282;Mexico;Small City
Nahuatzen;10283;Mexico;Small City
Hecelchakan;10285;Mexico;Small City
Volcan;10286;Panama;Small City
Quatis;10289;Brazil;Small City
Uyuni;10293;Bolivia;Small City
Hidrolandia;10299;Brazil;Small City
Caparrapi;10301;Colombia;Small City
Santo Augusto;10305;Brazil;Small City
Chavantes;10306;Brazil;Small City
Cuatro Cienegas de Carranza;10309;Mexico;Small City
Ciudad de Chiautla de Tapia;10320;Mexico;Small City
Rincon de Tamayo;10324;Mexico;Small City
Solano;10331;Colombia;Small City
San Agustin Acasaguastlan;10335;Guatemala;Small City
Piribebuy;10337;Paraguay;Small City
Taruma;10337;Brazil;Small City
Ebejico;10338;Colombia;Small City
Espumoso;10340;Brazil;Small City
Terra Rica;10346;Brazil;Small City
General Cabrera;10351;Argentina;Small City
Ipora;10353;Brazil;Small City
Las Lomitas;10354;Argentina;Small City
Ingeniero Guillermo N. Juarez;10357;Argentina;Small City
Lima;10367;Paraguay;Small City
Quata;10370;Brazil;Small City
Vicencia;10378;Brazil;Small City
Suan;10381;Colombia;Small City
Sao Goncalo do Amarante;10381;Brazil;Small City
Villa de Reyes;10383;Mexico;Small City
Joao Neiva;10383;Brazil;Small City
Novo Cruzeiro;10385;Brazil;Small City
Realeza;10389;Brazil;Small City
Buenavista Tomatlan;10390;Mexico;Small City
Ciudad del Maiz;10391;Mexico;Small City
Puerto Quijarro;10392;Bolivia;Small City
Sandona;10401;Colombia;Small City
Profesor Carlos Hank Gonzalez;10416;Mexico;Small City
Jaltenango de la Paz;10427;Mexico;Small City
Elesbao Veloso;10430;Brazil;Small City
Tres Rios;10430;Costa Rica;Small City
Miguel Alves;10438;Brazil;Small City
Rio Piracicaba;10439;Brazil;Small City
Queimadas;10439;Brazil;Small City
Sume;10440;Brazil;Small City
San Juan de Abajo;10442;Mexico;Small City
Itapui;10445;Brazil;Small City
Santiago;10449;Peru;Small City
Palestina;10454;Colombia;Small City
Calabazar de Sagua;10455;Cuba;Small City
La Agustina;10457;Dominican Republic;Small City
Zaragoza;10461;Mexico;Small City
Acatlan de Juarez;10461;Mexico;Small City
Esperanza;10462;Cuba;Small City
Santiago Tangamandapio;10463;Mexico;Small City
San Carlos Centro;10465;Argentina;Small City
Rosario Oeste;10468;Brazil;Small City
Pastos Bons;10468;Brazil;Small City
Corzuela;10470;Argentina;Small City
Turiacu;10471;Brazil;Small City
Maribondo;10475;Brazil;Small City
Las Veredas;10478;Mexico;Small City
Pianco;10481;Brazil;Small City
Hernando;10486;Argentina;Small City
Puquio;10491;Peru;Small City
San Agustin Tlaxiaca;10496;Mexico;Small City
La Canada;10506;Mexico;Small City
Ajijic;10509;Mexico;Small City
Tlaixpan;10513;Mexico;Small City
Santa Ines;10520;Brazil;Small City
Matiguas;10523;Nicaragua;Small City
Huautla de Jimenez;10528;Mexico;Small City
Horqueta;10531;Paraguay;Small City
Itagi;10533;Brazil;Small City
Almafuerte;10534;Argentina;Small City
San Juanito;10535;Mexico;Small City
Arteaga;10537;Mexico;Small City
Nilo;10555;Colombia;Small City
Cardoso;10556;Brazil;Small City
El Naranjo;10562;Mexico;Small City
Acoyapa;10563;Nicaragua;Small City
Tlaltizapan;10563;Mexico;Small City
Trou du Nord;10569;Haiti;Small City
Riolandia;10575;Brazil;Small City
Lejanias;10576;Colombia;Small City
Yacuanquer;10579;Colombia;Small City
Nueva Palestina;10588;Mexico;Small City
Junin de los Andes;10592;Argentina;Small City
Santa Ana Tlacotenco;10593;Mexico;Small City
Aquidaba;10596;Brazil;Small City
Jucuapa;10601;El Salvador;Small City
Dolores;10604;Guatemala;Small City
Padre Paraiso;10608;Brazil;Small City
San Francisco Telixtlahuaca;10618;Mexico;Small City
Soto la Marina;10620;Mexico;Small City
Sabana Yegua;10624;Dominican Republic;Small City
Unidad Habitacional Jose Maria Morelos y Pavon;10625;Mexico;Small City
Santa Rosa;10625;Peru;Small City
San Alberto;10627;Colombia;Small City
Villa Tecolutilla;10637;Mexico;Small City
Ibicui;10639;Brazil;Small City
Valencia;10652;Colombia;Small City
Santa Maria Zolotepec;10656;Mexico;Small City
Urussanga;10669;Brazil;Small City
Cubulco;10681;Guatemala;Small City
Areado;10689;Brazil;Small City
Chichihualco;10690;Mexico;Small City
Santa Catarina Ayotzingo;10702;Mexico;Small City
Conceicao do Mato Dentro;10708;Brazil;Small City
Puerto Escondido (Tepeolulco Puerto Escondido);10717;Mexico;Small City
Tapejara;10726;Brazil;Small City
Galeana;10726;Mexico;Small City
Chocaman;10727;Mexico;Small City
Agua de Dios;10742;Colombia;Small City
Zaragoza;10743;Mexico;Small City
Campo Largo;10743;Argentina;Small City
Urupes;10745;Brazil;Small City
Vista Hermosa de Negrete;10752;Mexico;Small City
Degollado;10753;Mexico;Small City
Villa Union;10753;Mexico;Small City
Aurora;10757;Brazil;Small City
Platon Sanchez;10758;Mexico;Small City
El Baul;10760;Venezuela, Bolivarian Rep. of;Small City
Simojovel de Allende;10762;Mexico;Small City
Chahuites;10763;Mexico;Small City
San Ramon;10765;Costa Rica;Small City
Anenecuilco;10773;Mexico;Small City
Arraias;10778;Brazil;Small City
Picui;10779;Brazil;Small City
Coalcoman de Vazquez Pallares;10784;Mexico;Small City
Canarana;10785;Brazil;Small City
Boa Esperanca do Sul;10787;Brazil;Small City
Ricaurte;10788;Colombia;Small City
Alhandra;10788;Brazil;Small City
Algeciras;10792;Colombia;Small City
Mantua;10797;Cuba;Small City
Icononzo;10801;Colombia;Small City
Matelandia;10816;Brazil;Small City
Santa Catarina Mita;10817;Guatemala;Small City
Cipo;10821;Brazil;Small City
Monagrillo;10821;Panama;Small City
Abrego;10822;Colombia;Small City
Cuyotenango;10825;Guatemala;Small City
Ipaucu;10833;Brazil;Small City
Necocli;10835;Colombia;Small City
San Miguel de Salcedo;10838;Ecuador;Small City
Cabo Rojo;10839;Puerto Rico;Small City
Villa Corzo;10841;Mexico;Small City
Curuca;10843;Brazil;Small City
Soritor;10858;Peru;Small City
Pomoca;10864;Mexico;Small City
El Parral;10865;Mexico;Small City
El Trebol;10871;Argentina;Small City
Catacocha;10872;Ecuador;Small City
Exu;10875;Brazil;Small City
Barrio Industrial;10875;Chile;Small City
Nuevo Ideal;10876;Mexico;Small City
Tupi Paulista;10877;Brazil;Small City
Ribeirao Bonito;10877;Brazil;Small City
Atencingo;10879;Mexico;Small City
Yacopi;10887;Colombia;Small City
Alto Parana;10888;Brazil;Small City
Bernardo de Irigoyen;10889;Argentina;Small City
Boca de Uchire;10904;Venezuela, Bolivarian Rep. of;Small City
Terra Roxa;10911;Brazil;Small City
Putla Villa de Guerrero;10925;Mexico;Small City
Caraz;10926;Peru;Small City
Guiratinga;10934;Brazil;Small City
Conjunto Habitacional Villas del Pedregal;10934;Mexico;Small City
Jardim de Piranhas;10935;Brazil;Small City
San Antonio;10938;Costa Rica;Small City
Parque Balmaceda;10941;Chile;Small City
Soata;10945;Colombia;Small City
Caiaponia;10947;Brazil;Small City
Quimili;10959;Argentina;Small City
Atlautla;10967;Mexico;Small City
Parrilla II;10967;Mexico;Small City
Acanceh;10968;Mexico;Small City
Tixkokob;10968;Mexico;Small City
Obando;10970;Colombia;Small City
Zimatlan de Alvarez;10986;Mexico;Small City
San Bartolo Cuautlalpan;10989;Mexico;Small City
Guazapa;10995;El Salvador;Small City
Astolfo Dutra;10999;Brazil;Small City
Condega;11000;Nicaragua;Small City
Gaitania;11000;Colombia;Small City
Saucillo;11004;Mexico;Small City
Amatitan;11006;Mexico;Small City
Jalpan;11010;Mexico;Small City
Mineral del Monte;11015;Mexico;Small City
Le Gros-Morne;11025;Martinique;Small City
El Empalme;11035;Panama;Small City
Candelaria;11039;Argentina;Small City
Areal;11041;Brazil;Small City
Nova Londrina;11042;Brazil;Small City
Novo Aripuana;11044;Brazil;Small City
San Juan Cotzal;11046;Guatemala;Small City
Moncao;11050;Brazil;Small City
Caninde de Sao Francisco;11052;Brazil;Small City
Vicente Noble;11060;Dominican Republic;Small City
La Victoria;11064;Colombia;Small City
Pijino del Carmen;11071;Colombia;Small City
Pedernales;11072;Dominican Republic;Small City
Botelhos;11072;Brazil;Small City
Morazan;11076;Honduras;Small City
San Matias Tlalancaleca;11076;Mexico;Small City
Villas de la Hacienda [Fraccionamiento];11078;Mexico;Small City
Tepatepec;11084;Mexico;Small City
Monte Siao;11089;Brazil;Small City
Jaltenco;11093;Mexico;Small City
San Isidro de Curuguaty;11095;Paraguay;Small City
Reserva;11096;Brazil;Small City
Chinautla;11096;Mexico;Small City
Itabera;11097;Brazil;Small City
San Bernardo;11101;Argentina;Small City
Garagoa;11102;Colombia;Small City
Iguaba Grande;11104;Brazil;Small City
Oporapa;11111;Colombia;Small City
Yumbel;11111;Chile;Small City
Independencia;11113;Brazil;Small City
Camapua;11118;Brazil;Small City
Nueva Concepcion;11121;Guatemala;Small City
Belem de Sao Francisco;11124;Brazil;Small City
Itaquitinga;11128;Brazil;Small City
San Jose de Feliciano;11137;Argentina;Small City
Majagual;11139;Colombia;Small City
San Bartolome Tlaltelulco;11141;Mexico;Small City
Panajachel;11142;Guatemala;Small City
Jacupiranga;11149;Brazil;Small City
Bartica;11157;Guyana;Small City
Junin;11158;Colombia;Small City
Merlo;11159;Argentina;Small City
Tupac Amaru;11159;Peru;Small City
Calimaya;11165;Mexico;Small City
El Tejar;11168;Mexico;Small City
Terra Nova;11169;Brazil;Small City
Sao Bernardo;11171;Brazil;Small City
San Clemente del Tuyu;11174;Argentina;Small City
Pinheiro Machado;11176;Brazil;Small City
La Resolana;11180;Mexico;Small City
Iranduba;11180;Brazil;Small City
Armstrong;11181;Argentina;Small City
Codajas;11185;Brazil;Small City
Pedra;11196;Brazil;Small City
Brasileia;11200;Brazil;Small City
Santa Cruz de las Flores;11204;Mexico;Small City
Gonzalez;11212;Mexico;Small City
Ribeiropolis;11214;Brazil;Small City
Pedregulho;11216;Brazil;Small City
Monte Azul;11221;Brazil;Small City
Aregua;11222;Paraguay;Small City
San Pablo Atlazalpan;11236;Mexico;Small City
Riachao das Neves;11236;Brazil;Small City
Villa Cuauhtemoc;11241;Mexico;Small City
Altania;11242;Brazil;Small City
Mozarlandia;11251;Brazil;Small City
Lapao;11252;Brazil;Small City
Barreirinha;11257;Brazil;Small City
Santa Rosa de Sacco;11257;Peru;Small City
Quixere;11258;Brazil;Small City
Cumaral;11263;Colombia;Small City
San Vicente de Chucuri;11265;Colombia;Small City
San Miguel Xoxtla;11269;Mexico;Small City
Itanhandu;11274;Brazil;Small City
Farias Brito;11288;Brazil;Small City
Nacajuca;11289;Mexico;Small City
Progreso Industrial;11289;Mexico;Small City
Corozal;11297;Puerto Rico;Small City
Pelaya;11306;Colombia;Small City
Venadillo;11310;Colombia;Small City
Berlin;11313;El Salvador;Small City
Las Parejas;11317;Argentina;Small City
Santa Rosa de Viterbo;11329;Colombia;Small City
Concepcion;11330;Peru;Small City
Ahome;11331;Mexico;Small City
Joao Alfredo;11334;Brazil;Small City
El Retorno;11340;Colombia;Small City
Nova Soure;11340;Brazil;Small City
Sanchez;11365;Dominican Republic;Small City
Assare;11369;Brazil;Small City
Humahuaca;11369;Argentina;Small City
Silvania;11377;Brazil;Small City
Porecatu;11390;Brazil;Small City
Cuite;11391;Brazil;Small City
Carinhanha;11407;Brazil;Small City
Castilho;11419;Brazil;Small City
Uaua;11425;Brazil;Small City
Municipio Hato Corozal;11431;Colombia;Small City
Ciudad Tecun Uman;11432;Guatemala;Small City
Samana;11432;Dominican Republic;Small City
Valdez;11441;Ecuador;Small City
Supe Puerto;11450;Peru;Small City
Vicente Guerrero;11455;Mexico;Small City
San Francisco Tecoxpa;11456;Mexico;Small City
Melchor de Mencos;11457;Guatemala;Small City
Fort Liberte;11465;Haiti;Small City
Cedral;11468;Mexico;Small City
Muna;11469;Mexico;Small City
Basse-Terre;11472;Guadeloupe;Small City
San Pedro Tlaltizapan;11472;Mexico;Small City
Luis Correia;11479;Brazil;Small City
Portachuelo;11485;Bolivia;Small City
San Pedro;11489;Colombia;Small City
Nacozari de Garcia;11489;Mexico;Small City
La Carlota;11490;Argentina;Small City
Canatlan;11495;Mexico;Small City
Pao de Acucar;11497;Brazil;Small City
Itirucu;11498;Brazil;Small City
Savaneta;11500;Aruba;Small City
Amarante do Maranhao;11510;Brazil;Small City
Aguas Formosas;11511;Brazil;Small City
Valdivia;11511;Colombia;Small City
Chiautla de Tapia;11511;Mexico;Small City
San Carlos de Guaroa;11512;Colombia;Small City
Sao Jose da Coroa Grande;11512;Brazil;Small City
Bacalar;11513;Mexico;Small City
Nealtican;11517;Mexico;Small City
Barro;11519;Brazil;Small City
Ciudad Gustavo Diaz Ordaz;11523;Mexico;Small City
Quipapa;11533;Brazil;Small City
Jucurutu;11535;Brazil;Small City
Ortigueira;11540;Brazil;Small City
Tierra Colorada;11540;Mexico;Small City
San Gregorio de Nigua;11542;Dominican Republic;Small City
Atescatempa;11543;Guatemala;Small City
Espita;11551;Mexico;Small City
San Pedro Martir;11552;Mexico;Small City
Carmo;11555;Brazil;Small City
Colonia General Alfredo Stroessner;11558;Paraguay;Small City
Crixas;11559;Brazil;Small City
Las Palmas;11562;Mexico;Small City
Boqueirao;11566;Brazil;Small City
Pampa del Indio;11588;Argentina;Small City
Jesus Gomez Portugal (Margaritas);11589;Mexico;Small City
San Sebastian;11590;Puerto Rico;Small City
Yamasa;11595;Dominican Republic;Small City
El Arenal;11610;Mexico;Small City
Tabatinga;11616;Brazil;Small City
Jitauna;11619;Brazil;Small City
San Salvador;11626;Argentina;Small City
Oliva;11629;Argentina;Small City
San Francisco Ocotlan;11636;Mexico;Small City
Tenancingo;11636;Mexico;Small City
Brejo;11636;Brazil;Small City
Villa Vasquez;11642;Dominican Republic;Small City
Coronel Dorrego;11644;Argentina;Small City
Jaguaruna;11649;Brazil;Small City
Curiti;11653;Colombia;Small City
Santa Vitoria;11656;Brazil;Small City
Plan de Ayala;11657;Mexico;Small City
Chajul;11657;Guatemala;Small City
San Mateo;11670;Venezuela, Bolivarian Rep. of;Small City
Salsipuedes;11675;Dominican Republic;Small City
Buenos Aires;11680;Costa Rica;Small City
Dzitbalche;11686;Mexico;Small City
Flores;11692;Brazil;Small City
El Rosario;11707;Mexico;Small City
Canto do Buriti;11714;Brazil;Small City
Cordoba (Santa Leticia);11720;Mexico;Small City
Armero-Guyabal;11720;Colombia;Small City
Chos Malal;11721;Argentina;Small City
Santo Antonio do Sudoeste;11723;Brazil;Small City
Ayotlan;11724;Mexico;Small City
Las Lomas;11726;Panama;Small City
Manga;11732;Brazil;Small City
Trinidad;11734;Colombia;Small City
Puerto Armuelles;11743;Panama;Small City
Zaragoza;11749;El Salvador;Small City
Rurrenabaque;11749;Bolivia;Small City
Jose Maria Morelos;11750;Mexico;Small City
Borborema;11758;Brazil;Small City
Sao Paulo de Olivenca;11763;Brazil;Small City
Santa Rosalia;11765;Mexico;Small City
Rio Casca;11769;Brazil;Small City
Joanopolis;11772;Brazil;Small City
Ascencion;11781;Mexico;Small City
Cruz Grande;11783;Mexico;Small City
Cafayate;11785;Argentina;Small City
Santuario;11787;Colombia;Small City
San Juan Bautista;11798;Panama;Small City
Campestre;11802;Brazil;Small City
Rio Tinto;11804;Brazil;Small City
Las Toscas;11811;Argentina;Small City
San Juan y San Pedro Tezompa;11819;Mexico;Small City
Batalha;11820;Brazil;Small City
Lagoa Formosa;11822;Brazil;Small City
Santa Rita;11823;Paraguay;Small City
Jilotepec de Molina Enriquez;11828;Mexico;Small City
Lomas de San Agustin;11836;Mexico;Small City
Maltrata;11842;Mexico;Small City
Saint-Louis du Nord;11849;Haiti;Small City
Papagaios;11850;Brazil;Small City
Naranjo;11853;Costa Rica;Small City
Magdalena Milpas Altas;11856;Guatemala;Small City
Curaca;11858;Brazil;Small City
Araripe;11860;Brazil;Small City
Santa Ana;11864;Mexico;Small City
Nacozari Viejo;11872;Mexico;Small City
Carahue;11875;Chile;Small City
Ojuelos de Jalisco;11881;Mexico;Small City
Raposa;11883;Brazil;Small City
San Pedro Los Banos;11886;Mexico;Small City
Acatic;11890;Mexico;Small City
Cunha;11895;Brazil;Small City
Coremas;11897;Brazil;Small City
El Sauce;11898;Nicaragua;Small City
Duartina;11902;Brazil;Small City
Mundo Novo;11912;Brazil;Small City
Colonia Leopoldina;11913;Brazil;Small City
Altinho;11913;Brazil;Small City
Borba;11918;Brazil;Small City
Presidente Medici;11922;Brazil;Small City
Veinticinco de Mayo;11928;Argentina;Small City
San Fernando de Atabapo;11929;Venezuela, Bolivarian Rep. of;Small City
Hormigueros;11934;Puerto Rico;Small City
Distraccion;11934;Colombia;Small City
Ribas do Rio Pardo;11934;Brazil;Small City
Montanha;11934;Brazil;Small City
El Coco;11935;Panama;Small City
Coamo;11940;Puerto Rico;Small City
Placido de Castro;11945;Brazil;Small City
Huehuetoca;11948;Mexico;Small City
Maracai;11959;Brazil;Small City
San Blas Atempa;11959;Mexico;Small City
Auriflama;11970;Brazil;Small City
Flores Costa Cuca;11984;Guatemala;Small City
Venustiano Carranza;11987;Mexico;Small City
Colchani;11988;Bolivia;Small City
Capela do Alto;11991;Brazil;Small City
Itacorubi;12000;Brazil;Small City
Paradera;12000;Aruba;Small City
Oxapampa;12000;Peru;Small City
Cacalomacan;12001;Mexico;Small City
El Carmen;12001;Colombia;Small City
Nobres;12009;Brazil;Small City
Natividade;12014;Brazil;Small City
Villa Berthet;12029;Argentina;Small City
Angel R. Cabada;12033;Mexico;Small City
Vega Alta;12036;Puerto Rico;Small City
Campo Grande;12040;Argentina;Small City
Tepalcingo;12053;Mexico;Small City
Arouca;12054;Trinidad and Tobago;Small City
San German;12055;Puerto Rico;Small City
Ayolas;12061;Paraguay;Small City
Porto Real;12061;Brazil;Small City
Alvinopolis;12068;Brazil;Small City
Comendador;12070;Dominican Republic;Small City
Escazu;12071;Costa Rica;Small City
El Bordo;12072;Colombia;Small City
Matias Barbosa;12072;Brazil;Small City
Canhotinho;12074;Brazil;Small City
Uruburetama;12075;Brazil;Small City
Reriutaba;12076;Brazil;Small City
Ursulo Galvan;12077;Mexico;Small City
Sao Benedito do Rio Preto;12079;Brazil;Small City
Senahu;12084;Guatemala;Small City
Sacapulas;12088;Guatemala;Small City
Cocal;12097;Brazil;Small City
El Quetzal;12122;Guatemala;Small City
Acatenango;12136;Guatemala;Small City
Sao Pedro do Sul;12137;Brazil;Small City
Cacule;12143;Brazil;Small City
Marquetalia;12146;Colombia;Small City
Huixcolotla;12148;Mexico;Small City
San Gabriel Chilac;12149;Mexico;Small City
San Pedro de los Banos;12149;Mexico;Small City
Maruim;12153;Brazil;Small City
Poco Verde;12167;Brazil;Small City
Girua;12168;Brazil;Small City
Amaga;12170;Colombia;Small City
Ciudad de Nanacamilpa;12177;Mexico;Small City
La Rinconada Ana Maria (La Rinconada);12183;Peru;Small City
Tarimoro;12188;Mexico;Small City
Unguia;12192;Colombia;Small City
La Magdalena Chichicaspa;12193;Mexico;Small City
San Josecito;12195;Costa Rica;Small City
Bella Union;12200;Uruguay;Small City
Parnarama;12201;Brazil;Small City
Anolaima;12204;Colombia;Small City
Balao;12205;Ecuador;Small City
Tutoia;12212;Brazil;Small City
Umirim;12220;Brazil;Small City
San Bartolo del Llano;12227;Mexico;Small City
San Marcos Huixtoco;12229;Mexico;Small City
Itajobi;12231;Brazil;Small City
Presidencia de la Plaza;12231;Argentina;Small City
Santa Lucia Milpas Altas;12234;Guatemala;Small City
Urucui;12243;Brazil;Small City
Pital;12246;Colombia;Small City
Pindorama;12247;Brazil;Small City
Laguna Paiva;12250;Argentina;Small City
Villa Lazaro Cardenas;12253;Mexico;Small City
San Juan de las Huertas;12253;Mexico;Small City
Xicohtzinco;12255;Mexico;Small City
Patacamaya;12260;Bolivia;Small City
Zorritos;12261;Peru;Small City
Ibatiba;12265;Brazil;Small City
Urbano Santos;12268;Brazil;Small City
Villanueva;12269;Mexico;Small City
Ibimirim;12272;Brazil;Small City
Plaza Huincul;12273;Argentina;Small City
Penal;12281;Trinidad and Tobago;Small City
Santa Cruz;12281;Costa Rica;Small City
Dessalines;12288;Haiti;Small City
Almolonga;12299;Guatemala;Small City
Cabral;12303;Dominican Republic;Small City
Pocri;12304;Panama;Small City
Morropon;12307;Peru;Small City
Baiao;12316;Brazil;Small City
Olindina;12316;Brazil;Small City
Dagua;12320;Colombia;Small City
Sapucaia;12329;Brazil;Small City
Ansermanuevo;12332;Colombia;Small City
Santiago Cuautlalpan;12336;Mexico;Small City
Pocao de Pedras;12337;Brazil;Small City
Bom Jardim;12343;Brazil;Small City
Nova Olinda do Norte;12343;Brazil;Small City
Peabiru;12344;Brazil;Small City
Sao Simao;12351;Brazil;Small City
Cuilapan de Guerrero;12360;Mexico;Small City
Paraibano;12363;Brazil;Small City
Itarantim;12369;Brazil;Small City
Ipua;12370;Brazil;Small City
Puerto Escondido;12371;Panama;Small City
Lomas de San Sebastian;12372;Mexico;Small City
Messias;12375;Brazil;Small City
Coreau;12383;Brazil;Small City
Sao Jose da Tapera;12391;Brazil;Small City
Charqueada;12391;Brazil;Small City
Santo Domingo;12394;Colombia;Small City
Soledad de Doblado;12398;Mexico;Small City
Conceicao do Rio Verde;12401;Brazil;Small City
Bochil;12404;Mexico;Small City
Meerzorg;12405;Suriname;Small City
Fartura;12405;Brazil;Small City
Barroquinha;12410;Brazil;Small City
Coracao de Jesus;12410;Brazil;Small City
Tecalitlan;12411;Mexico;Small City
Bugalagrande;12418;Colombia;Small City
Neopolis;12421;Brazil;Small City
Bom Jesus dos Perdoes;12422;Brazil;Small City
La Tijera;12425;Mexico;Small City
Riachao;12427;Brazil;Small City
Viterbo;12432;Colombia;Small City
Caconde;12434;Brazil;Small City
Gamarra;12444;Colombia;Small City
Anna Regina;12448;Guyana;Small City
Monte Alegre de Minas;12451;Brazil;Small City
Santa Maria Huexoculco;12456;Mexico;Small City
El Tambo;12457;Colombia;Small City
Caraubas;12462;Brazil;Small City
Santa Maria Zacatepec;12466;Mexico;Small City
Roldan;12468;Argentina;Small City
Pueblo Nuevo;12471;Peru;Small City
Bom Jesus do Galho;12475;Brazil;Small City
Poxoreo;12475;Brazil;Small City
Itacare;12484;Brazil;Small City
Capinopolis;12486;Brazil;Small City
Pilar;12488;Argentina;Small City
Calbuco;12490;Chile;Small City
Chichiriviche;12500;Venezuela, Bolivarian Rep. of;Small City
Los Arabos;12504;Cuba;Small City
Zaruma;12505;Ecuador;Small City
Isabela;12505;Puerto Rico;Small City
Campanha;12506;Brazil;Small City
Porciuncula;12511;Brazil;Small City
Tototlan;12516;Mexico;Small City
Capela;12520;Brazil;Small City
San Antonio;12522;Venezuela, Bolivarian Rep. of;Small City
Santa Lucia;12523;Ecuador;Small City
San Antonio la Isla;12525;Mexico;Small City
Tempoal de Sanchez;12526;Mexico;Small City
Santo Antonio;12529;Brazil;Small City
General Acha;12536;Argentina;Small City
Assai;12545;Brazil;Small City
Puerto Suarez;12546;Bolivia;Small City
Nao Me Toque;12555;Brazil;Small City
Progreso;12557;Mexico;Small City
El Fuerte;12566;Mexico;Small City
Itatiaia;12571;Brazil;Small City
Chonchi;12572;Chile;Small City
San Miguel;12575;Ecuador;Small City
La Julia;12575;Dominican Republic;Small City
San Rafael;12578;Colombia;Small City
Mutum;12582;Brazil;Small City
Santa Adelia;12585;Brazil;Small City
Puente Nacional;12586;Colombia;Small City
Milagres;12588;Brazil;Small City
Valente;12588;Brazil;Small City
Viota;12589;Colombia;Small City
Corupa;12600;Brazil;Small City
Mutata;12607;Colombia;Small City
Lombardia;12610;Mexico;Small City
Barra da Estiva;12614;Brazil;Small City
Serro;12616;Brazil;Small City
Princesa Isabel;12616;Brazil;Small City
Alfredo Baquerizo Moreno;12617;Ecuador;Small City
Rio Claro;12620;Brazil;Small City
Pastores;12621;Guatemala;Small City
Maxcanu;12621;Mexico;Small City
Santana;12628;Brazil;Small City
San Pedro Apatlaco;12630;Mexico;Small City
Isla Mujeres;12642;Mexico;Small City
Tibagi;12644;Brazil;Small City
Campos Altos;12648;Brazil;Small City
Atuncolla;12654;Peru;Small City
Riacho de Santana;12657;Brazil;Small City
Guano;12659;Ecuador;Small City
Oncativo;12660;Argentina;Small City
Passira;12664;Brazil;Small City
Bom Jesus;12666;Brazil;Small City
Porto Murtinho;12667;Brazil;Small City
Candelaria;12675;Cuba;Small City
Maracana;12682;Brazil;Small City
Granadilla;12683;Costa Rica;Small City
Bicas;12683;Brazil;Small City
Sao Joao do Piaui;12688;Brazil;Small City
Temascalcingo;12698;Mexico;Small City
Elias Fausto;12704;Brazil;Small City
Oluta;12709;Mexico;Small City
Buritama;12712;Brazil;Small City
Valtierrilla;12713;Mexico;Small City
Fundao;12714;Brazil;Small City
Bulnes;12715;Chile;Small City
Bela Cruz;12715;Brazil;Small City
Nueva Esperanza;12717;Paraguay;Small City
West End;12724;Bahamas;Small City
Corbelia;12725;Brazil;Small City
Saint-Francois;12732;Guadeloupe;Small City
Conselheiro Pena;12734;Brazil;Small City
Quemado de Gueines;12736;Cuba;Small City
Santa Barbara;12743;Colombia;Small City
Charcas;12748;Mexico;Small City
Juan Morales;12756;Mexico;Small City
Passa Quatro;12765;Brazil;Small City
San Marcos;12779;Mexico;Small City
El Colorado;12780;Argentina;Small City
Santa Ana de Yacuma;12783;Bolivia;Small City
Mejillones;12784;Chile;Small City
Villanueva;12791;Colombia;Small City
Las Rosas;12793;Argentina;Small City
San Juan;12795;Peru;Small City
Ewarton;12797;Jamaica;Small City
Recreo;12798;Argentina;Small City
Acara;12802;Brazil;Small City
Sao Jose da Laje;12810;Brazil;Small City
San Martin de las Piramides;12812;Mexico;Small City
Borda da Mata;12814;Brazil;Small City
Cruzilia;12816;Brazil;Small City
Juan L. Lacaze;12816;Uruguay;Small City
Carutapera;12819;Brazil;Small City
Constant Spring;12830;Jamaica;Small City
Santa Ana;12833;Ecuador;Small City
Sao Miguel;12838;Brazil;Small City
Fraccionamiento Geovillas los Pinos;12840;Mexico;Small City
Chiquimulilla;12842;Guatemala;Small City
Sonoita;12849;Mexico;Small City
Baependi;12853;Brazil;Small City
Dores do Indaia;12859;Brazil;Small City
Cacequi;12867;Brazil;Small City
Santa Rita;12869;Honduras;Small City
Bog Walk;12873;Jamaica;Small City
Tocantins;12875;Brazil;Small City
Arturo Prat;12880;Chile;Small City
Umbauba;12880;Brazil;Small City
Chilca;12884;Peru;Small City
Guaimaca;12899;Honduras;Small City
Santa Cruz;12900;Aruba;Small City
Cachoeirinha;12905;Brazil;Small City
Chepo;12912;Panama;Small City
Santa Maria do Para;12915;Brazil;Small City
Vice;12915;Peru;Small City
Quivican;12919;Cuba;Small City
Valparaiso;12919;Mexico;Small City
Basseterre;12920;Saint Kitts and Nevis;Small City
Sao Geraldo do Araguaia;12925;Brazil;Small City
Costa Rica;12930;Brazil;Small City
Cafarnaum;12937;Brazil;Small City
Rio Grande;12943;Mexico;Small City
Adolfo Ruiz Cortines;12947;Mexico;Small City
San Julian;12949;Mexico;Small City
Feijo;12951;Brazil;Small City
San Sebastian Chimalpa;12951;Mexico;Small City
Presidente Bernardes;12953;Brazil;Small City
Terra Boa;12958;Brazil;Small City
El Playon;12966;Colombia;Small City
Caririacu;12971;Brazil;Small City
Adolfo Ruiz Cortines;12978;Mexico;Small City
Bisee;12980;Saint Lucia;Small City
Feira Nova;12984;Brazil;Small City
Paso de los Toros;12985;Uruguay;Small City
Matipo;12996;Brazil;Small City
Luzilandia;12999;Brazil;Small City
Veintidos de Febrero;13021;Mexico;Small City
Balancan;13030;Mexico;Small City
Espera Feliz;13030;Brazil;Small City
Macara;13035;Ecuador;Small City
Guerrero Negro;13054;Mexico;Small City
Ceres;13063;Argentina;Small City
Centro de Readaptacion Social;13071;Mexico;Small City
Dalcahue;13076;Chile;Small City
Itacarambi;13084;Brazil;Small City
Santa Maria de Jetiba;13090;Brazil;Small City
Aracoiaba;13095;Brazil;Small City
Bucerias;13098;Mexico;Small City
Santa Maria del Rio;13099;Mexico;Small City
Santiago Tianguistenco de Galeana;13106;Mexico;Small City
Missao Velha;13106;Brazil;Small City
Dorado;13117;Puerto Rico;Small City
Campina Verde;13137;Brazil;Small City
San Gregorio Cuautzingo;13138;Mexico;Small City
Nieuw Nickerie;13143;Suriname;Small City
San Jeronimo;13158;Colombia;Small City
La Joya;13158;Mexico;Small City
Joyabaj;13164;Guatemala;Small City
Esperantinopolis;13166;Brazil;Small City
Correntina;13186;Brazil;Small City
Miranda;13189;Brazil;Small City
Pradopolis;13192;Brazil;Small City
Eldorado;13197;Mexico;Small City
Carlos Chagas;13206;Brazil;Small City
Ticuantepe;13209;Nicaragua;Small City
Severinia;13212;Brazil;Small City
San Mateo Ixtatan;13213;Guatemala;Small City
Pacora;13214;Colombia;Small City
Almecatla;13217;Mexico;Small City
Santa Rita;13224;Brazil;Small City
Itirapina;13229;Brazil;Small City
Tepetlixpa;13239;Mexico;Small City
Santa Luzia;13243;Brazil;Small City
Zimapan;13243;Mexico;Small City
Santa Rosa de Lima;13249;El Salvador;Small City
La Paz;13249;Colombia;Small City
Florestopolis;13250;Brazil;Small City
Libertad;13251;Venezuela, Bolivarian Rep. of;Small City
Sabanilla;13251;Costa Rica;Small City
Colotlan;13256;Mexico;Small City
Raposos;13262;Brazil;Small City
San Juan Chamelco;13264;Guatemala;Small City
Salamanca;13265;Chile;Small City
Vitorino Freire;13267;Brazil;Small City
Manati;13278;Cuba;Small City
Iraucuba;13281;Brazil;Small City
San Marcos;13282;Mexico;Small City
Ovejas;13284;Colombia;Small City
Asuncion Nochixtlan;13284;Mexico;Small City
Alpinopolis;13286;Brazil;Small City
Mecapaca;13289;Bolivia;Small City
Azangaro;13290;Peru;Small City
Mani;13291;Colombia;Small City
Sao Francisco de Paula;13292;Brazil;Small City
Pilcomayo;13295;Peru;Small City
Cocal;13303;Brazil;Small City
San Miguel Octopan;13303;Mexico;Small City
Filomeno Mata;13304;Mexico;Small City
Capilla de Guadalupe;13308;Mexico;Small City
Juriquilla;13309;Mexico;Small City
San Andres Mixquic;13310;Mexico;Small City
Jalacingo;13310;Mexico;Small City
Ciudad Dario;13318;Nicaragua;Small City
Sao Lourenco da Serra;13330;Brazil;Small City
Juruti;13333;Brazil;Small City
Cadereyta;13347;Mexico;Small City
Bambamarca;13351;Peru;Small City
Coquimatlan;13358;Mexico;Small City
Riviere-Pilote;13359;Martinique;Small City
Taquaritinga do Norte;13379;Brazil;Small City
Belmopan;13381;Belize;Small City
Cambita Garabitos;13382;Dominican Republic;Small City
Chamical;13383;Argentina;Small City
Empalme Escobedo;13384;Mexico;Small City
Acuitlapilco;13386;Mexico;Small City
Muisne;13393;Ecuador;Small City
La Democracia;13400;Guatemala;Small City
Arroio dos Ratos;13404;Brazil;Small City
Villa Union;13404;Mexico;Small City
Duverge;13405;Dominican Republic;Small City
Forquilha;13409;Brazil;Small City
Paso del Macho;13413;Mexico;Small City
La Mira;13415;Mexico;Small City
Lagoa da Canoa;13422;Brazil;Small City
Aracoiaba;13425;Brazil;Small City
Goianinha;13433;Brazil;Small City
Pariquera Acu;13436;Brazil;Small City
Marti;13439;Cuba;Small City
San Carlos;13451;Nicaragua;Small City
Ascension;13456;Mexico;Small City
San Carlos;13456;Dominican Republic;Small City
Faxinal;13464;Brazil;Small City
Carambei;13465;Brazil;Small City
Rio Grande;13467;Puerto Rico;Small City
Ataco;13470;Colombia;Small City
Montecristo;13470;Colombia;Small City
Mairi;13471;Brazil;Small City
Lima Duarte;13480;Brazil;Small City
Okinawa Uno;13482;Bolivia;Small City
Cajabamba;13486;Peru;Small City
Chima;13492;Colombia;Small City
Talanga;13492;Honduras;Small City
Vicuna;13496;Chile;Small City
Juquia;13497;Brazil;Small City
Corozal;13502;Belize;Small City
Terra Santa;13512;Brazil;Small City
Etzatlan;13513;Mexico;Small City
Itanhem;13517;Brazil;Small City
Sao Joaquim do Monte;13520;Brazil;Small City
Amontada;13520;Brazil;Small City
Bom Jardim;13523;Brazil;Small City
Monjas;13541;Guatemala;Small City
Afonso Claudio;13543;Brazil;Small City
Miguel Auza;13551;Mexico;Small City
Paipa;13554;Colombia;Small City
Palestina;13560;Colombia;Small City
Cotija de la Paz;13560;Mexico;Small City
Paraisopolis;13563;Brazil;Small City
Morelos;13565;Mexico;Small City
Tibu;13565;Colombia;Small City
Coyuca de Benitez;13566;Mexico;Small City
Palmeiras de Goias;13572;Brazil;Small City
Poncitlan;13581;Mexico;Small City
Pativilca;13583;Peru;Small City
Presidente Olegario;13586;Brazil;Small City
Quilali;13590;Nicaragua;Small City
Inhapim;13593;Brazil;Small City
Canasgordas;13595;Colombia;Small City
Regeneracao;13608;Brazil;Small City
Yaguaraparo;13610;Venezuela, Bolivarian Rep. of;Small City
Pirenopolis;13615;Brazil;Small City
Purranque;13619;Chile;Small City
San Pedro Tultepec;13634;Mexico;Small City
Pontalina;13639;Brazil;Small City
Tocaima;13649;Colombia;Small City
Chapada dos Guimaraes;13650;Brazil;Small City
Cuitlahuac;13651;Mexico;Small City
Gutierrez Zamora;13651;Mexico;Small City
Yahualica de Gonzalez Gallo;13655;Mexico;Small City
San Clemente;13656;Chile;Small City
Aldama;13661;Mexico;Small City
San Antonio Suchitepequez;13666;Guatemala;Small City
San Pablo;13668;Guatemala;Small City
Saint Ann's Bay;13671;Jamaica;Small City
Santa Maria Xonacatepec;13673;Mexico;Small City
Motupe;13681;Peru;Small City
Fraile Pintado;13682;Argentina;Small City
Extrema;13682;Brazil;Small City
Union Hidalgo;13683;Mexico;Small City
San Pedro Pochutla;13685;Mexico;Small City
Lamas;13693;Peru;Small City
Eten;13693;Peru;Small City
Rio Pomba;13706;Brazil;Small City
Taguatinga;13711;Brazil;Small City
La Joya;13715;Mexico;Small City
Supe;13719;Peru;Small City
Arauco;13720;Argentina;Small City
Intibuca;13741;Honduras;Small City
Brisas Barra de Suchiate;13743;Mexico;Small City
Pitrufquen;13743;Chile;Small City
Miguel Calmon;13747;Brazil;Small City
San Miguel Chicaj;13747;Guatemala;Small City
Correia Pinto;13752;Brazil;Small City
Toro;13764;Colombia;Small City
Caapora;13769;Brazil;Small City
Atarasquillo;13769;Mexico;Small City
Villa Juarez;13770;Mexico;Small City
Ecoporanga;13774;Brazil;Small City
Cafelandia;13777;Brazil;Small City
Cananeia;13785;Brazil;Small City
Bom Sucesso;13786;Brazil;Small City
Istmina;13788;Colombia;Small City
Federacion;13789;Argentina;Small City
Vicente Guerrero;13794;Mexico;Small City
Ubajara;13802;Brazil;Small City
Rosario del Tala;13807;Argentina;Small City
Tlacolula de Matamoros;13821;Mexico;Small City
Clemencia;13821;Colombia;Small City
Areia;13824;Brazil;Small City
Batabano;13832;Cuba;Small City
Apaxco de Ocampo;13836;Mexico;Small City
Piquete;13844;Brazil;Small City
Alajuelita;13845;Costa Rica;Small City
Guapi;13853;Colombia;Small City
Purepero de Echaiz;13856;Mexico;Small City
San Salvador Cuauhtenco;13856;Mexico;Small City
Guamal;13857;Colombia;Small City
San Jacinto Amilpas;13860;Mexico;Small City
Caarapo;13863;Brazil;Small City
Itaiba;13864;Brazil;Small City
Siqueira Campos;13866;Brazil;Small City
Castro Alves;13868;Brazil;Small City
Contamana;13885;Peru;Small City
Acala;13889;Mexico;Small City
Pedras de Fogo;13894;Brazil;Small City
Sertanopolis;13903;Brazil;Small City
Villa del Campo;13906;Mexico;Small City
Miahuatlan;13909;Mexico;Small City
Agua Branca;13912;Brazil;Small City
Camamu;13924;Brazil;Small City
Nacaome;13929;Honduras;Small City
Monte Patria;13945;Chile;Small City
Cueramaro;13948;Mexico;Small City
Real del Valle (El Paraiso) [Fraccionamiento];13949;Mexico;Small City
Santa Ana;13950;Colombia;Small City
Morro da Fumaca;13951;Brazil;Small City
Ciudad Manuel Doblado;13956;Mexico;Small City
Juquitiba;13959;Brazil;Small City
Villa de Zaachila;13959;Mexico;Small City
Junqueiropolis;13965;Brazil;Small City
Sabana de la Mar;13977;Dominican Republic;Small City
Sayula de Aleman;13980;Mexico;Small City
Francisco Sa;13997;Brazil;Small City
Benjamin Constant;13998;Brazil;Small City
Saco dos Limoes;14000;Brazil;Small City
Tostado;14000;Argentina;Small City
Concepcion;14000;Costa Rica;Small City
America Dourada;14015;Brazil;Small City
Ascope;14015;Peru;Small City
Cantagalo;14019;Brazil;Small City
Trancoso;14021;Mexico;Small City
Santa Catalina;14039;Colombia;Small City
Lobatera;14041;Venezuela, Bolivarian Rep. of;Small City
Mimoso do Sul;14044;Brazil;Small City
Ruiz;14050;Mexico;Small City
Ezequiel Montes;14053;Mexico;Small City
Manicore;14055;Brazil;Small City
Santa Lucia;14056;Argentina;Small City
Tapejara;14064;Brazil;Small City
Guapiacu;14065;Brazil;Small City
Puerto Santa;14066;Peru;Small City
Andalgala;14068;Argentina;Small City
Las Varas;14077;Mexico;Small City
San Jose el Alto;14094;Mexico;Small City
Barillas;14100;Guatemala;Small City
San Vicente;14109;Panama;Small City
Barauna;14112;Brazil;Small City
Anahuac;14116;Mexico;Small City
Zunil;14118;Guatemala;Small City
Tepoztlan;14130;Mexico;Small City
El Dorado;14136;Mexico;Small City
Chopinzinho;14141;Brazil;Small City
Porteirinha;14144;Brazil;Small City
Maracacume;14164;Brazil;Small City
Barro Alto;14172;Brazil;Small City
Tenancingo de Degollado;14174;Mexico;Small City
Redencao;14174;Brazil;Small City
Ibiruba;14180;Brazil;Small City
Jalpa;14199;Mexico;Small City
Maraial;14203;Brazil;Small City
Recreo;14204;Argentina;Small City
Donmatias;14208;Colombia;Small City
Salinera Colan;14210;Peru;Small City
Sao Jose do Belmonte;14211;Brazil;Small City
Pichucalco;14212;Mexico;Small City
Bady Bassitt;14214;Brazil;Small City
Iguai;14217;Brazil;Small City
Panorama;14227;Brazil;Small City
Pueblo Yaqui;14234;Mexico;Small City
Chota;14240;Peru;Small City
Tlaxcoapan;14241;Mexico;Small City
Cheran;14245;Mexico;Small City
Villa de El Carmen Tequexquitla;14249;Mexico;Small City
Palmira;14256;Mexico;Small City
Cerqueira Cesar;14260;Brazil;Small City
Guarne;14270;Colombia;Small City
Ampere;14274;Brazil;Small City
San Cristobal;14286;Argentina;Small City
General Miguel Aleman;14287;Mexico;Small City
Bela Vista de Goias;14289;Brazil;Small City
Iuna;14290;Brazil;Small City
Tamboril;14292;Brazil;Small City
Alausi;14294;Ecuador;Small City
Conchas;14301;Brazil;Small City
Sao Francisco de Assis;14305;Brazil;Small City
San Pedro Sacatepequez;14315;Guatemala;Small City
Las Nazarenas;14316;Peru;Small City
San Vicente;14324;Mexico;Small City
Cristo Rey;14325;Dominican Republic;Small City
Bela Vista do Paraiso;14332;Brazil;Small City
Acajutiba;14348;Brazil;Small City
Formosa do Rio Preto;14354;Brazil;Small City
Santa Clara del Cobre;14359;Mexico;Small City
Macaparana;14362;Brazil;Small City
Mineros;14385;Bolivia;Small City
Los Palmitos;14385;Colombia;Small City
Fray Luis A. Beltran;14390;Argentina;Small City
Cassia;14391;Brazil;Small City
Luz;14396;Brazil;Small City
Port Antonio;14400;Jamaica;Small City
Rio de Oro;14408;Colombia;Small City
Horizontina;14416;Brazil;Small City
Tihuatlan;14417;Mexico;Small City
Boca do Acre;14427;Brazil;Small City
Ibipeba;14428;Brazil;Small City
Pueblo Rico;14429;Colombia;Small City
Ascension;14429;Bolivia;Small City
Carmo do Rio Claro;14446;Brazil;Small City
Desamparados;14448;Costa Rica;Small City
San Carlos;14451;Mexico;Small City
Agrestina;14452;Brazil;Small City
Angatuba;14476;Brazil;Small City
San Carlos;14480;Colombia;Small City
Traiguen;14481;Chile;Small City
San Gabriel;14487;Ecuador;Small City
Marco;14501;Brazil;Small City
Bonito;14504;Brazil;Small City
Acucena;14505;Brazil;Small City
Tinogasta;14509;Argentina;Small City
Tecuala;14511;Mexico;Small City
Guachochi;14513;Mexico;Small City
Lambari;14516;Brazil;Small City
Progreso;14525;Mexico;Small City
Porto Barra do Ivinheima;14527;Brazil;Small City
Novo Oriente;14529;Brazil;Small City
Sao Joao Batista;14538;Brazil;Small City
Cono Norte;14542;Peru;Small City
Dos de Mayo;14544;Argentina;Small City
San Lucas Toliman;14545;Guatemala;Small City
Cocula;14548;Mexico;Small City
Nossa Senhora das Dores;14550;Brazil;Small City
Las Amapolas;14553;Mexico;Small City
Otacilio Costa;14557;Brazil;Small City
El Llano;14559;Mexico;Small City
El Rosario;14577;Mexico;Small City
Santo Tomas;14581;El Salvador;Small City
Macaubas;14597;Brazil;Small City
Rio Branco;14604;Uruguay;Small City
Ciudad Hidalgo;14606;Mexico;Small City
Altinopolis;14615;Brazil;Small City
Juan Rodriguez Clara;14628;Mexico;Small City
Sao Joaquim de Bicas;14630;Brazil;Small City
Santa Cruz del Valle;14637;Mexico;Small City
Cedro;14644;Brazil;Small City
Nauta;14646;Peru;Small City
Las Varillas;14649;Argentina;Small City
Itambacuri;14652;Brazil;Small City
Parambu;14656;Brazil;Small City
Celendin;14660;Peru;Small City
Brokopondo;14662;Suriname;Small City
Quiroga;14669;Mexico;Small City
Tosagua;14680;Ecuador;Small City
Medina;14686;Brazil;Small City
Chicoral;14686;Colombia;Small City
Pirapora do Bom Jesus;14690;Brazil;Small City
Santa Maria da Boa Vista;14695;Brazil;Small City
Clevelandia;14701;Brazil;Small City
Purisima de la Concepcion;14705;Colombia;Small City
La Entrada;14705;Honduras;Small City
Santana do Acarau;14707;Brazil;Small City
San Ramon;14708;Peru;Small City
Porto Belo;14720;Brazil;Small City
Loreto;14724;Mexico;Small City
Brasilia de Minas;14728;Brazil;Small City
Santa Catarina Ixtahuacan;14734;Guatemala;Small City
Inhambupe;14735;Brazil;Small City
Cocorna;14743;Colombia;Small City
Tabalosos;14744;Peru;Small City
Triunfo;14749;Brazil;Small City
Funes;14750;Argentina;Small City
La Quiaca;14751;Argentina;Small City
Nuevo San Juan Parangaricutiro;14772;Mexico;Small City
Pio XII;14773;Brazil;Small City
Tlalmanalco;14786;Mexico;Small City
Cerritos;14804;Mexico;Small City
Lucelia;14806;Brazil;Small City
Tlaxco;14806;Mexico;Small City
Santo Tomas;14809;Nicaragua;Small City
Jucas;14821;Brazil;Small City
Sao Goncalo dos Campos;14822;Brazil;Small City
Mercaderes;14824;Colombia;Small City
Monterrey;14828;Colombia;Small City
Canalete;14831;Colombia;Small City
Bodden Town;14845;Cayman Islands;Small City
Boquim;14848;Brazil;Small City
Santa Maria;14853;Peru;Small City
Villa Unida;14854;Panama;Small City
Tres Barras;14855;Brazil;Small City
Punta Gorda;14855;Venezuela, Bolivarian Rep. of;Small City
Coronango;14859;Mexico;Small City
San Miguel Canoa;14863;Mexico;Small City
Sombrio;14864;Brazil;Small City
Mandaguacu;14866;Brazil;Small City
Senges;14867;Brazil;Small City
Santa Ana Nextlalpan;14871;Mexico;Small City
Sao Lourenco do Oeste;14871;Brazil;Small City
Porto Franco;14873;Brazil;Small City
Tizapan el Alto;14877;Mexico;Small City
Chemax;14885;Mexico;Small City
Madre de Deus;14887;Brazil;Small City
Itau de Minas;14888;Brazil;Small City
Lamentin;14891;Guadeloupe;Small City
Saposoa;14894;Peru;Small City
Alfredo V. Bonfil;14900;Mexico;Small City
Hospital;14914;Chile;Small City
San Nicolas de Bari;14914;Cuba;Small City
Chicama;14915;Peru;Small City
Nuevo Arraijan;14920;Panama;Small City
Oteapan;14925;Mexico;Small City
Calkini;14934;Mexico;Small City
Engenheiro Beltrao;14954;Brazil;Small City
Itamaraca;14969;Brazil;Small City
Pontal do Parana;14969;Brazil;Small City
Valle de Guanape;14983;Venezuela, Bolivarian Rep. of;Small City
Pico Truncado;14985;Argentina;Small City
La Gloria;14989;Colombia;Small City
Benito Juarez;14990;Mexico;Small City
Armenia;14997;El Salvador;Small City
Jamaica;15000;Cuba;Small City
Guayos;15000;Cuba;Small City
Clorinda;15000;Argentina;Small City
La Punta;15000;Argentina;Small City
Col. Bosques de las Lomas;15000;Mexico;Small City
Villa Presidente Frei;15000;Chile;Small City
Alto Lucero;15011;Mexico;Small City
Ocotlan de Morelos;15016;Mexico;Small City
Puerto Salgar;15019;Colombia;Small City
Tucuma;15030;Brazil;Small City
Santiago de Maria;15032;El Salvador;Small City
La Trinite;15040;Martinique;Small City
Xalatlaco;15043;Mexico;Small City
San Rafael Arriba;15051;Costa Rica;Small City
Cruzeiro do Oeste;15057;Brazil;Small City
La Union;15061;Colombia;Small City
Cajueiro;15062;Brazil;Small City
Paradise;15067;Trinidad and Tobago;Small City
Tangancicuaro de Arista;15068;Mexico;Small City
San Andres Xecul;15074;Guatemala;Small City
Coishco;15083;Peru;Small City
Araci;15088;Brazil;Small City
Santa Cecilia;15092;Brazil;Small City
Betulia;15097;Colombia;Small City
Trindade;15100;Brazil;Small City
La Falda;15112;Argentina;Small City
Paraty;15118;Brazil;Small City
Tecpan de Galeana;15119;Mexico;Small City
Santa Barbara;15119;Honduras;Small City
Bella Vista;15126;Argentina;Small City
Morteros;15129;Argentina;Small City
Crucecita;15130;Mexico;Small City
Resplendor;15131;Brazil;Small City
Pinhao;15141;Brazil;Small City
Rabinal;15157;Guatemala;Small City
Sarandi;15158;Brazil;Small City
Tetla;15161;Mexico;Small City
Cienega de Flores;15162;Mexico;Small City
Celso Ramos;15162;Brazil;Small City
El Palmar;15167;Guatemala;Small City
Puebla;15168;Mexico;Small City
Catriel;15169;Argentina;Small City
Pointe-a-Pitre;15181;Guadeloupe;Small City
Villa Hidalgo;15182;Mexico;Small City
Teodoro Sampaio;15193;Brazil;Small City
Punata;15194;Bolivia;Small City
San Nicolas;15200;Aruba;Small City
Tepalcatepec;15221;Mexico;Small City
Sao Gabriel da Cachoeira;15231;Brazil;Small City
Bellavista;15231;Peru;Small City
Alborada Jaltenco;15235;Mexico;Small City
Tepeapulco;15244;Mexico;Small City
Tecamac;15244;Mexico;Small City
Coscomatepec de Bravo;15252;Mexico;Small City
Medeiros Neto;15254;Brazil;Small City
Demerval Lobao;15265;Brazil;Small City
Baragua;15268;Cuba;Small City
Patapo;15270;Peru;Small City
Alquizar;15275;Cuba;Small City
Zamora;15276;Ecuador;Small City
Sucre;15286;Ecuador;Small City
Villa Independencia;15297;Mexico;Small City
Sao Jose de Mipibu;15298;Brazil;Small City
Orange Walk;15298;Belize;Small City
Tuzantla;15302;Mexico;Small City
Nicoya;15313;Costa Rica;Small City
Junin;15320;Peru;Small City
West Bay;15335;Cayman Islands;Small City
San Luis del Palmar;15347;Argentina;Small City
Simiti;15353;Colombia;Small City
Unquillo;15369;Argentina;Small City
Ayutla de los Libres;15370;Mexico;Small City
Somotillo;15385;Nicaragua;Small City
San Mateo Huitzilzingo;15389;Mexico;Small City
Paso de Carrasco;15393;Uruguay;Small City
Aracoiaba da Serra;15395;Brazil;Small City
Juan Aldama;15431;Mexico;Small City
Periban de Ramos;15434;Mexico;Small City
Sao Miguel do Iguacu;15434;Brazil;Small City
Sonzacate;15446;El Salvador;Small City
Madera;15447;Mexico;Small City
Marsella;15455;Colombia;Small City
Rio Bueno;15456;Chile;Small City
Vazante;15459;Brazil;Small City
Santiago Tuxtla;15459;Mexico;Small City
Jequitinhonha;15463;Brazil;Small City
Prado;15464;Brazil;Small City
Cardenas;15469;Mexico;Small City
San Juan de Dios;15469;Costa Rica;Small City
Minas de Marcona;15478;Peru;Small City
Las Delicias;15486;Mexico;Small City
Huanuni;15492;Bolivia;Small City
Venustiano Carranza;15496;Mexico;Small City
Schroeder;15505;Brazil;Small City
San Pablo Oztotepec;15507;Mexico;Small City
Ahualulco de Mercado;15512;Mexico;Small City
Itajuipe;15516;Brazil;Small City
Rio Formoso;15518;Brazil;Small City
Colonia Wanda;15529;Argentina;Small City
Monte Plata;15532;Dominican Republic;Small City
Satipo;15532;Peru;Small City
Libres;15536;Mexico;Small City
El Bolson;15537;Argentina;Small City
Venceremos;15538;Mexico;Small City
El Torno;15543;Bolivia;Small City
Manhumirim;15544;Brazil;Small City
Montalvo;15547;Ecuador;Small City
Belem;15550;Brazil;Small City
Pimentel;15552;Peru;Small City
Conde;15557;Brazil;Small City
Dom Pedro;15570;Brazil;Small City
Esparza;15575;Costa Rica;Small City
Sabanitas;15577;Panama;Small City
Puerto Esperanza;15579;Argentina;Small City
Campos Belos;15582;Brazil;Small City
Tulantongo;15584;Mexico;Small City
Loncoche;15590;Chile;Small City
Zinacatepec;15592;Mexico;Small City
Rolante;15594;Brazil;Small City
Desarmes;15594;Haiti;Small City
Nova Era;15595;Brazil;Small City
Cordeiro;15601;Brazil;Small City
Ubata;15604;Brazil;Small City
San Javier;15606;Argentina;Small City
Carcarana;15619;Argentina;Small City
Candelaria;15631;Colombia;Small City
San Antonio;15633;Peru;Small City
El Tejar;15639;Guatemala;Small City
La Cruz;15657;Mexico;Small City
Yumare;15661;Venezuela, Bolivarian Rep. of;Small City
Saubara;15662;Brazil;Small City
Aguazul;15669;Colombia;Small City
Uniao;15677;Brazil;Small City
Anicuns;15684;Brazil;Small City
Jalpa de Mendez;15695;Mexico;Small City
Itatinga;15696;Brazil;Small City
Diamantino;15699;Brazil;Small City
Potrerillos;15707;Honduras;Small City
Pozo Almonte;15711;Chile;Small City
Nova Granada;15715;Brazil;Small City
Wenceslau Braz;15726;Brazil;Small City
Lajinha;15729;Brazil;Small City
Paraguacu;15741;Brazil;Small City
General Pinedo;15741;Argentina;Small City
Santa Lucia;15760;Colombia;Small City
Darien;15763;Colombia;Small City
Yoro;15774;Honduras;Small City
Vitoria do Mearim;15775;Brazil;Small City
Salgar;15782;Colombia;Small City
Ladario;15790;Brazil;Small City
San Clemente;15815;Peru;Small City
Conceicao da Feira;15834;Brazil;Small City
Coronel Vivida;15841;Brazil;Small City
Sanarate;15843;Guatemala;Small City
Santiago Tlacotepec;15853;Mexico;Small City
Conde;15859;Brazil;Small City
Zinapecuaro;15875;Mexico;Small City
Colima;15875;Costa Rica;Small City
Valenca do Piaui;15881;Brazil;Small City
Satuba;15887;Brazil;Small City
Itaporanga;15890;Brazil;Small City
Pombos;15894;Brazil;Small City
Embalse;15900;Argentina;Small City
Tecamac de Felipe Villanueva;15911;Mexico;Small City
Guadalupe;15913;Colombia;Small City
Ciudad de Armeria;15923;Mexico;Small City
Valparaiso;15938;Brazil;Small City
San Jose del Castillo;15946;Mexico;Small City
Buri;15958;Brazil;Small City
Sangre Grande;15968;Trinidad and Tobago;Small City
Ipaba;15970;Brazil;Small City
Vicente Guerrero;15982;Mexico;Small City
San Rafael Tlanalapan;15998;Mexico;Small City
Buerarema;16001;Brazil;Small City
El Rosario;16001;Mexico;Small City
Juchitepec;16021;Mexico;Small City
Capela;16023;Brazil;Small City
Ilave;16033;Peru;Small City
Santa Helena;16045;Brazil;Small City
Nova Petropolis;16049;Brazil;Small City
Siuna;16056;Nicaragua;Small City
Fonte Boa;16060;Brazil;Small City
Chongoyape;16061;Peru;Small City
Maragogi;16066;Brazil;Small City
Aguadilla;16073;Puerto Rico;Small City
Fraccionamiento Ciudad Olmeca;16074;Mexico;Small City
Santiago Tulantepec;16078;Mexico;Small City
Tepatlaxco de Hidalgo;16085;Mexico;Small City
Manati;16092;Puerto Rico;Small City
Concordia;16095;Colombia;Small City
Cabrobo;16096;Brazil;Small City
El Dorado;16100;Venezuela, Bolivarian Rep. of;Small City
Tarqui;16108;Colombia;Small City
Arroio Grande;16117;Brazil;Small City
Itapaci;16117;Brazil;Small City
Padre Bernardo;16118;Brazil;Small City
San Francisco de los Romo;16124;Mexico;Small City
Santa Ana Xalmimilulco;16125;Mexico;Small City
Rubiataba;16128;Brazil;Small City
Yunguyo;16140;Peru;Small City
San Francisco;16152;El Salvador;Small City
Antonina;16152;Brazil;Small City
Conceicao das Alagoas;16152;Brazil;Small City
Medina;16166;Mexico;Small City
Pujili;16168;Ecuador;Small City
Huarmey;16172;Peru;Small City
Macatuba;16179;Brazil;Small City
Izamal;16195;Mexico;Small City
Magdalena;16214;Mexico;Small City
Paranapanema;16215;Brazil;Small City
Cotorra;16215;Colombia;Small City
Carolina;16228;Brazil;Small City
Piritiba;16230;Brazil;Small City
Teolocholco;16240;Mexico;Small City
Teopisca;16240;Mexico;Small City
Buritis;16243;Brazil;Small City
Progreso;16244;Uruguay;Small City
Penonome;16250;Panama;Small City
Ampliacion San Mateo;16250;Mexico;Small City
Sao Joaquim;16250;Brazil;Small City
San Pedro de Lloc;16250;Peru;Small City
Muzambinho;16253;Brazil;Small City
Momil;16264;Colombia;Small City
General Villegas;16270;Argentina;Small City
Puerto Santander;16275;Colombia;Small City
Augusto Correa;16279;Brazil;Small City
Lazaro Cardenas;16294;Mexico;Small City
Acatlan de Osorio;16307;Mexico;Small City
Monte Aprazivel;16308;Brazil;Small City
Panguipulli;16312;Chile;Small City
Tamuin;16318;Mexico;Small City
Oros;16328;Brazil;Small City
Arroio do Meio;16331;Brazil;Small City
Carmo do Cajuru;16332;Brazil;Small City
Federal;16333;Argentina;Small City
San Pedro Carcha;16353;Guatemala;Small City
Curundu;16361;Panama;Small City
Parelhas;16377;Brazil;Small City
Sabaneta;16380;Dominican Republic;Small City
Collipulli;16392;Chile;Small City
Tlaltenango de Sanchez Roman;16396;Mexico;Small City
Dajabon;16398;Dominican Republic;Small City
Tuntum;16402;Brazil;Small City
Alagoa Grande;16406;Brazil;Small City
Aguas Vermelhas;16409;Brazil;Small City
Pirai do Sul;16409;Brazil;Small City
Andes;16419;Colombia;Small City
Orleans;16422;Brazil;Small City
Ipubi;16424;Brazil;Small City
Pupiales;16431;Colombia;Small City
Camana;16434;Peru;Small City
Santa Lucia;16438;Uruguay;Small City
San Antonio Acahualco;16442;Mexico;Small City
Agua Preta;16444;Brazil;Small City
La Mana;16450;Ecuador;Small City
La Esperanza;16461;Guatemala;Small City
Varjota;16462;Brazil;Small City
El Crucero;16469;Nicaragua;Small City
Sao Felix do Xingu;16477;Brazil;Small City
Ciudad Guadalupe Victoria;16506;Mexico;Small City
San Francisco Tlalcilalcalpan;16509;Mexico;Small City
Senador Pompeu;16515;Brazil;Small City
San Estanislao;16518;Colombia;Small City
Hidalgo;16524;Mexico;Small City
Tarauaca;16526;Brazil;Small City
Manzanares;16532;Colombia;Small City
Tapiramuta;16544;Brazil;Small City
Guane;16548;Cuba;Small City
Laja;16550;Chile;Small City
Savanna-la-Mar;16553;Jamaica;Small City
Nochistlan de Mejia;16562;Mexico;Small City
Mocajuba;16567;Brazil;Small City
Roseau;16571;Dominica;Small City
Pelileo;16572;Ecuador;Small City
Cacahoatan;16572;Mexico;Small City
San Juan Bautista;16593;Paraguay;Small City
Ario de Rosales;16595;Mexico;Small City
Venezuela;16601;Cuba;Small City
Rio Verde de Mato Grosso;16613;Brazil;Small City
Monte Santo de Minas;16617;Brazil;Small City
Yajalon;16622;Mexico;Small City
Anahuac;16628;Mexico;Small City
Rio Ceballos;16632;Argentina;Small City
Vicosa do Ceara;16636;Brazil;Small City
Suchiapa;16637;Mexico;Small City
Encantado;16637;Brazil;Small City
Jeremoabo;16642;Brazil;Small City
Llaillay;16646;Chile;Small City
San Lorenzo;16653;Colombia;Small City
Camoapa;16653;Nicaragua;Small City
Carandai;16657;Brazil;Small City
Amaraji;16660;Brazil;Small City
Itapissuma;16673;Brazil;Small City
Puerto Lopez;16678;Colombia;Small City
Los Reyes de Juarez;16683;Mexico;Small City
Itapecerica;16684;Brazil;Small City
Santa Rosa Treinta;16691;Mexico;Small City
Pacho;16698;Colombia;Small City
Ozumba de Alzate;16700;Mexico;Small City
San Felipe;16702;Mexico;Small City
Abreus;16711;Cuba;Small City
Media Luna;16713;Cuba;Small City
Santo Antonio do Amparo;16730;Brazil;Small City
Piracanjuba;16736;Brazil;Small City
La Providencia Siglo XXI;16747;Mexico;Small City
Young;16756;Uruguay;Small City
Apodi;16757;Brazil;Small City
Itaocara;16762;Brazil;Small City
Seabra;16764;Brazil;Small City
Arari;16777;Brazil;Small City
Aragarcas;16781;Brazil;Small City
Campo Alegre;16785;Brazil;Small City
Iracemapolis;16795;Brazil;Small City
Pailitas;16800;Colombia;Small City
Yecapixtla;16811;Mexico;Small City
Salinas de Hidalgo;16821;Mexico;Small City
Sabana Grande de Boya;16834;Dominican Republic;Small City
La Magdalena Tlaltelulco;16834;Mexico;Small City
Villa Nueva;16841;Argentina;Small City
La Libertad;16855;El Salvador;Small City
Sibanicu;16856;Cuba;Small City
Cariamanga;16862;Ecuador;Small City
San Jorge;16873;Argentina;Small City
Cartagena;16875;Chile;Small City
Sidrolandia;16878;Brazil;Small City
Silva Jardim;16888;Brazil;Small City
Zarumilla;16907;Peru;Small City
Riachao do Jacuipe;16911;Brazil;Small City
Pijijiapan;16917;Mexico;Small City
Tabira;16926;Brazil;Small City
Tezoyuca;16933;Mexico;Small City
Puerto Aysen;16936;Chile;Small City
La Sierpe;16937;Cuba;Small City
San Antonio Oeste;16966;Argentina;Small City
Palau;16970;Mexico;Small City
Saint-Joseph;16974;Martinique;Small City
Coronda;16975;Argentina;Small City
Barroso;16975;Brazil;Small City
Pinas;16981;Ecuador;Small City
Sacramento;16982;Brazil;Small City
San Diego;16991;Costa Rica;Small City
Scarborough;17000;Trinidad and Tobago;Small City
Tado;17000;Colombia;Small City
San Fernando de Monte Cristi;17001;Dominican Republic;Small City
Chisec;17018;Guatemala;Small City
Rio Blanco;17018;Nicaragua;Small City
Solanea;17030;Brazil;Small City
Sao Jeronimo;17056;Brazil;Small City
Mombaca;17065;Brazil;Small City
La Azulita;17111;Venezuela, Bolivarian Rep. of;Small City
Ipueiras;17111;Brazil;Small City
Cha Grande;17112;Brazil;Small City
Guadalupe Victoria;17119;Mexico;Small City
Gualaceo;17122;Ecuador;Small City
San Salvador Atenco;17124;Mexico;Small City
Veracruz;17144;Panama;Small City
Itabaianinha;17149;Brazil;Small City
Ipero;17160;Brazil;Small City
Viradouro;17172;Brazil;Small City
Tena;17172;Ecuador;Small City
Santa Barbara;17172;Guatemala;Small City
Dolores;17174;Uruguay;Small City
Santa Quiteria do Maranhao;17174;Brazil;Small City
Eirunepe;17175;Brazil;Small City
Penalva;17186;Brazil;Small City
Lerida;17197;Colombia;Small City
Encruzilhada do Sul;17199;Brazil;Small City
Jamay;17204;Mexico;Small City
Palmarito Tochapan;17213;Mexico;Small City
Regente Feijo;17218;Brazil;Small City
Lavras da Mangabeira;17221;Brazil;Small City
Pindobacu;17229;Brazil;Small City
Puerto Triunfo;17231;Colombia;Small City
Santo Anastacio;17233;Brazil;Small City
Sao Bento;17245;Brazil;Small City
Mala;17260;Peru;Small City
Casa Blanca;17262;Mexico;Small City
San Salvador El Seco;17263;Mexico;Small City
Chiquinquira;17271;Venezuela, Bolivarian Rep. of;Small City
Tres Passos;17286;Brazil;Small City
Calceta;17286;Ecuador;Small City
Tres Valles;17299;Mexico;Small City
Mendes;17308;Brazil;Small City
Poptun;17320;Guatemala;Small City
Capim Grosso;17322;Brazil;Small City
Itororo;17324;Brazil;Small City
Aparecida do Taboado;17332;Brazil;Small City
Porto Calvo;17346;Brazil;Small City
Ibotirama;17354;Brazil;Small City
Chimbarongo;17356;Chile;Small City
Gloria do Goita;17374;Brazil;Small City
El Asintal;17388;Guatemala;Small City
Ducos;17394;Martinique;Small City
Huilango;17399;Mexico;Small City
San Rafael de Onoto;17402;Venezuela, Bolivarian Rep. of;Small City
Pedregal;17427;Panama;Small City
San Pedro;17429;Belize;Small City
Guaranesia;17437;Brazil;Small City
Barreirinhas;17437;Brazil;Small City
Obispos;17440;Venezuela, Bolivarian Rep. of;Small City
Andahuaylas;17444;Peru;Small City
Atuntaqui;17456;Ecuador;Small City
Cavancha;17461;Chile;Small City
Nueva Granada;17470;Colombia;Small City
Ciudad de Huitzuco;17475;Mexico;Small City
Villa Sarmiento;17481;Argentina;Small City
Progreso de Alvaro Obregon;17486;Mexico;Small City
Tupancireta;17488;Brazil;Small City
Puerto Rico;17491;Argentina;Small City
Pirajui;17503;Brazil;Small City
Jandaia do Sul;17507;Brazil;Small City
Axochiapan;17508;Mexico;Small City
Cacapava do Sul;17522;Brazil;Small City
Quatro Barras;17526;Brazil;Small City
Mari;17535;Brazil;Small City
Itapemirim;17536;Brazil;Small City
Heroica Ciudad de Tlaxiaco;17543;Mexico;Small City
Espinosa;17548;Brazil;Small City
La Paz;17555;Honduras;Small City
Compostela;17573;Mexico;Small City
Yondo;17597;Colombia;Small City
Abejorral;17599;Colombia;Small City
Restrepo;17610;Colombia;Small City
Santiago Momoxpan;17622;Mexico;Small City
Cienaga de Oro;17623;Colombia;Small City
Candelaria;17631;Puerto Rico;Small City
Piuma;17634;Brazil;Small City
El Carmen de Chucuri;17638;Colombia;Small City
Ixtapan de la Sal;17640;Mexico;Small City
Estreito;17647;Brazil;Small City
Campos Sales;17648;Brazil;Small City
Barra Velha;17665;Brazil;Small City
Fresno;17668;Colombia;Small City
El Quince;17669;Mexico;Small City
Bastos;17680;Brazil;Small City
Buriti Bravo;17692;Brazil;Small City
La Breita;17693;Peru;Small City
Quisqueya;17694;Dominican Republic;Small City
La Concepcion;17698;Panama;Small City
Lagoa do Itaenga;17719;Brazil;Small City
Santuario;17722;Colombia;Small City
Monteiro;17726;Brazil;Small City
Chaguaramas;17728;Venezuela, Bolivarian Rep. of;Small City
Don Antonio;17736;Mexico;Small City
Uchiza;17742;Peru;Small City
Tunapuna;17758;Trinidad and Tobago;Small City
El Doncello;17775;Colombia;Small City
Santa Maria Ajoloapan;17784;Mexico;Small City
Jobabo;17804;Cuba;Small City
Perdoes;17821;Brazil;Small City
Camanducaia;17822;Brazil;Small City
Timbiras;17875;Brazil;Small City
Jarinu;17899;Brazil;Small City
Jocotenango;17918;Guatemala;Small City
Livingston;17923;Guatemala;Small City
Mapastepec;17931;Mexico;Small City
Primero de Enero;17934;Cuba;Small City
Tiquisio;17939;Colombia;Small City
Nova Prata;17943;Brazil;Small City
Tamandare;17954;Brazil;Small City
Tres de Mayo;17966;Mexico;Small City
Delta del Tigre;17973;Uruguay;Small City
La Cabima;17975;Panama;Small City
Carlos A. Carrillo;17989;Mexico;Small City
Extremoz;17991;Brazil;Small City
Changuinola;17997;Panama;Small City
Chicureo;18000;Chile;Small City
Chichen-Itza;18000;Mexico;Small City
San Andres Cuexcontitlan;18005;Mexico;Small City
Pompeia;18015;Brazil;Small City
Laja;18023;Bolivia;Small City
Carmelo;18041;Uruguay;Small City
San Vicente;18051;Colombia;Small City
Santa Rosa;18057;Peru;Small City
Carauari;18059;Brazil;Small City
Herval;18063;Brazil;Small City
Itamarandiba;18063;Brazil;Small City
Macau;18070;Brazil;Small City
Salamina;18076;Colombia;Small City
Boconoito;18086;Venezuela, Bolivarian Rep. of;Small City
Floresta;18100;Brazil;Small City
Custodia;18107;Brazil;Small City
Monte Azul Paulista;18117;Brazil;Small City
Bejucal;18123;Cuba;Small City
Bela Vista;18127;Brazil;Small City
Escuque;18128;Venezuela, Bolivarian Rep. of;Small City
Andalucia;18132;Colombia;Small City
Diego de Almagro;18137;Chile;Small City
Santo Antonio de Posse;18148;Brazil;Small City
Rio Segundo;18155;Argentina;Small City
Cihuatlan;18164;Mexico;Small City
Barreiro do Jaiba;18167;Brazil;Small City
Ivoti;18171;Brazil;Small City
Zacoalco;18172;Mexico;Small City
San Benito Abad;18181;Colombia;Small City
Guaraciaba do Norte;18186;Brazil;Small City
Villa Yapacani;18187;Bolivia;Small City
Tiquisate;18189;Guatemala;Small City
Sertania;18190;Brazil;Small City
Chivolo;18208;Colombia;Small City
Soure;18212;Brazil;Small City
Altepexi;18217;Mexico;Small City
Sao Jose do Egito;18218;Brazil;Small City
Lelydorp;18223;Suriname;Small City
Villa del Prado 2da Seccion;18226;Mexico;Small City
Tanabi;18227;Brazil;Small City
Siquirres;18231;Costa Rica;Small City
Tulum;18233;Mexico;Small City
Loanda;18233;Brazil;Small City
Santiago Ixcuintla;18241;Mexico;Small City
Mitras Poniente;18246;Mexico;Small City
Fond Parisien;18256;Haiti;Small City
Apiai;18259;Brazil;Small City
Miguelopolis;18262;Brazil;Small City
Guara;18263;Brazil;Small City
Milpa Alta;18274;Mexico;Small City
Sao Domingos do Maranhao;18275;Brazil;Small City
Tres de Maio;18278;Brazil;Small City
Sagua de Tanamo;18282;Cuba;Small City
Firmat;18294;Argentina;Small City
Crespo;18296;Argentina;Small City
El Chorrillo;18302;Panama;Small City
Parque Industrial Ciudad Mitras;18312;Mexico;Small City
Cicero Dantas;18317;Brazil;Small City
Cabrero;18327;Chile;Small City
Tlaquiltenango;18334;Mexico;Small City
Cotoca;18347;Bolivia;Small City
Saladas;18349;Argentina;Small City
Montecristi;18351;Ecuador;Small City
Ibirama;18357;Brazil;Small City
Rufino;18361;Argentina;Small City
Brodosqui;18366;Brazil;Small City
Areia Branca;18372;Brazil;Small City
Galvez;18374;Argentina;Small City
Santa Rosa;18375;Colombia;Small City
Simao Dias;18385;Brazil;Small City
Santa Cruz del Norte;18402;Cuba;Small City
San Jose de los Olvera;18406;Mexico;Small City
Guisa;18408;Cuba;Small City
Santa Elena;18410;Argentina;Small City
Santo Amaro da Imperatriz;18418;Brazil;Small City
Paraipaba;18423;Brazil;Small City
Laranjeiras do Sul;18424;Brazil;Small City
Ibia;18428;Brazil;Small City
Astrea;18434;Colombia;Small City
Ita;18459;Paraguay;Small City
Jacutinga;18469;Brazil;Small City
Belo Oriente;18470;Brazil;Small City
Martinopolis;18488;Brazil;Small City
Santa Gertrudes;18490;Brazil;Small City
Cayey;18494;Puerto Rico;Small City
Cassilandia;18497;Brazil;Small City
Santa Rosa Jauregui;18508;Mexico;Small City
El Pao;18520;Venezuela, Bolivarian Rep. of;Small City
Pueblo Nuevo;18525;Venezuela, Bolivarian Rep. of;Small City
San Diego;18531;Colombia;Small City
Palmital;18539;Brazil;Small City
Half Way Tree;18552;Jamaica;Small City
Pizarro;18561;Colombia;Small City
Catamayo;18565;Ecuador;Small City
Tapes;18570;Brazil;Small City
Palencia;18574;Guatemala;Small City
Hinche;18590;Haiti;Small City
Sao Marcos;18591;Brazil;Small City
La Paragua;18591;Venezuela, Bolivarian Rep. of;Small City
Ipameri;18607;Brazil;Small City
Nossa Senhora da Gloria;18612;Brazil;Small City
Huanta;18627;Peru;Small City
Palmeira;18630;Brazil;Small City
Aldama;18642;Mexico;Small City
Pitanga;18652;Brazil;Small City
Xico;18652;Mexico;Small City
Puerto San Jose;18655;Guatemala;Small City
Neiba;18670;Dominican Republic;Small City
Morales;18678;Colombia;Small City
Arcelia;18685;Mexico;Small City
Brotas;18689;Brazil;Small City
Villanueva;18699;Colombia;Small City
Comalapa;18704;Mexico;Small City
Matriz de Camaragibe;18705;Brazil;Small City
Lerdo de Tejada;18715;Mexico;Small City
Ciudad Nueva;18756;Dominican Republic;Small City
Sunchales;18757;Argentina;Small City
Ceres;18759;Brazil;Small City
Villa Rica;18761;Colombia;Small City
Niquero;18771;Cuba;Small City
Nueva Imperial;18777;Chile;Small City
El Paraiso;18779;Honduras;Small City
Santa Maria Totoltepec;18779;Mexico;Small City
Tamazula de Gordiano;18787;Mexico;Small City
Fredonia;18790;Colombia;Small City
Aguas de Lindoia;18805;Brazil;Small City
Sao Miguel do Araguaia;18809;Brazil;Small City
Ascencion de Guarayos;18816;Bolivia;Small City
Esperanca;18817;Brazil;Small City
Anastacio;18817;Brazil;Small City
Las Rosas;18817;Mexico;Small City
Juan de Acosta;18828;Colombia;Small City
Cuautepec de Hinojosa;18835;Mexico;Small City
Rio Brilhante;18837;Brazil;Small City
Bambui;18840;Brazil;Small City
Urrao;18846;Colombia;Small City
Jocotepec;18852;Mexico;Small City
Piracuruca;18852;Brazil;Small City
Guazacapan;18855;Guatemala;Small City
Pitangui;18858;Brazil;Small City
Esplanada;18859;Brazil;Small City
Mascote;18863;Brazil;Small City
Jojutla;18867;Mexico;Small City
Paracho de Verduzco;18868;Mexico;Small City
Canguaretama;18873;Brazil;Small City
Guaratuba;18906;Brazil;Small City
Atalaia;18908;Brazil;Small City
Balboa;18910;Colombia;Small City
Nepomuceno;18911;Brazil;Small City
Matias Romero;18944;Mexico;Small City
Riosucio;18950;Colombia;Small City
Viseu;18958;Brazil;Small City
Morales;18994;Guatemala;Small City
Sao Sebastiao do Cai;19012;Brazil;Small City
Remire-Montjoly;19029;French Guiana;Small City
Monte Llano;19029;Dominican Republic;Small City
Point Fortin;19056;Trinidad and Tobago;Small City
Cosquin;19070;Argentina;Small City
Puerto El Triunfo;19074;El Salvador;Small City
Casimiro de Abreu;19087;Brazil;Small City
Rioblanco;19090;Colombia;Small City
Guapiles;19092;Costa Rica;Small City
Villa Paula de Sarmiento;19092;Argentina;Small City
Jose Cardel;19092;Mexico;Small City
San Rafael Oriente;19095;El Salvador;Small City
Cupira;19096;Brazil;Small City
Goias;19098;Brazil;Small City
Itabaiana;19100;Brazil;Small City
Villa Ocampo;19101;Argentina;Small City
Pirai;19105;Brazil;Small City
Carlos Barbosa;19105;Brazil;Small City
Pilar do Sul;19107;Brazil;Small City
Pirane;19124;Argentina;Small City
Aimores;19133;Brazil;Small City
Acaponeta;19140;Mexico;Small City
Metapan;19143;El Salvador;Small City
Xochitepec;19164;Mexico;Small City
Mene de Mauroa;19174;Venezuela, Bolivarian Rep. of;Small City
Sao Sepe;19181;Brazil;Small City
Corinto;19183;Nicaragua;Small City
Joaquin V. Gonzalez;19185;Argentina;Small City
Izalco;19197;El Salvador;Small City
Rodas;19212;Cuba;Small City
Santa Ana;19215;Venezuela, Bolivarian Rep. of;Small City
Manati;19233;Colombia;Small City
Nova Olimpia;19274;Brazil;Small City
La Plata;19275;Colombia;Small City
Baixo Guandu;19292;Brazil;Small City
Sobradinho;19304;Brazil;Small City
Conceicao da Barra;19309;Brazil;Small City
Ayaviri;19310;Peru;Small City
Padua;19311;Colombia;Small City
Trindade;19313;Brazil;Small City
El Reten;19345;Colombia;Small City
Gualan;19354;Guatemala;Small City
Pueblo Nuevo;19363;Mexico;Small City
Chalatenango;19364;El Salvador;Small City
Velez;19376;Colombia;Small City
Lomas del Sur;19413;Mexico;Small City
Eloi Mendes;19413;Brazil;Small City
Gameleira;19423;Brazil;Small City
Salcaja;19434;Guatemala;Small City
Polonuevo;19454;Colombia;Small City
Pinheiral;19469;Brazil;Small City
Barrancas;19474;Venezuela, Bolivarian Rep. of;Small City
Sao Goncalo do Sapucai;19487;Brazil;Small City
Butia;19494;Brazil;Small City
Sao Joao dos Patos;19538;Brazil;Small City
Cajuru;19539;Brazil;Small City
Diamante;19545;Argentina;Small City
Santa Cruz Cabralia;19545;Brazil;Small City
Sao Raimundo Nonato;19569;Brazil;Small City
El Soberbio;19571;Argentina;Small City
Vicosa;19573;Brazil;Small City
Ibicarai;19574;Brazil;Small City
Arroyito;19577;Argentina;Small City
Achocalla;19583;Bolivia;Small City
Condado;19585;Brazil;Small City
San Juan Zitlaltepec;19600;Mexico;Small City
Chignahuapan;19608;Mexico;Small City
Prudentopolis;19611;Brazil;Small City
Miracema do Tocantins;19634;Brazil;Small City
Guacari;19637;Colombia;Small City
Miracatu;19643;Brazil;Small City
Jatibonico;19644;Cuba;Small City
Banderilla;19649;Mexico;Small City
San Cristobal Verapaz;19664;Guatemala;Small City
Imbituva;19671;Brazil;Small City
Pentecoste;19680;Brazil;Small City
Le Francois;19682;Martinique;Small City
Suarez;19690;Colombia;Small City
Canelones;19698;Uruguay;Small City
La Ermita;19703;Mexico;Small City
Itapuranga;19709;Brazil;Small City
Altotonga;19722;Mexico;Small City
Galapa;19732;Colombia;Small City
Calvillo;19742;Mexico;Small City
Alegre;19757;Brazil;Small City
Guacui;19786;Brazil;Small City
Vera;19797;Argentina;Small City
Florencia;19811;Cuba;Small City
General Mosconi;19811;Argentina;Small City
Catole do Rocha;19812;Brazil;Small City
Cinco Saltos;19819;Argentina;Small City
Peto;19821;Mexico;Small City
Capesterre-Belle-Eau;19821;Guadeloupe;Small City
Cunduacan;19824;Mexico;Small City
Bahia Honda;19834;Cuba;Small City
Veranopolis;19861;Brazil;Small City
Malaga;19884;Colombia;Small City
Nueva Bolivia;19885;Venezuela, Bolivarian Rep. of;Small City
Joao Camara;19885;Brazil;Small City
Itubera;19887;Brazil;Small City
Prata;19896;Brazil;Small City
Laboulaye;19908;Argentina;Small City
La Paz;19913;Uruguay;Small City
Livramento do Brumado;19914;Brazil;Small City
Filadelfia;19927;Paraguay;Small City
Ibirataia;19942;Brazil;Small City
Buesaco;19951;Colombia;Small City
Tambau;19956;Brazil;Small City
Chaparral;19982;Colombia;Small City
Fomento;19991;Cuba;Small City
San Juan de Uraba;19992;Colombia;Small City
Ciudad Miguel Aleman;19997;Mexico;Small City
Charlotte Amalie;20000;Virgin Islands (US);Small City
Varadero;20000;Cuba;Small City
Campinas;20000;Brazil;Small City
Puerto Natales;20000;Chile;Small City
Castries;20000;Saint Lucia;Small City
Posse;20003;Brazil;Small City
Emiliano Zapata;20030;Mexico;Small City
Tolu Viejo;20033;Colombia;Small City
Puerto Leguizamo;20045;Colombia;Small City
Guapore;20050;Brazil;Small City
El Pedregal;20063;Peru;Small City
Pedra Branca;20072;Brazil;Small City
Capelinha;20073;Brazil;Small City
Naranjos;20073;Mexico;Small City
Mezcales;20092;Mexico;Small City
Penha;20096;Brazil;Small City
Colombia;20096;Cuba;Small City
Nova Vicosa;20097;Brazil;Small City
Timotes;20098;Venezuela, Bolivarian Rep. of;Small City
Itaparica;20100;Brazil;Small City
Bailadores;20113;Venezuela, Bolivarian Rep. of;Small City
La Orilla;20126;Mexico;Small City
Astorga;20128;Brazil;Small City
Cangucu;20134;Brazil;Small City
Rio Grande;20154;Dominican Republic;Small City
Frontino;20156;Colombia;Small City
Canete;20158;Chile;Small City
Dean Funes;20164;Argentina;Small City
Las Vegas;20172;Venezuela, Bolivarian Rep. of;Small City
Sainte-Rose;20192;Guadeloupe;Small City
Castelo;20198;Brazil;Small City
San Antonio de la Cal;20198;Mexico;Small City
Jaruco;20207;Cuba;Small City
San Lorenzo de Esmeraldas;20209;Ecuador;Small City
Nueva Granada;20239;Colombia;Small City
Anatuya;20261;Argentina;Small City
Nueva Gerona;20264;Cuba;Small City
Esmeralda;20274;Cuba;Small City
Alcalde Diaz;20285;Panama;Small City
Yauco;20295;Puerto Rico;Small City
Canas;20306;Costa Rica;Small City
Boca Suno;20313;Ecuador;Small City
Somoto;20316;Nicaragua;Small City
Santa Anita;20320;Mexico;Small City
Buique;20324;Brazil;Small City
Cofradia;20353;Honduras;Small City
Abaete;20370;Brazil;Small City
Barbosa;20372;Colombia;Small City
Sainte-Marie;20380;Martinique;Small City
Bagua Grande;20382;Peru;Small City
Sensuntepeque;20386;El Salvador;Small City
Humacao;20387;Puerto Rico;Small City
Julio de Castilhos;20388;Brazil;Small City
Albardon;20413;Argentina;Small City
Murici;20419;Brazil;Small City
Terrazas del Valle;20421;Mexico;Small City
Sao Pedro;20424;Brazil;Small City
San Pablo Jocopilas;20433;Guatemala;Small City
Colorado;20449;Brazil;Small City
Rovira;20452;Colombia;Small City
San Martin;20452;Colombia;Small City
Rama;20456;Nicaragua;Small City
Jaral del Progreso;20457;Mexico;Small City
Flores;20464;Guatemala;Small City
Almeirim;20464;Brazil;Small City
Becerril;20477;Colombia;Small City
San Buenaventura;20480;Mexico;Small City
Villa de San Diego de Ubate;20485;Colombia;Small City
El Estor;20489;Guatemala;Small City
Neira;20495;Colombia;Small City
Sena Madureira;20516;Brazil;Small City
Flores da Cunha;20521;Brazil;Small City
Michelena;20539;Venezuela, Bolivarian Rep. of;Small City
Sao Luis do Quitunde;20563;Brazil;Small City
Jatoba;20575;Brazil;Small City
Silvania;20581;Colombia;Small City
Itupeva;20605;Brazil;Small City
Sao Joao da Barra;20606;Brazil;Small City
Casanay;20609;Venezuela, Bolivarian Rep. of;Small City
Arroyo Seco;20620;Argentina;Small City
Carepa;20627;Colombia;Small City
Nova Xavantina;20639;Brazil;Small City
Paty do Alferes;20659;Brazil;Small City
Linstead;20660;Jamaica;Small City
Esquipulas;20674;Guatemala;Small City
Xonacatlan;20680;Mexico;Small City
Aristobulo del Valle;20683;Argentina;Small City
Villeta;20689;Colombia;Small City
Allende;20694;Mexico;Small City
Retiro;20700;Colombia;Small City
Ancon;20706;Panama;Small City
Caupolican;20707;Chile;Small City
Calle Blancos;20710;Costa Rica;Small City
Aguadas;20712;Colombia;Small City
Huaura;20723;Peru;Small City
San Lucas Sacatepequez;20723;Guatemala;Small City
Barra de Sao Francisco;20743;Brazil;Small City
Capulhuac de Mirafuentes;20757;Mexico;Small City
La Union;20769;Colombia;Small City
Viru;20774;Peru;Small City
Las Margaritas;20786;Mexico;Small City
Camaguan;20791;Venezuela, Bolivarian Rep. of;Small City
Sarzedo;20798;Brazil;Small City
Nandaime;20810;Nicaragua;Small City
Playa Brava;20824;Chile;Small City
Moniquira;20848;Colombia;Small City
Minas;20863;Cuba;Small City
San Rafael;20873;Mexico;Small City
Barra;20894;Brazil;Small City
Frederico Westphalen;20896;Brazil;Small City
Pedra Azul;20899;Brazil;Small City
Maragogipe;20921;Brazil;Small City
Acajete;20923;Mexico;Small City
El Grullo;20924;Mexico;Small City
Puerto Carreno;20936;Colombia;Small City
Dois Corregos;20974;Brazil;Small City
Villa Juarez;20985;Mexico;Small City
Ribeirao da Ilha;21000;Brazil;Small City
Laventille;21000;Trinidad and Tobago;Small City
Freguesia do Ribeirao da Ilha;21000;Brazil;Small City
San Jose de Jachal;21018;Argentina;Small City
Esperantina;21044;Brazil;Small City
Tres Coroas;21051;Brazil;Small City
Portao;21051;Brazil;Small City
Bayaguana;21055;Dominican Republic;Small City
Jauja;21057;Peru;Small City
Oeiras;21071;Brazil;Small City
Xoxocotla;21074;Mexico;Small City
San Pedro Totoltepec;21076;Mexico;Small City
Ruy Barbosa;21093;Brazil;Small City
Puente de Ixtla;21098;Mexico;Small City
Paijan;21128;Peru;Small City
San Jose de Ocoa;21148;Dominican Republic;Small City
Cauto Cristo;21159;Cuba;Small City
Jimaguayu;21169;Cuba;Small City
Vassouras;21174;Brazil;Small City
Romita;21176;Mexico;Small City
Paracuru;21196;Brazil;Small City
Sampues;21204;Colombia;Small City
Santa Cruz de Mora;21209;Venezuela, Bolivarian Rep. of;Small City
Nacimiento;21220;Chile;Small City
Cambui;21246;Brazil;Small City
Patzicia;21249;Guatemala;Small City
Laranjal Paulista;21264;Brazil;Small City
Itupiranga;21301;Brazil;Small City
Portel;21315;Brazil;Small City
Conchal;21351;Brazil;Small City
Fortin de las Flores;21370;Mexico;Small City
Cambara;21380;Brazil;Small City
La Jagua de Ibirico;21386;Colombia;Small City
Atoyac de Alvarez;21407;Mexico;Small City
Vargem Grande;21419;Brazil;Small City
Guaramirim;21422;Brazil;Small City
Igarape;21427;Brazil;Small City
Trinidad;21429;Uruguay;Small City
Jose de Freitas;21432;Brazil;Small City
Aguilares;21445;El Salvador;Small City
Belen de Umbria;21450;Colombia;Small City
Masatepe;21452;Nicaragua;Small City
Santa Rosa de Viterbo;21473;Brazil;Small City
Pocone;21484;Brazil;Small City
Taquarituba;21492;Brazil;Small City
Tanki Leendert;21500;Aruba;Small City
Moju;21510;Brazil;Small City
Planadas;21557;Colombia;Small City
Gandu;21565;Brazil;Small City
Guayama;21575;Puerto Rico;Small City
Lautaro;21579;Chile;Small City
Clarines;21582;Venezuela, Bolivarian Rep. of;Small City
Zacatepec;21586;Mexico;Small City
Boraure;21588;Venezuela, Bolivarian Rep. of;Small City
Chapala;21596;Mexico;Small City
Barras;21597;Brazil;Small City
Conceicao do Jacuipe;21597;Brazil;Small City
Timbiqui;21618;Colombia;Small City
Alvares Machado;21642;Brazil;Small City
El Salto;21644;Mexico;Small City
Petatlan;21659;Mexico;Small City
San Pablo;21662;Costa Rica;Small City
Morro do Chapeu;21670;Brazil;Small City
Villa Allende;21683;Argentina;Small City
Sombrerete;21702;Mexico;Small City
Tauramena;21709;Colombia;Small City
Pirapozinho;21709;Brazil;Small City
Tuxpan;21709;Mexico;Small City
Colonia del Sacramento;21714;Uruguay;Small City
Chiconcuac;21738;Mexico;Small City
Pombal;21751;Brazil;Small City
Tenango de Arista;21765;Mexico;Small City
Huamachuco;21768;Peru;Small City
Santa Maria Atzompa;21788;Mexico;Small City
Jaguaruana;21790;Brazil;Small City
Santa Maria de Jesus;21795;Guatemala;Small City
Las Matas de Farfan;21802;Dominican Republic;Small City
San Justo;21809;Argentina;Small City
Guaiuba;21820;Brazil;Small City
Quellon;21823;Chile;Small City
Claudio;21824;Brazil;Small City
Teutonia;21834;Brazil;Small City
Varzea Alegre;21841;Brazil;Small City
Huetamo de Nunez;21864;Mexico;Small City
Neropolis;21870;Brazil;Small City
Oiapoque;21886;Brazil;Small City
Playas del Rosario;21893;Mexico;Small City
Pomerode;21898;Brazil;Small City
Reyes Acozac;21910;Mexico;Small City
Heredia;21947;Costa Rica;Small City
Santiago de Cao;21982;Peru;Small City
Nova Russas;21986;Brazil;Small City
Aracuai;22005;Brazil;Small City
Cururupu;22007;Brazil;Small City
Warnes;22036;Bolivia;Small City
Pedro II;22038;Brazil;Small City
Maracas;22049;Brazil;Small City
Nogales;22085;Mexico;Small City
Corinto;22121;Brazil;Small City
Ojinaga;22128;Mexico;Small City
Itaberai;22129;Brazil;Small City
Posto da Mata;22168;Brazil;Small City
Mulchen;22170;Chile;Small City
Nava;22192;Mexico;Small City
Guaranda;22199;Ecuador;Small City
Montecarlo;22229;Argentina;Small City
Tupiza;22233;Bolivia;Small City
Campos Gerais;22260;Brazil;Small City
Cerro Azul;22268;Mexico;Small City
San Martin;22281;Colombia;Small City
San Lorenzo;22289;Honduras;Small City
Itai;22304;Brazil;Small City
Barceloneta;22322;Puerto Rico;Small City
Lebu;22345;Chile;Small City
San Jose de Barlovento;22352;Venezuela, Bolivarian Rep. of;Small City
Yarumal;22368;Colombia;Small City
Braco do Norte;22374;Brazil;Small City
Barao de Cocais;22387;Brazil;Small City
Muritiba;22388;Brazil;Small City
Baturite;22417;Brazil;Small City
San Javier;22427;Chile;Small City
Tejar;22433;Costa Rica;Small City
Cosoleacaque;22454;Mexico;Small City
Natagaima;22455;Colombia;Small City
Maues;22475;Brazil;Small City
Tijucas;22481;Brazil;Small City
Casa Branca;22497;Brazil;Small City
Villa Ortuzar;22500;Argentina;Small City
Amargosa;22530;Brazil;Small City
San Francisco Zapotitlan;22533;Guatemala;Small City
Pereira Barreto;22537;Brazil;Small City
San Jose del Valle;22541;Mexico;Small City
El Salto;22550;Mexico;Small City
Campos Novos;22563;Brazil;Small City
Aguas Belas;22563;Brazil;Small City
Campoalegre;22568;Colombia;Small City
San Vicente;22572;Chile;Small City
Meoqui;22574;Mexico;Small City
Moche;22581;Peru;Small City
Santo Antonio do Monte;22592;Brazil;Small City
Lajas;22602;Cuba;Small City
Jaguarari;22612;Brazil;Small City
Una;22613;Brazil;Small City
San Miguel Coatlinchan;22619;Mexico;Small City
Serra Negra;22632;Brazil;Small City
Santo Tome;22634;Argentina;Small City
Coromandel;22647;Brazil;Small City
San Mateo Otzacatipan;22656;Mexico;Small City
Iacu;22664;Brazil;Small City
Tequixquiac;22676;Mexico;Small City
Maracaju;22690;Brazil;Small City
Le Moule;22692;Guadeloupe;Small City
Caxambu;22701;Brazil;Small City
Lerma de Villada;22713;Mexico;Small City
Dabeiba;22717;Colombia;Small City
Jaciara;22737;Brazil;Small City
Manuel Ojinaga;22744;Mexico;Small City
Igaracu do Tiete;22758;Brazil;Small City
Acajutla;22763;El Salvador;Small City
Dois Vizinhos;22766;Brazil;Small City
Atlacomulco de Fabela;22774;Mexico;Small City
Frontera;22795;Mexico;Small City
Campo Verde;22806;Brazil;Small City
Campo de la Cruz;22810;Colombia;Small City
Illapel;22816;Chile;Small City
Goianira;22822;Brazil;Small City
Tixtla de Guerrero;22826;Mexico;Small City
Rio Chico;22830;Venezuela, Bolivarian Rep. of;Small City
Zapotiltic;22833;Mexico;Small City
Las Pintas de Arriba;22838;Mexico;Small City
Monte Alegre;22840;Brazil;Small City
Sainte-Anne;22859;Guadeloupe;Small City
Ibiuna;22860;Brazil;Small City
Rivera;22877;Colombia;Small City
Santa Luzia;22909;Brazil;Small City
Pindare Mirim;22933;Brazil;Small City
Rodolfo Sanchez Taboada;22957;Mexico;Small City
Papalotla;22969;Mexico;Small City
Forquilhinha;22998;Brazil;Small City
Rio Negro;23006;Brazil;Small City
Sechura;23020;Peru;Small City
Cabrican;23033;Guatemala;Small City
San Lorenzo Acopilco;23037;Mexico;Small City
Palotina;23059;Brazil;Small City
Jaguaribe;23065;Brazil;Small City
Palmira;23078;Cuba;Small City
El Monte;23090;Chile;Small City
Oxkutzkab;23096;Mexico;Small City
San Jorge Pueblo Nuevo;23107;Mexico;Small City
Zacualtipan;23125;Mexico;Small City
Trairi;23126;Brazil;Small City
Alvarado;23128;Mexico;Small City
Jesus del Monte;23150;Mexico;Small City
Sao Joao Nepomuceno;23154;Brazil;Small City
Nova Cruz;23166;Brazil;Small City
Yanacancha;23175;Peru;Small City
Judibana;23182;Venezuela, Bolivarian Rep. of;Small City
Sibate;23208;Colombia;Small City
Sucre;23210;Colombia;Small City
Santa Fe de Antioquia;23216;Colombia;Small City
Quarai;23229;Brazil;Small City
Senador Guiomard;23236;Brazil;Small City
Motul;23240;Mexico;Small City
Laranjeiras;23251;Brazil;Small City
Calimete;23255;Cuba;Small City
Villa Gesell;23257;Argentina;Small City
Fray Bentos;23279;Uruguay;Small City
Nebaj;23301;Guatemala;Small City
Graneros;23301;Chile;Small City
Ixtlan del Rio;23303;Mexico;Small City
Tamboril;23304;Dominican Republic;Small City
Catende;23322;Brazil;Small City
Teotihuacan de Arista;23325;Mexico;Small City
Avellaneda;23341;Argentina;Small City
San Marcos;23347;Nicaragua;Small City
Pinillos;23349;Colombia;Small City
Ciudad Bolivar;23361;Colombia;Small City
Pedro Carbo;23372;Ecuador;Small City
Mirandopolis;23378;Brazil;Small City
Maria la Baja;23401;Colombia;Small City
Ponedera;23420;Colombia;Small City
Armacao dos Buzios;23463;Brazil;Small City
San Jose Iturbide;23471;Mexico;Small City
La Paz Centro;23481;Nicaragua;Small City
Santa Maria da Vitoria;23488;Brazil;Small City
San Martin Cuautlalpan;23501;Mexico;Small City
Joacaba;23516;Brazil;Small City
San Martin de los Andes;23519;Argentina;Small City
San Carlos;23532;Colombia;Small City
Tabay;23539;Venezuela, Bolivarian Rep. of;Small City
Santa Cruz de El Seibo;23547;Dominican Republic;Small City
Teloloapan;23549;Mexico;Small City
Juan Jose Rios;23553;Mexico;Small City
Nazca;23556;Peru;Small City
Itambe;23558;Brazil;Small City
San Ignacio de Velasco;23569;Bolivia;Small City
Guararema;23572;Brazil;Small City
San Jacinto;23576;Colombia;Small City
Sao Goncalo do Amarante;23583;Brazil;Small City
Aguada de Pasajeros;23606;Cuba;Small City
Sao Luis de Montes Belos;23619;Brazil;Small City
Allende;23620;Mexico;Small City
Caicara;23625;Venezuela, Bolivarian Rep. of;Small City
Castanos;23649;Mexico;Small City
Comonfort;23683;Mexico;Small City
Macas;23687;Ecuador;Small City
Araya;23693;Venezuela, Bolivarian Rep. of;Small City
Tia Juana;23714;Venezuela, Bolivarian Rep. of;Small City
Rio das Pedras;23722;Brazil;Small City
Teocaltiche;23726;Mexico;Small City
Guanhaes;23727;Brazil;Small City
San Pedro;23736;Argentina;Small City
Rio Cauto;23737;Cuba;Small City
Gomez Carreno;23737;Chile;Small City
Tangua;23740;Brazil;Small City
Motozintla;23755;Mexico;Small City
Monteros;23771;Argentina;Small City
Jardim;23780;Brazil;Small City
Iguape;23784;Brazil;Small City
Ituango;23784;Colombia;Small City
Propria;23786;Brazil;Small City
Capinzal;23795;Brazil;Small City
Le Robert;23814;Martinique;Small City
Ciudad Serdan;23824;Mexico;Small City
Yurecuaro;23843;Mexico;Small City
Miguel Pereira;23850;Brazil;Small City
Yauri;23867;Peru;Small City
Campo Formoso;23920;Brazil;Small City
Toritama;23940;Brazil;Small City
Miahuatlan de Porfirio Diaz;23940;Mexico;Small City
Embarcacion;23961;Argentina;Small City
San Miguel el Alto;23982;Mexico;Small City
Patarra;23983;Costa Rica;Small City
Alotenango;23986;Guatemala;Small City
Candelaria;23989;Colombia;Small City
Cumaribo;23990;Colombia;Small City
Caazapa;23996;Paraguay;Small City
La Gomera;24001;Guatemala;Small City
Rio Real;24005;Brazil;Small City
Zaragoza;24022;Guatemala;Small City
Kourou;24029;French Guiana;Small City
Tucani;24034;Venezuela, Bolivarian Rep. of;Small City
Jalapa;24037;Nicaragua;Small City
Pando;24047;Uruguay;Small City
Nuevo Belen;24056;Panama;Small City
Nechi;24066;Colombia;Small City
Zaragoza;24067;Colombia;Small City
Perico;24073;Cuba;Small City
Yanacancha;24105;Peru;Small City
Chambas;24114;Cuba;Small City
Samborondon;24118;Ecuador;Small City
Ometepec;24120;Mexico;Small City
San Juan Ixtayopan;24120;Mexico;Small City
Igarape Acu;24136;Brazil;Small City
Licenciado Benito Juarez;24185;Mexico;Small City
Estrela;24200;Brazil;Small City
Nueva Loja;24211;Ecuador;Small City
Marcos Juarez;24226;Argentina;Small City
Saint John's;24226;Antigua and Barbuda;Small City
Jiquilpan de Juarez;24233;Mexico;Small City
El Salto;24241;Mexico;Small City
Loreto;24260;Mexico;Small City
Sabana de Parra;24262;Venezuela, Bolivarian Rep. of;Small City
Rio Preto da Eva;24283;Brazil;Small City
Saint-Laurent-du-Maroni;24287;French Guiana;Small City
Ebano;24296;Mexico;Small City
Taiobeiras;24351;Brazil;Small City
Barrancas;24354;Venezuela, Bolivarian Rep. of;Small City
Santa Quiteria;24391;Brazil;Small City
San Antonio Tecomitl;24397;Mexico;Small City
Tupaciguara;24398;Brazil;Small City
Urucuca;24409;Brazil;Small City
Jalostotitlan;24423;Mexico;Small City
Perez;24436;Argentina;Small City
Lagoa Vermelha;24445;Brazil;Small City
San Felipe;24446;Guatemala;Small City
Arriaga;24447;Mexico;Small City
Tocopilla;24460;Chile;Small City
Kingstown;24518;Saint Vincent and the Grenadines;Small City
Juatuba;24537;Brazil;Small City
Victoria;24555;Chile;Small City
La Isla;24558;Mexico;Small City
Acopiara;24561;Brazil;Small City
Tamazunchale;24562;Mexico;Small City
Guama;24570;Venezuela, Bolivarian Rep. of;Small City
Santa Rita do Passa Quatro;24578;Brazil;Small City
Casigua El Cubo;24592;Venezuela, Bolivarian Rep. of;Small City
Isnos;24593;Colombia;Small City
San Borja;24610;Bolivia;Small City
Sao Francisco do Conde;24614;Brazil;Small City
Arauco;24659;Chile;Small City
Veinticinco de Mayo;24668;Argentina;Small City
Monte Caseros;24671;Argentina;Small City
Boa Viagem;24671;Brazil;Small City
San Luis Jilotepeque;24679;Guatemala;Small City
Laredo;24691;Peru;Small City
La Paz;24716;Argentina;Small City
Zumpango del Rio;24719;Mexico;Small City
Santaluz;24739;Brazil;Small City
Tres Isletas;24747;Argentina;Small City
Sao Bento;24749;Brazil;Small City
Soledade;24791;Brazil;Small City
La Calera;24796;Argentina;Small City
Pires do Rio;24822;Brazil;Small City
Guastatoya;24831;Guatemala;Small City
La Ligua;24857;Chile;Small City
Villa de Costa Rica;24874;Mexico;Small City
Puyo;24881;Ecuador;Small City
Mateus Leme;24890;Brazil;Small City
San Francisco Cuaxusco;24900;Mexico;Small City
Sao Mateus do Sul;24904;Brazil;Small City
Jardin America;24905;Argentina;Small City
Cruces;24906;Cuba;Small City
Hunucma;24910;Mexico;Small City
La Banda;24932;Peru;Small City
Puerto Varas;24958;Chile;Small City
San Felipe;24985;Costa Rica;Small City
San Andres Itzapa;24992;Guatemala;Small City
Petit-Bourg;24994;Guadeloupe;Small City
Ilha Solteira;24997;Brazil;Small City
Cajica;24999;Colombia;Small City
Encarnacion de Diaz;25010;Mexico;Small City
Santa Cruz de los Taques;25047;Venezuela, Bolivarian Rep. of;Small City
Rioja;25057;Peru;Small City
Afogados da Ingazeira;25060;Brazil;Small City
Campechuela;25069;Cuba;Small City
Buritizeiro;25103;Brazil;Small City
Cuautlancingo;25104;Mexico;Small City
Victoria;25139;Argentina;Small City
Santa Ana;25145;Peru;Small City
Colinas;25158;Brazil;Small City
Alamo;25159;Mexico;Small City
Ciudad Altamirano;25168;Mexico;Small City
Paraiso;25186;Mexico;Small City
Plottier;25186;Argentina;Small City
Dolores;25190;Argentina;Small City
Yuriria;25216;Mexico;Small City
Guanajay;25258;Cuba;Small City
La Guaira;25259;Venezuela, Bolivarian Rep. of;Small City
Lajedo;25261;Brazil;Small City
Morro Agudo;25265;Brazil;Small City
Piraju;25270;Brazil;Small City
Pompeu;25277;Brazil;Small City
Nanchital de Lazaro Cardenas del Rio;25289;Mexico;Small City
Emiliano Zapata;25309;Mexico;Small City
Guamal;25312;Colombia;Small City
Carangola;25321;Brazil;Small City
Sao Lourenco do Sul;25340;Brazil;Small City
Coloncito;25352;Venezuela, Bolivarian Rep. of;Small City
Guadalupe;25376;Peru;Small City
Ixtepec;25381;Mexico;Small City
Querecotillo;25396;Peru;Small City
Marataizes;25397;Brazil;Small City
San Rafael;25410;Costa Rica;Small City
Limonar;25421;Cuba;Small City
Ayutuxtepeque;25426;El Salvador;Small City
Motatan;25437;Venezuela, Bolivarian Rep. of;Small City
Repelon;25467;Colombia;Small City
Mixquiahuala de Juarez;25510;Mexico;Small City
Rocha;25515;Uruguay;Small City
Santana do Paraiso;25515;Brazil;Small City
San Vicente de Canete;25517;Peru;Small City
Rancharia;25530;Brazil;Small City
Valle de Bravo;25554;Mexico;Small City
Nazare;25604;Brazil;Small City
Lapa;25621;Brazil;Small City
Cordeiropolis;25630;Brazil;Small City
Tejupilco de Hidalgo;25631;Mexico;Small City
Marcavelica;25645;Peru;Small City
Treinta y Tres;25653;Uruguay;Small City
Tacambaro de Codallos;25665;Mexico;Small City
Huejotzingo;25684;Mexico;Small City
Valente Diaz;25700;Mexico;Small City
Los Palacios;25703;Cuba;Small City
Monsefu;25707;Peru;Small City
Anaime;25715;Colombia;Small City
Machachi;25742;Ecuador;Small City
Felipe Carrillo Puerto;25744;Mexico;Small City
Osvaldo Cruz;25746;Brazil;Small City
Salinas;25746;Brazil;Small City
Tecax;25751;Mexico;Small City
Rio Guayabal de Yateras;25753;Cuba;Small City
Pimenta Bueno;25762;Brazil;Small City
Ibaiti;25796;Brazil;Small City
Santa Cruz das Palmeiras;25800;Brazil;Small City
Santa Fe do Sul;25802;Brazil;Small City
Acatzingo;25811;Mexico;Small City
Cumanacoa;25858;Venezuela, Bolivarian Rep. of;Small City
Aserri;25874;Costa Rica;Small City
Granja;25879;Brazil;Small City
La Virginia;25900;Colombia;Small City
Puerto Escondido;25902;Mexico;Small City
Goiatuba;25925;Brazil;Small City
Gressier;25947;Haiti;Small City
Olanchito;25969;Honduras;Small City
Melgar;25980;Colombia;Small City
Lago da Pedra;25996;Brazil;Small City
Marialva;26000;Brazil;Small City
Guadalupe;26005;Costa Rica;Small City
Mercedes Norte;26007;Costa Rica;Small City
Ocoyoacac;26015;Mexico;Small City
El Zulia;26019;Colombia;Small City
Old Harbour;26024;Jamaica;Small City
San Juan;26047;Costa Rica;Small City
Ciudad de Allende;26065;Mexico;Small City
Piracaia;26075;Brazil;Small City
Mahates;26075;Colombia;Small City
Allen;26083;Argentina;Small City
Santiago Papasquiaro;26121;Mexico;Small City
Apaseo el Grande;26121;Mexico;Small City
Encontrados;26121;Venezuela, Bolivarian Rep. of;Small City
Descalvado;26137;Brazil;Small City
Santana do Ipanema;26146;Brazil;Small City
San Ignacio;26151;Belize;Small City
Encrucijada;26155;Cuba;Small City
Arraial do Cabo;26163;Brazil;Small City
Ixtaczoquitlan;26187;Mexico;Small City
Puerto Colombia;26227;Colombia;Small City
Tierralta;26242;Colombia;Small City
Ariguani;26246;Colombia;Small City
Reforma;26257;Mexico;Small City
Nagarote;26270;Nicaragua;Small City
San Jeronimo;26281;Mexico;Small City
Isla;26287;Mexico;Small City
Alenquer;26290;Brazil;Small City
La Union;26298;Chile;Small City
Rawson;26335;Argentina;Small City
Matoury;26350;French Guiana;Small City
Chacarita;26354;Costa Rica;Small City
Canavieiras;26375;Brazil;Small City
Esquina;26399;Argentina;Small City
Magdalena Atlicpac;26429;Mexico;Small City
Rio Branco do Sul;26441;Brazil;Small City
Biritiba Mirim;26459;Brazil;Small City
Nazare da Mata;26485;Brazil;Small City
Las Pintitas;26500;Mexico;Small City
Rio de Teapa;26500;Mexico;Small City
Cueto;26527;Cuba;Small City
Carmo do Paranaiba;26537;Brazil;Small City
Itaperucu;26546;Brazil;Small City
Teapa;26548;Mexico;Small City
Supia;26571;Colombia;Small City
Cayambe;26582;Ecuador;Small City
Cobija;26585;Bolivia;Small City
Cartago;26594;Costa Rica;Small City
Magdalena de Kino;26605;Mexico;Small City
Rio Abajo;26607;Panama;Small City
Francisco I. Madero;26632;Mexico;Small City
Apan;26642;Mexico;Small City
Hualmay;26658;Peru;Small City
Ipis;26669;Costa Rica;Small City
Ipu;26678;Brazil;Small City
Mata de Sao Joao;26679;Brazil;Small City
Ouro Preto do Oeste;26683;Brazil;Small City
Miracema;26684;Brazil;Small City
Ouro Branco;26687;Brazil;Small City
Viana;26689;Brazil;Small City
La Mesa;26699;Colombia;Small City
Marabella;26700;Trinidad and Tobago;Small City
Fontana;26745;Argentina;Small City
Urachiche;26755;Venezuela, Bolivarian Rep. of;Small City
Pedro Betancourt;26761;Cuba;Small City
Andradas;26772;Brazil;Small City
Mucuri;26775;Brazil;Small City
Sayula;26789;Mexico;Small City
La Union;26807;El Salvador;Small City
Jesus Maria;26825;Argentina;Small City
Misantla;26827;Mexico;Small City
Igarape Miri;26837;Brazil;Small City
Muniz;26844;Argentina;Small City
La Joya;26860;Mexico;Small City
Marau;26860;Brazil;Small City
Atotonilco el Alto;26874;Mexico;Small City
Parral;26904;Chile;Small City
Freeport;26910;Bahamas;Small City
Albania;26940;Colombia;Small City
Pucon;26953;Chile;Small City
Las Brenas;26955;Argentina;Small City
Chancay;26958;Peru;Small City
Barrinha;26981;Brazil;Small City
Aripuana;26983;Brazil;Small City
Rio Pardo;26998;Brazil;Small City
Coronel Suarez;27000;Argentina;Small City
Mosquera;27005;Colombia;Small City
Chiriguana;27006;Colombia;Small City
Mangaratiba;27022;Brazil;Small City
Promissao;27031;Brazil;Small City
La Peca;27045;Peru;Small City
Capitan Bermudez;27060;Argentina;Small City
Sao Pedro;27068;Brazil;Small City
Villagran;27079;Mexico;Small City
Palmar de Varela;27098;Colombia;Small City
La Tebaida;27098;Colombia;Small City
Taquari;27107;Brazil;Small City
Conceicao do Araguaia;27115;Brazil;Small City
Vinales;27129;Cuba;Small City
Circasia;27135;Colombia;Small City
Moyotzingo;27137;Mexico;Small City
Caetite;27187;Brazil;Small City
Ipira;27217;Brazil;Small City
Santo Estevao;27279;Brazil;Small City
Puerto Boyaca;27310;Colombia;Small City
Quesada;27310;Costa Rica;Small City
Piui;27327;Brazil;Small City
Huimanguillo;27344;Mexico;Small City
Brejo da Madre de Deus;27369;Brazil;Small City
Brejo Santo;27384;Brazil;Small City
Abasolo;27389;Mexico;Small City
Santiago de Tolu;27390;Colombia;Small City
Entre Rios;27405;Brazil;Small City
San Rafael Abajo;27419;Costa Rica;Small City
Tepeaca;27449;Mexico;Small City
San Carlos;27471;Uruguay;Small City
San Pedro;27477;Costa Rica;Small City
Aguai;27503;Brazil;Small City
Tuxpan;27523;Mexico;Small City
Leyva Solano;27536;Mexico;Small City
Niquelandia;27541;Brazil;Small City
Guararapes;27557;Brazil;Small City
Roldanillo;27561;Colombia;Small City
Brumadinho;27563;Brazil;Small City
Cajati;27565;Brazil;Small City
Machali;27595;Chile;Small City
Gibara;27603;Cuba;Small City
Mamanguape;27606;Brazil;Small City
Contla;27610;Mexico;Small City
Catemaco;27615;Mexico;Small City
Paramonga;27631;Peru;Small City
Luruaco;27647;Colombia;Small City
Lucas;27665;Brazil;Small City
Nahuala;27690;Guatemala;Small City
Santa Rosa de Copan;27753;Honduras;Small City
Santa Vitoria do Palmar;27775;Brazil;Small City
Santa Cruz;27775;Brazil;Small City
Sao Jose de Ribamar;27777;Brazil;Small City
Sao Fidelis;27793;Brazil;Small City
Elorza;27795;Venezuela, Bolivarian Rep. of;Small City
Bom Conselho;27800;Brazil;Small City
Charata;27813;Argentina;Small City
Jose Bonifacio;27828;Brazil;Small City
Termas de Rio Hondo;27838;Argentina;Small City
Sabana de Torres;27845;Colombia;Small City
Piedade;27912;Brazil;Small City
Sanctorum;27936;Mexico;Small City
Yaguachi Nuevo;27947;Ecuador;Small City
San Francisco Acuautla;27960;Mexico;Small City
Camiri;27961;Bolivia;Small City
Guasipati;27988;Venezuela, Bolivarian Rep. of;Small City
Rincon de Romos;27988;Mexico;Small City
Apaseo el Alto;27991;Mexico;Small City
Villa Dolores;28009;Argentina;Small City
Jaru;28015;Brazil;Small City
Tultitlan de Mariano Escobedo;28017;Mexico;Small City
Ancud;28020;Chile;Small City
Ajalpan;28031;Mexico;Small City
Llallagua;28069;Bolivia;Small City
Machagai;28070;Argentina;Small City
Joao Pinheiro;28080;Brazil;Small City
Catano;28093;Puerto Rico;Small City
Dabajuro;28117;Venezuela, Bolivarian Rep. of;Small City
Berriozabal;28128;Mexico;Small City
Nuevo Mexico;28135;Mexico;Small City
San Sebastian el Grande;28138;Mexico;Small City
Candido Mota;28144;Brazil;Small City
Honda;28158;Colombia;Small City
Cruz del Eje;28166;Argentina;Small City
Lagunillas;28176;Venezuela, Bolivarian Rep. of;Small City
Metepec;28205;Mexico;Small City
Tabatinga;28229;Brazil;Small City
Sao Mateus do Maranhao;28233;Brazil;Small City
Ribeira do Pombal;28235;Brazil;Small City
Ipora;28254;Brazil;Small City
Juan Griego;28256;Venezuela, Bolivarian Rep. of;Small City
Sao Miguel do Guama;28265;Brazil;Small City
Adrogue;28265;Argentina;Small City
Maisi;28276;Cuba;Small City
Ico;28323;Brazil;Small City
Nova Venecia;28362;Brazil;Small City
Ubaitaba;28375;Brazil;Small City
Acarau;28389;Brazil;Small City
San Felipe;28452;Mexico;Small City
Esquel;28486;Argentina;Small City
Sumpango;28488;Guatemala;Small City
Pitangueiras;28540;Brazil;Small City
El Copey;28550;Colombia;Small City
Ciudad Sahagun;28556;Mexico;Small City
Tula de Allende;28577;Mexico;Small City
Barra dos Coqueiros;28586;Brazil;Small City
Villa Consuelo;28621;Dominican Republic;Small City
Pabellon de Arteaga;28633;Mexico;Small City
Chaupimarca;28666;Peru;Small City
El Charco;28673;Colombia;Small City
Tecamachalco;28679;Mexico;Small City
Igrejinha;28679;Brazil;Small City
Santo Tomas;28693;Colombia;Small City
Le Gosier;28698;Guadeloupe;Small City
Varzea da Palma;28706;Brazil;Small City
Gobernador Virasora;28756;Argentina;Small City
Zarzal;28761;Colombia;Small City
Santa Rita do Sapucai;28765;Brazil;Small City
Altos;28768;Brazil;Small City
Molina;28775;Chile;Small City
La Salud;28796;Cuba;Small City
Bariri;28801;Brazil;Small City
Garupa;28814;Argentina;Small City
San Miguel;28827;Costa Rica;Small City
Jalpatagua;28832;Guatemala;Small City
Quezaltepeque;28886;El Salvador;Small City
Porto Uniao;28907;Brazil;Small City
Yara;28944;Cuba;Small City
Mollendo;28953;Peru;Small City
Turrialba;28955;Costa Rica;Small City
Centenario;28956;Argentina;Small City
Mariel;28987;Cuba;Small City
Visconde do Rio Branco;29009;Brazil;Small City
Tocache;29029;Peru;Small City
Ixtapa;29036;Mexico;Small City
Boaco;29046;Nicaragua;Small City
Igarapava;29057;Brazil;Small City
Tame;29099;Colombia;Small City
Navolato;29153;Mexico;Small City
Pacasmayo;29165;Peru;Small City
San Sebastian;29167;Guatemala;Small City
San Fernando;29171;Mexico;Small City
Sao Joao dos Inhamuns;29188;Brazil;Small City
Tequila;29203;Mexico;Small City
Actopan;29223;Mexico;Small City
Vigia;29229;Brazil;Small City
Santiago Sacatepequez;29238;Guatemala;Small City
Lampa;29250;Chile;Small City
Flandes;29296;Colombia;Small City
Santa Isabel;29311;Mexico;Small City
Ouricuri;29317;Brazil;Small City
Tela;29325;Honduras;Small City
Vega Baja;29325;Puerto Rico;Small City
Almenara;29333;Brazil;Small City
George Town;29370;Cayman Islands;Small City
Marfil;29375;Mexico;Small City
Pontes e Lacerda;29381;Brazil;Small City
Limoeiro do Norte;29449;Brazil;Small City
Garzon;29451;Colombia;Small City
Montalban;29451;Venezuela, Bolivarian Rep. of;Small City
Escarcega;29477;Mexico;Small City
Constanza;29481;Dominican Republic;Small City
Bandeirantes;29494;Brazil;Small City
Jinotepe;29507;Nicaragua;Small City
Purificacion;29539;Colombia;Small City
Ibate;29550;Brazil;Small City
Ciro Redondo;29560;Cuba;Small City
San Vicente de Tagua Tagua;29560;Chile;Small City
Pinotepa Nacional;29604;Mexico;Small City
Cativa;29607;Panama;Small City
Jaguarao;29613;Brazil;Small City
Coyula;29674;Mexico;Small City
La Rinconada;29678;Peru;Small City
Vertientes;29704;Cuba;Small City
Morales;29737;Colombia;Small City
Euclides da Cunha;29738;Brazil;Small City
Tobias Barreto;29740;Brazil;Small City
Soledad;29763;Venezuela, Bolivarian Rep. of;Small City
San Miguel Ajusco;29781;Mexico;Small City
Puerto Asis;29782;Colombia;Small City
Levittown;29785;Puerto Rico;Small City
Santa Elena de Uairen;29795;Venezuela, Bolivarian Rep. of;Small City
Tequisquiapan;29799;Mexico;Small City
Iturama;29805;Brazil;Small City
Ribeirao;29818;Brazil;Small City
San Rafael del Sur;29836;Nicaragua;Small City
Mitu;29850;Colombia;Small City
Barcarena;29871;Brazil;Small City
Castro;29926;Chile;Small City
Jarabacoa;29983;Dominican Republic;Small City
Socorro;29997;Colombia;Small City
Oranjestad;29998;Aruba;Small City
Rivas;30000;Nicaragua;Small City
Las Animas;30000;Chile;Small City
Tambo Grande;30033;Peru;Small City
Purral;30034;Costa Rica;Small City
Uruacu;30088;Brazil;Small City
Novo Horizonte;30158;Brazil;Small City
Candelaria;30171;Brazil;Small City
Coxim;30215;Brazil;Small City
Grajau;30217;Brazil;Small City
Villazon;30253;Bolivia;Small City
Tlajomulco de Zuniga;30273;Mexico;Small City
Chimichagua;30289;Colombia;Small City
Presidente Dutra;30330;Brazil;Small City
Garibaldi;30364;Brazil;Small City
Panambi;30407;Brazil;Small City
Jaragua;30409;Brazil;Small City
Nicolas R Casillas;30424;Mexico;Small City
Guariba;30464;Brazil;Small City
Huatabampo;30475;Mexico;Small City
Mizque;30481;Bolivia;Small City
Guamo;30516;Colombia;Small City
San Pedro de Uraba;30527;Colombia;Small City
Vera Cruz;30556;Brazil;Small City
Playas;30564;Ecuador;Small City
Puruandiro;30571;Mexico;Small City
Cosamaloapan;30577;Mexico;Small City
Tantoyuca;30587;Mexico;Small City
Curanilahue;30611;Chile;Small City
Pilar;30617;Brazil;Small City
Jaguariaiva;30626;Brazil;Small City
Mercedes;30649;Argentina;Small City
Chajari;30655;Argentina;Small City
San Benito;30764;Guatemala;Small City
San Luis de Since;30768;Colombia;Small City
Tocoa;30785;Honduras;Small City
Escuinapa;30790;Mexico;Small City
Agudos;30807;Brazil;Small City
Bom Jesus do Itabapoana;30821;Brazil;Small City
Baie-Mahault;30837;Guadeloupe;Small City
Matozinhos;30843;Brazil;Small City
Mompos;30861;Colombia;Small City
Miguel Aleman (La Doce);30869;Mexico;Small City
Champoton;30881;Mexico;Small City
Mamporal;30918;Venezuela, Bolivarian Rep. of;Small City
Itaitinga;30938;Brazil;Small City
Famailla;30951;Argentina;Small City
Palmeira das Missoes;30954;Brazil;Small City
Minacu;31041;Brazil;Small City
Sao Sebastiao do Passe;31049;Brazil;Small City
Adamantina;31078;Brazil;Small City
Louveira;31093;Brazil;Small City
Tigre;31106;Argentina;Small City
Campina Grande do Sul;31112;Brazil;Small City
Chilapa de Alvarez;31157;Mexico;Small City
Guapimirim;31202;Brazil;Small City
Tucano;31203;Brazil;Small City
Humaita;31206;Brazil;Small City
Villa Regina;31209;Argentina;Small City
San Jose Guadalupe Otzacatipan;31299;Mexico;Small City
Huatusco;31305;Mexico;Small City
Barra do Bugres;31311;Brazil;Small City
Cauquenes;31362;Chile;Small City
Coruripe;31427;Brazil;Small City
San Jose;31430;Costa Rica;Small City
Loma Bonita;31485;Mexico;Small City
San Carlos;31517;Chile;Small City
Zapala;31534;Argentina;Small City
Cananea;31560;Mexico;Small City
Villanueva;31571;Honduras;Small City
Villarrica;31602;Chile;Small City
Puerto Cumarebo;31644;Venezuela, Bolivarian Rep. of;Small City
Barros Blancos;31650;Uruguay;Small City
Amecameca;31687;Mexico;Small City
Puerto Wilches;31698;Colombia;Small City
Tremembe;31719;Brazil;Small City
Villanueva;31727;Colombia;Small City
Momostenango;31739;Guatemala;Small City
Campo Maior;31739;Brazil;Small City
General Jose de San Martin;31758;Argentina;Small City
El Sombrero;31788;Venezuela, Bolivarian Rep. of;Small City
Caucagua;31788;Venezuela, Bolivarian Rep. of;Small City
Sao Luiz Gonzaga;31798;Brazil;Small City
Santa Rita;31810;Venezuela, Bolivarian Rep. of;Small City
Punta de Piedras;31886;Venezuela, Bolivarian Rep. of;Small City
Ourilandia do Norte;31921;Brazil;Small City
Casilda;32002;Argentina;Small City
Ciudad Fernandez;32006;Mexico;Small City
Chachapoyas;32026;Peru;Small City
Villaguay;32027;Argentina;Small City
Huixtla;32033;Mexico;Small City
Puerto Iguazu;32038;Argentina;Small City
Itapage;32043;Brazil;Small City
Naranjal;32045;Ecuador;Small City
Tiete;32061;Brazil;Small City
Charqueadas;32076;Brazil;Small City
Quitilipi;32083;Argentina;Small City
Quirinopolis;32104;Brazil;Small City
Bocaiuva;32114;Brazil;Small City
Fajardo;32124;Puerto Rico;Small City
Curitibanos;32141;Brazil;Small City
Centro Familiar la Soledad;32159;Mexico;Small City
Paranaiba;32217;Brazil;Small City
Fonseca;32220;Colombia;Small City
Macuspana;32225;Mexico;Small City
Salto de Pirapora;32227;Brazil;Small City
Florida;32234;Uruguay;Small City
El Triunfo;32282;Ecuador;Small City
Chalchuapa;32282;El Salvador;Small City
Comalapa;32312;Guatemala;Small City
Otavalo;32330;Ecuador;Small City
Nuevo Imperial;32344;Peru;Small City
Imperial;32344;Peru;Small City
Coaraci;32344;Brazil;Small City
Granada;32365;Colombia;Small City
Chocope;32370;Peru;Small City
Zapotlanejo;32376;Mexico;Small City
Caicedonia;32417;Colombia;Small City
Granadero Baigorria;32427;Argentina;Small City
Nueva Italia de Ruiz;32467;Mexico;Small City
Aguilares;32494;Argentina;Small City
Vinces;32497;Ecuador;Small City
Pontal;32566;Brazil;Small City
Tenosique;32579;Mexico;Small City
Lenbe;32645;Haiti;Small City
Ceara Mirim;32667;Brazil;Small City
Cravinhos;32689;Brazil;Small City
Capitao Poco;32704;Brazil;Small City
Victor Rosales;32721;Mexico;Small City
Porangatu;32758;Brazil;Small City
Paine;32766;Chile;Small City
Jaltipan de Morelos;32778;Mexico;Small City
Torres;32791;Brazil;Small City
Ticul;32796;Mexico;Small City
Pilar;32810;Paraguay;Small City
Miranda;32907;Venezuela, Bolivarian Rep. of;Small City
Rio Grande;32944;Mexico;Small City
San Onofre;32957;Colombia;Small City
Xanxere;32957;Brazil;Small City
Machado;33002;Brazil;Small City
Sao Francisco;33033;Brazil;Small City
Pivijay;33047;Colombia;Small City
Ciudad Sabinas Hidalgo;33068;Mexico;Small City
Santo Antonio de Padua;33076;Brazil;Small City
Gualeguay;33120;Argentina;Small City
Chichigalpa;33137;Nicaragua;Small City
Villa Bisono;33137;Dominican Republic;Small City
Anserma;33146;Colombia;Small City
Caete;33231;Brazil;Small City
Calpulalpan;33263;Mexico;Small City
Santa Cruz;33283;Chile;Small City
Santiago Atitlan;33309;Guatemala;Small City
San Sebastian de Mariquita;33340;Colombia;Small City
La Oroya;33345;Peru;Small City
Arcos;33355;Brazil;Small City
Ciudad Vieja;33405;Guatemala;Small City
Sitionuevo;33440;Colombia;Small City
Pontevedra;33515;Argentina;Small City
Canela;33528;Brazil;Small City
Chilibre;33536;Panama;Small City
Ospino;33547;Venezuela, Bolivarian Rep. of;Small City
Cachoeira;33567;Brazil;Small City
Sicuani;33575;Peru;Small City
Sao Manuel;33587;Brazil;Small City
Sonson;33598;Colombia;Small City
Caucete;33609;Argentina;Small City
Puerto Cabezas;33635;Nicaragua;Small City
Union de Reyes;33646;Cuba;Small City
Gaspar;33658;Brazil;Small City
Juticalpa;33686;Honduras;Small City
Santa Isabel;33709;Brazil;Small City
Puebloviejo;33720;Colombia;Small City
Zacatlan;33736;Mexico;Small City
San Isidro;33737;Mexico;Small City
Timbo;33765;Brazil;Small City
Puerto Rico;33765;Colombia;Small City
Antiguo Cuscatlan;33767;El Salvador;Small City
Madruga;33798;Cuba;Small City
Parras de la Fuente;33817;Mexico;Small City
Boa Esperanca;33840;Brazil;Small City
Corinto;33846;Colombia;Small City
Nagua;33862;Dominican Republic;Small City
Alem Paraiba;33907;Brazil;Small City
Durazno;33926;Uruguay;Small City
Ocotal;33928;Nicaragua;Small City
Barbalha;33943;Brazil;Small City
Villa Santa Rita;34000;Argentina;Small City
Presidente Venceslau;34026;Brazil;Small City
Coatzintla;34036;Mexico;Small City
Aragua de Barcelona;34048;Venezuela, Bolivarian Rep. of;Small City
Tome Acu;34053;Brazil;Small City
Medianeira;34069;Brazil;Small City
Quinchia;34069;Colombia;Small City
Guaira;34092;Brazil;Small City
Ahuachapan;34102;El Salvador;Small City
Remedios;34108;Cuba;Small City
San Juan Nepomuceno;34110;Colombia;Small City
Guajara Mirim;34119;Brazil;Small City
Coroata;34129;Brazil;Small City
Morrinhos;34143;Brazil;Small City
Sao Gotardo;34145;Brazil;Small City
Tepeji del Rio de Ocampo;34151;Mexico;Small City
Caja Seca;34165;Venezuela, Bolivarian Rep. of;Small City
San Antero;34196;Colombia;Small City
Naranjito;34206;Ecuador;Small City
Porticos de San Antonio;34234;Mexico;Small City
Aparecida;34237;Brazil;Small City
Santa Helena de Goias;34254;Brazil;Small City
Jose Mariano Jimenez;34281;Mexico;Small City
Quixeramobim;34321;Brazil;Small City
Americo Brasiliense;34331;Brazil;Small City
Ferrenafe;34357;Peru;Small City
Paicandu;34365;Brazil;Small City
Maravatio de Ocampo;34381;Mexico;Small City
Tucacas;34407;Venezuela, Bolivarian Rep. of;Small City
Minas de Matahambre;34419;Cuba;Small City
San Vicente;34447;Costa Rica;Small City
San Vicente de Moravia;34447;Costa Rica;Small City
Tecpan Guatemala;34519;Guatemala;Small City
Itapolis;34552;Brazil;Small City
Surubim;34580;Brazil;Small City
Curridabat;34586;Costa Rica;Small City
Chacabuco;34587;Argentina;Small City
Santa Cruz del Sur;34601;Cuba;Small City
San Miguel Topilejo;34603;Mexico;Small City
Bejuma;34618;Venezuela, Bolivarian Rep. of;Small City
Osorio;34628;Brazil;Small City
Itaqui;34631;Brazil;Small City
Fraccionamiento Real Palmas;34636;Mexico;Small City
Ti Port-de-Paix;34657;Haiti;Small City
La Vela de Coro;34680;Venezuela, Bolivarian Rep. of;Small City
Oliveira;34710;Brazil;Small City
Jardinopolis;34718;Brazil;Small City
Nueve de Julio;34718;Argentina;Small City
Tramandai;34734;Brazil;Small City
Januaria;34811;Brazil;Small City
Ixmiquilpan;34814;Mexico;Small City
La Union;34834;Peru;Small City
Curumani;34838;Colombia;Small City
San Isidro;34877;Costa Rica;Small City
Azogues;34877;Ecuador;Small City
Itapecuru Mirim;34943;Brazil;Small City
Yepocapa;34948;Guatemala;Small City
Arima;35000;Trinidad and Tobago;Small City
Diriamba;35008;Nicaragua;Small City
New Amsterdam;35039;Guyana;Small City
Sabanagrande;35044;Colombia;Small City
Ciudad Melchor Muzquiz;35060;Mexico;Small City
La Asuncion;35084;Venezuela, Bolivarian Rep. of;Small City
Jacarezinho;35090;Brazil;Small City
Bell Ville;35105;Argentina;Small City
San Pablo Autopan;35141;Mexico;Small City
Conceicao do Coite;35171;Brazil;Small City
La Barca;35219;Mexico;Small City
Santiago de las Vegas;35241;Cuba;Small City
Pocoes;35254;Brazil;Small City
Delmiro Gouveia;35259;Brazil;Small City
Santo Antonio da Platina;35260;Brazil;Small City
Villamaria;35302;Colombia;Small City
Aquidauana;35303;Brazil;Small City
Tonala;35322;Mexico;Small City
Tlapacoyan;35338;Mexico;Small City
Quimbaya;35350;Colombia;Small City
Cerquilho;35367;Brazil;Small City
San Martin Azcatepec;35390;Mexico;Small City
Tala;35396;Mexico;Small City
Bermejo;35411;Bolivia;Small City
Xique Xique;35433;Brazil;Small City
Santa Ana;35452;Venezuela, Bolivarian Rep. of;Small City
Aroa;35508;Venezuela, Bolivarian Rep. of;Small City
Camajuani;35515;Cuba;Small City
Paraiba do Sul;35517;Brazil;Small City
Capivari;35518;Brazil;Small City
Currais Novos;35560;Brazil;Small City
Barreiros;35565;Brazil;Small City
Oriximina;35581;Brazil;Small City
Ilhabela;35591;Brazil;Small City
Ciudad Mendoza;35641;Mexico;Small City
Puntarenas;35650;Costa Rica;Small City
Rio Claro;35650;Trinidad and Tobago;Small City
Coyotepec;35677;Mexico;Small City
Xalisco;35702;Mexico;Small City
Pampanito;35847;Venezuela, Bolivarian Rep. of;Small City
Sanare;35850;Venezuela, Bolivarian Rep. of;Small City
Limache;35876;Chile;Small City
Esperanza;35885;Argentina;Small City
Capao da Canoa;35896;Brazil;Small City
Jipijapa;35901;Ecuador;Small City
Rio Bonito;35997;Brazil;Small City
Hato Mayor del Rey;35999;Dominican Republic;Small City
Canada de Gomez;36000;Argentina;Small City
Guayaramerin;36008;Bolivia;Small City
Gigante;36055;Colombia;Small City
Caleta Olivia;36077;Argentina;Small City
Agua Dulce;36079;Mexico;Small City
Paracambi;36098;Brazil;Small City
Acu;36125;Brazil;Small City
Ameca;36156;Mexico;Small City
Coelho Neto;36184;Brazil;Small City
Vargem Grande do Sul;36213;Brazil;Small City
Sao Francisco do Sul;36224;Brazil;Small City
La Troncal;36353;Ecuador;Small City
Curuzu Cuatia;36390;Argentina;Small City
Temblador;36447;Venezuela, Bolivarian Rep. of;Small City
Navirai;36452;Brazil;Small City
San Jose de Mayo;36529;Uruguay;Small City
La Ceja;36584;Colombia;Small City
Castelli;36588;Argentina;Small City
Rosario do Sul;36721;Brazil;Small City
Itapema;36761;Brazil;Small City
San Jeronimo Cuatro Vientos;36778;Mexico;Small City
Santiago;36840;Mexico;Small City
Santa Teresa;36845;Mexico;Small City
Dom Pedrito;36911;Brazil;Small City
Belalcazar;36977;Colombia;Small City
Parque Lefevre;36997;Panama;Small City
Ituverava;36997;Brazil;Small City
Beberibe;37025;Brazil;Small City
Bahia de Caraquez;37056;Ecuador;Small City
San Pablo;37160;Colombia;Small City
Jacaltenango;37171;Guatemala;Small City
Salvatierra;37203;Mexico;Small City
Capao Bonito;37206;Brazil;Small City
Guanarito;37219;Venezuela, Bolivarian Rep. of;Small City
Villaflores;37237;Mexico;Small City
Barra Bonita;37246;Brazil;Small City
Santos Lugares;37267;Argentina;Small City
Eusebio;37289;Brazil;Small City
Santa Cruz do Rio Pardo;37336;Brazil;Small City
Diamantina;37343;Brazil;Small City
Progreso;37369;Mexico;Small City
Morada Nova;37389;Brazil;Small City
Espirito Santo do Pinhal;37448;Brazil;Small City
Payande;37496;Colombia;Small City
Perote;37516;Mexico;Small City
La Grita;37545;Venezuela, Bolivarian Rep. of;Small City
Tumeremo;37614;Venezuela, Bolivarian Rep. of;Small City
Bosconia;37676;Colombia;Small City
Juanjui;37715;Peru;Small City
Saint-Raphael;37739;Haiti;Small City
Haedo;37745;Argentina;Small City
Puerto Piritu;37745;Venezuela, Bolivarian Rep. of;Small City
Patia;37781;Colombia;Small City
Caraballeda;37824;Venezuela, Bolivarian Rep. of;Small City
Nanuque;37824;Brazil;Small City
Santa Rosa de Osos;37864;Colombia;Small City
Constitucion;37917;Chile;Small City
Posto Fiscal Rolim de Moura;37949;Brazil;Small City
Guacamayas;37980;Mexico;Small City
Pederneiras;38020;Brazil;Small City
Minas;38025;Uruguay;Small City
Rengo;38100;Chile;Small City
Tepotzotlan;38119;Mexico;Small City
Nueva Rosita;38158;Mexico;Small City
Rio Grande da Serra;38161;Brazil;Small City
Ventanas;38168;Ecuador;Small City
Tinaco;38172;Venezuela, Bolivarian Rep. of;Small City
Barrancas;38232;Colombia;Small City
Mandaguari;38238;Brazil;Small City
San Vicente;38247;Argentina;Small City
Condado;38248;Cuba;Small City
El Cerrito;38390;Colombia;Small City
Zacatelco;38466;Mexico;Small City
Alderetes;38466;Argentina;Small City
Ingeniero Pablo Nogues;38470;Argentina;Small City
Lagoa Santa;38486;Brazil;Small City
Tucuma;38508;Brazil;Small City
Araripina;38569;Brazil;Small City
Melchor Ocampo;38599;Mexico;Small City
Retiro;38635;Argentina;Small City
Cumanayagua;38687;Cuba;Small City
Cabreuva;38738;Brazil;Small City
Presidente Epitacio;38742;Brazil;Small City
Ipiau;38762;Brazil;Small City
Balcarce;38823;Argentina;Small City
Canoinhas;38862;Brazil;Small City
Ilopango;38890;El Salvador;Small City
Pinheiro;38893;Brazil;Small City
Mineiros;38951;Brazil;Small City
Tambopata;38966;Peru;Small City
Esperanza;38969;Mexico;Small City
Paraguacu Paulista;39120;Brazil;Small City
Caibarien;39140;Cuba;Small City
Palmas;39150;Brazil;Small City
Ocozocoautla de Espinosa;39180;Mexico;Small City
Pedreira;39198;Brazil;Small City
Sana;39200;Peru;Small City
Los Reyes de Salgado;39209;Mexico;Small City
Guaimaro;39358;Cuba;Small City
San Martin;39361;El Salvador;Small City
Itabirito;39452;Brazil;Small City
Libano;39459;Colombia;Small City
Russas;39465;Brazil;Small City
Sabaneta;39493;Venezuela, Bolivarian Rep. of;Small City
Nuevo San Carlos;39565;Guatemala;Small City
Uman;39611;Mexico;Small City
Zacatecoluca;39613;El Salvador;Small City
Duaca;39653;Venezuela, Bolivarian Rep. of;Small City
Paraiso;39702;Costa Rica;Small City
Laguna;39711;Brazil;Small City
Huaquillas;39757;Ecuador;Small City
Corozal;39800;Colombia;Small City
Villamontes;39800;Bolivia;Small City
Xicotepec de Juarez;39803;Mexico;Small City
Serrana;39826;Brazil;Small City
Catu;39932;Brazil;Small City
Segovia;39938;Colombia;Small City
San Andres Cholula;39964;Mexico;Small City
Gueiria;40000;Venezuela, Bolivarian Rep. of;Small City
Huejutla de Reyes;40015;Mexico;Small City
Macaiba;40015;Brazil;Small City
San Pedro Sacatepequez;40021;Guatemala;Small City
Villa Altagracia;40027;Dominican Republic;Small City
Tuquerres;40038;Colombia;Small City
San Juan del Cesar;40069;Colombia;Small City
Penjamo;40070;Mexico;Small City
Mafra;40081;Brazil;Small City
Balzar;40115;Ecuador;Small City
Cifuentes;40142;Cuba;Small City
Capacho Nuevo;40169;Venezuela, Bolivarian Rep. of;Small City
Camargo;40221;Mexico;Small City
Monte Mor;40290;Brazil;Small City
Bom Despacho;40303;Brazil;Small City
Concepcion;40313;Venezuela, Bolivarian Rep. of;Small City
Alta Gracia;40384;Argentina;Small City
Estancia Velha;40390;Brazil;Small City
Artur Nogueira;40403;Brazil;Small City
Bosconia;40562;Colombia;Small City
Le Lamentin;40581;Martinique;Small City
Lorica;40605;Colombia;Small City
Rio Blanco;40611;Mexico;Small City
Carrizal;40618;Venezuela, Bolivarian Rep. of;Small City
Venancio Aires;40627;Brazil;Small City
Acacias;40627;Colombia;Small City
Patulul;40683;Guatemala;Small City
Bom Jesus da Lapa;40691;Brazil;Small City
Tovar;40716;Venezuela, Bolivarian Rep. of;Small City
Pariaguan;40751;Venezuela, Bolivarian Rep. of;Small City
Panuco;40754;Mexico;Small City
Chapadinha;40804;Brazil;Small City
Sirinhaem;40852;Brazil;Small City
Sao Miguel dos Campos;40890;Brazil;Small City
Frutal;40931;Brazil;Small City
Ciudad Constitucion;40935;Mexico;Small City
Pocito;40969;Argentina;Small City
Salinopolis;40998;Brazil;Small City
La Union;41013;Colombia;Small City
Jiguani;41106;Cuba;Small City
Sao Lourenco;41143;Brazil;Small City
Villarrica;41157;Paraguay;Small City
Piraquara;41161;Brazil;Small City
San Pedro;41165;Mexico;Small City
Uniao dos Palmares;41178;Brazil;Small City
Garca;41302;Brazil;Small City
Socorro;41352;Brazil;Small City
Cuilapa;41359;Guatemala;Small City
Higuerote;41364;Venezuela, Bolivarian Rep. of;Small City
Tortuguitas;41390;Argentina;Small City
Comalcalco;41458;Mexico;Small City
Jaguaquara;41498;Brazil;Small City
San Vicente;41504;El Salvador;Small City
Amancio;41523;Cuba;Small City
Manicaragua;41532;Cuba;Small City
Pacajus;41558;Brazil;Small City
Santos Dumont;41582;Brazil;Small City
Cariaco;41589;Venezuela, Bolivarian Rep. of;Small City
Cotui;41641;Dominican Republic;Small City
Palmares;41679;Brazil;Small City
Lincoln;41808;Argentina;Small City
Santa Rosa;41816;Ecuador;Small City
Yurimaguas;41827;Peru;Small City
Guaduas;41838;Colombia;Small City
Carmen De La Legua Reynoso;41863;Peru;Small City
Aracataca;41872;Colombia;Small City
Ocosingo;41878;Mexico;Small City
Monte Alto;41893;Brazil;Small City
Pesqueira;41896;Brazil;Small City
Artigas;41909;Uruguay;Small City
Rio Negrinho;41914;Brazil;Small City
Brumado;41989;Brazil;Small City
Chepen;41992;Peru;Small City
Montenegro;41996;Colombia;Small City
Santo Domingo Tehuantepec;42082;Mexico;Small City
Castro;42091;Brazil;Small City
Penedo;42097;Brazil;Small City
Rosa Zarate;42121;Ecuador;Small City
Cantel;42142;Guatemala;Small City
Salgueiro;42152;Brazil;Small City
Esperanza;42169;Dominican Republic;Small City
Kenscoff;42175;Haiti;Small City
Santa Elena;42214;Ecuador;Small City
Yaguajay;42218;Cuba;Small City
Chilecito;42248;Argentina;Small City
Juventino Rosas;42264;Mexico;Small City
Limoeiro;42328;Brazil;Small City
Mercedes;42359;Uruguay;Small City
Videira;42440;Brazil;Small City
Cintalapa de Figueroa;42467;Mexico;Small City
Empalme;42516;Mexico;Small City
Cacocum;42623;Cuba;Small City
Tucupido;42633;Venezuela, Bolivarian Rep. of;Small City
Las Choapas;42693;Mexico;Small City
Caninde;42720;Brazil;Small City
Sao Joaquim da Barra;42720;Brazil;Small City
San Antonio de los Banos;42724;Cuba;Small City
Yautepec;42731;Mexico;Small City
Izucar de Matamoros;42936;Mexico;Small City
Palenque;42947;Mexico;Small City
Jesus Maria;43012;Mexico;Small City
Marechal Candido Rondon;43028;Brazil;Small City
Jerez de Garcia Salinas;43064;Mexico;Small City
Lagoa da Prata;43118;Brazil;Small City
Siguatepeque;43141;Honduras;Small City
Moroleon;43200;Mexico;Small City
Tizayuca;43250;Mexico;Small City
General Pacheco;43287;Argentina;Small City
La Fria;43331;Venezuela, Bolivarian Rep. of;Small City
Miranda;43333;Colombia;Small City
Villa de Mayo;43405;Argentina;Small City
Ararangua;43444;Brazil;Small City
Las Tejerias;43445;Venezuela, Bolivarian Rep. of;Small City
Caripito;43448;Venezuela, Bolivarian Rep. of;Small City
Imbituba;43450;Brazil;Small City
Villa Angela;43511;Argentina;Small City
Purisima de Bustos;43512;Mexico;Small City
Xinguara;43530;Brazil;Small City
Santa Lucia;43565;Argentina;Small City
Picsi;43610;Peru;Small City
Ranchuelo;43695;Cuba;Small City
Lambayeque;43710;Peru;Small City
Sevilla;43738;Colombia;Small City
Piritu;43746;Venezuela, Bolivarian Rep. of;Small City
Tres Pontas;43749;Brazil;Small City
Guarabira;43749;Brazil;Small City
Paso de los Libres;43805;Argentina;Small City
Jales;43831;Brazil;Small City
Salinas;43862;Ecuador;Small City
San German;43892;Cuba;Small City
Cajazeiras;43913;Brazil;Small City
Goiana;43980;Brazil;Small City
Piendamo;44000;Colombia;Small City
Monte Carmelo;44041;Brazil;Small City
Inhumas;44058;Brazil;Small City
Lagunillas;44257;Venezuela, Bolivarian Rep. of;Small City
Villa Constitucion;44271;Argentina;Small City
Aracati;44293;Brazil;Small City
Indaial;44359;Brazil;Small City
Cuscatancingo;44369;El Salvador;Small City
Bluefields;44373;Nicaragua;Small City
Regla;44431;Cuba;Small City
Mairinque;44456;Brazil;Small City
Camocim;44481;Brazil;Small City
Cabaiguan;44515;Cuba;Small City
Pradera;44630;Colombia;Small City
Linden;44690;Guyana;Small City
Chone;44751;Ecuador;Small City
May Pen;44755;Jamaica;Small City
San Buenaventura;44761;Mexico;Small City
Orlandia;44766;Brazil;Small City
Ibipora;44790;Brazil;Small City
Danli;44799;Honduras;Small City
Itarare;44809;Brazil;Small City
Jamundi;44833;Colombia;Small City
Angol;44856;Chile;Small City
Pasaje;44860;Ecuador;Small City
Piripiri;44864;Brazil;Small City
Vallenar;44895;Chile;Small City
Tefe;44942;Brazil;Small City
Chiapa de Corzo;45077;Mexico;Small City
Timbauba;45121;Brazil;Small City
San Isidro;45190;Argentina;Small City
Olimpia;45199;Brazil;Small City
Cameta;45200;Brazil;Small City
Mariana;45236;Brazil;Small City
Moreno;45237;Brazil;Small City
Chiquinquira;45294;Colombia;Small City
Salcedo;45299;Dominican Republic;Small City
Achaguas;45311;Venezuela, Bolivarian Rep. of;Small City
Masagua;45323;Guatemala;Small City
Santiago de Veraguas;45355;Panama;Small City
Solola;45373;Guatemala;Small City
Liberia;45380;Costa Rica;Small City
Autlan de Navarro;45382;Mexico;Small City
Lagarto;45445;Brazil;Small City
Santo Domingo;45476;Cuba;Small City
Tiangua;45696;Brazil;Small City
Registro;45697;Brazil;Small City
Caranavi;45747;Bolivia;Small City
Bauta;45768;Cuba;Small City
Coyhaique;45787;Chile;Small City
Santa Barbara;45808;Venezuela, Bolivarian Rep. of;Small City
Irati;45830;Brazil;Small City
La Lima;45955;Honduras;Small City
Antigua Guatemala;46054;Guatemala;Small City
Penco;46091;Chile;Small City
Jacobo Hunter;46092;Peru;Small City
San Gil;46152;Colombia;Small City
Cachoeiras de Macacu;46177;Brazil;Small City
Puerto Tejada;46215;Colombia;Small City
Barranca;46290;Peru;Small City
Boca Chica;46300;Dominican Republic;Small City
Breves;46473;Brazil;Small City
Lucaya;46525;Bahamas;Small City
Santiago;46611;Brazil;Small City
Tome;46698;Chile;Small City
Leopoldina;46742;Brazil;Small City
Santo Amaro;46748;Brazil;Small City
Tizimin;46971;Mexico;Small City
Tlapa de Comonfort;46975;Mexico;Small City
Sao Jose do Rio Pardo;46989;Brazil;Small City
Sipe Sipe;47000;Bolivia;Small City
San Marcos;47063;Guatemala;Small City
Barberena;47093;Guatemala;Small City
Mandeville;47115;Jamaica;Small City
Tres Arroyos;47136;Argentina;Small City
Jovellanos;47164;Cuba;Small City
Florida;47173;Colombia;Small City
Itaberaba;47301;Brazil;Small City
Cono Norte;47347;Peru;Small City
Cutral-Co;47380;Argentina;Small City
San Pedro;47452;Argentina;Small City
Campo Belo;47491;Brazil;Small City
Alajuela;47494;Costa Rica;Small City
Colomba;47544;Guatemala;Small City
Centenario;47581;Peru;Small City
San Lorenzo;47626;Argentina;Small City
Itamaraju;47628;Brazil;Small City
Jacobina;47637;Brazil;Small City
Capanema;47766;Brazil;Small City
Cosmopolis;47772;Brazil;Small City
Lecherias;47778;Venezuela, Bolivarian Rep. of;Small City
Navegantes;47781;Brazil;Small City
Tierra Blanca;47824;Mexico;Small City
Cruz das Almas;47844;Brazil;Small City
Goianesia;47883;Brazil;Small City
Guaxupe;47889;Brazil;Small City
Sousa;47927;Brazil;Small City
El Carmen de Bolivar;47957;Colombia;Small City
Puerto Cortez;48013;Honduras;Small City
Santa Ana Chiautempan;48030;Mexico;Small City
Colonia del Sol;48032;Mexico;Small City
Taquara;48051;Brazil;Small City
Escada;48083;Brazil;Small City
Palmira;48087;Venezuela, Bolivarian Rep. of;Small City
Concepcion;48123;Paraguay;Small City
Leticia;48144;Colombia;Small City
Puerto Francisco de Orellana;48144;Ecuador;Small City
Ponte Nova;48187;Brazil;Small City
Palpala;48199;Argentina;Small City
Boedo;48231;Argentina;Small City
Asuncion Mita;48297;Guatemala;Small City
Mao;48297;Dominican Republic;Small City
Baracoa;48362;Cuba;Small City
Cojutepeque;48411;El Salvador;Small City
Tafi Viejo;48459;Argentina;Small City
Senhor do Bonfim;48471;Brazil;Small City
Cornelio Procopio;48487;Brazil;Small City
Parobe;48559;Brazil;Small City
Floriano;48587;Brazil;Small City
Plato;48606;Colombia;Small City
San Juan de los Lagos;48684;Mexico;Small City
Verrettes;48724;Haiti;Small City
Uniao da Vitoria;48741;Brazil;Small City
San Pedro;48746;Mexico;Small City
Velasco Ibarra;48754;Ecuador;Small City
Congonhas;48819;Brazil;Small City
Valle Hermoso;48918;Mexico;Small City
Viedma;48940;Argentina;Small City
Valladolid;48973;Mexico;Small City
Soloma;49030;Guatemala;Small City
Port of Spain;49031;Trinidad and Tobago;Small City
Ibitinga;49074;Brazil;Small City
Serrinha;49078;Brazil;Small City
Samaniego;49085;Colombia;Small City
Balneario Camboriu;49100;Brazil;Small City
Hacienda La Calera;49106;Chile;Small City
Porto Ferreira;49127;Brazil;Small City
Copacabana;49169;Colombia;Small City
Emiliano Zapata;49193;Mexico;Small City
Pedro Leopoldo;49261;Brazil;Small City
Libertador General San Martin;49267;Argentina;Small City
Grangwav;49288;Haiti;Small City
Quixada;49328;Brazil;Small City
La Estrella;49386;Colombia;Small City
Jobabo;49403;Cuba;Small City
Nova Odessa;49432;Brazil;Small City
Apizaco;49506;Mexico;Small City
Huancavelica;49570;Peru;Small City
Carmen de Viboral;49642;Colombia;Small City
Lota;49763;Chile;Small City
Benevides;49794;Brazil;Small City
San Luis de la Paz;49914;Mexico;Small City
Belo Jardim;49922;Brazil;Small City
Tipitapa;50000;Nicaragua;Medium City
Polanco;50000;Mexico;Medium City
Ciudad Sandino;50000;Nicaragua;Medium City
Juigalpa;50000;Nicaragua;Medium City
Moyobamba;50073;Peru;Medium City
Taquaritinga;50098;Brazil;Medium City
Zacapu;50112;Mexico;Medium City
Villa Francisca;50185;Dominican Republic;Medium City
San Mateo;50401;Venezuela, Bolivarian Rep. of;Medium City
Arjona;50405;Colombia;Medium City
Coari;50490;Brazil;Medium City
Turbo;50508;Colombia;Medium City
Sao Roque;50540;Brazil;Medium City
Marechal Deodoro;50571;Brazil;Medium City
Saint Croix;50601;Virgin Islands (US);Medium City
Zumpango;50742;Mexico;Medium City
Chinu;50743;Colombia;Medium City
Yerba Buena;50783;Argentina;Medium City
Barranqueras;50823;Argentina;Medium City
Tocumen;50844;Panama;Medium City
Cimitarra;50892;Colombia;Medium City
Acayucan;50934;Mexico;Medium City
Jesus Menendez;51002;Cuba;Medium City
Rolandia;51004;Brazil;Medium City
Melo;51023;Uruguay;Medium City
Puerto Berrio;51079;Colombia;Medium City
El Bagre;51150;Colombia;Medium City
Horizonte;51171;Brazil;Medium City
Teoloyucan;51255;Mexico;Medium City
Coronel Oviedo;51286;Paraguay;Medium City
Tarma;51350;Peru;Medium City
Quibor;51377;Venezuela, Bolivarian Rep. of;Medium City
Uriangato;51382;Mexico;Medium City
Bezerros;51436;Brazil;Medium City
Icara;51454;Brazil;Medium City
Agustin Codazzi;51478;Colombia;Medium City
Barinitas;51556;Venezuela, Bolivarian Rep. of;Medium City
Pedregal;51641;Panama;Medium City
Pirapora;51656;Brazil;Medium City
Talagante;51764;Chile;Medium City
Ostuncalco;51828;Guatemala;Medium City
Tacuarembo;51854;Uruguay;Medium City
Corralillo;51881;Cuba;Medium City
La Tirana;51896;Chile;Medium City
Usulutan;51910;El Salvador;Medium City
Rio do Sul;51944;Brazil;Medium City
Ciudad Piar;51967;Venezuela, Bolivarian Rep. of;Medium City
Batatais;51976;Brazil;Medium City
Biguacu;51992;Brazil;Medium City
Huamantla;51996;Mexico;Medium City
Thomazeau;52017;Haiti;Medium City
Arandas;52175;Mexico;Medium City
Taxco de Alarcon;52217;Mexico;Medium City
Matamoros;52233;Mexico;Medium City
Obidos;52306;Brazil;Medium City
Cascavel;52357;Brazil;Medium City
Barra do Garcas;52398;Brazil;Medium City
Campos do Jordao;52405;Brazil;Medium City
Andradina;52406;Brazil;Medium City
Manacapuru;52459;Brazil;Medium City
Ciudad Bolivia;52476;Venezuela, Bolivarian Rep. of;Medium City
Jaen;52493;Peru;Medium City
Caucagueito;52556;Venezuela, Bolivarian Rep. of;Medium City
Maiquetia;52564;Venezuela, Bolivarian Rep. of;Medium City
Rio Grande;52681;Argentina;Medium City
Colcapirhua;52732;Bolivia;Medium City
Cocorote;52803;Venezuela, Bolivarian Rep. of;Medium City
Zacapu;52806;Mexico;Medium City
San Jose del Guaviare;52815;Colombia;Medium City
Nueva Guinea;52929;Nicaragua;Medium City
Crateus;52933;Brazil;Medium City
Bartolome Maso;53024;Cuba;Medium City
Ciudad de Huajuapan de Leon;53043;Mexico;Medium City
Banes;53104;Cuba;Medium City
Rioverde;53128;Mexico;Medium City
Camaqua;53169;Brazil;Medium City
Tingo Maria;53177;Peru;Medium City
Los Polvorines;53354;Argentina;Medium City
Ipojuca;53364;Brazil;Medium City
Rio Tercero;53389;Argentina;Medium City
Porto Feliz;53402;Brazil;Medium City
Ilo;53476;Peru;Medium City
El Viejo;53504;Nicaragua;Medium City
Les Abymes;53514;Guadeloupe;Medium City
Papantla de Olarte;53546;Mexico;Medium City
Pamplona;53587;Colombia;Medium City
Coatepec;53621;Mexico;Medium City
Santiago Teyahualco;53684;Mexico;Medium City
Jardines de la Silla (Jardines);53742;Mexico;Medium City
Azul;53941;Argentina;Medium City
Barbosa;53943;Colombia;Medium City
Nuevitas;54022;Cuba;Medium City
Nirgua;54080;Venezuela, Bolivarian Rep. of;Medium City
Puerto Eldorado;54189;Argentina;Medium City
Zinacantepec;54220;Mexico;Medium City
Presidente Franco;54292;Paraguay;Medium City
Jagueey Grande;54363;Cuba;Medium City
Funza;54421;Colombia;Medium City
Penapolis;54477;Brazil;Medium City
Chivilcoy;54514;Argentina;Medium City
San Bernardino Tlaxcalancingo;54517;Mexico;Medium City
El Banco;54522;Colombia;Medium City
Huacho;54545;Peru;Medium City
Manhuacu;54607;Brazil;Medium City
San Marcos;54615;El Salvador;Medium City
San Josecito;54669;Venezuela, Bolivarian Rep. of;Medium City
Caaguazu;54808;Paraguay;Medium City
Cabedelo;54839;Brazil;Medium City
Seropedica;54846;Brazil;Medium City
San Jose de las Lajas;54847;Cuba;Medium City
Sabinas;54905;Mexico;Medium City
Caico;54934;Brazil;Medium City
Jinotega;55000;Nicaragua;Medium City
Sao Pedro da Aldeia;55014;Brazil;Medium City
Viana;55122;Brazil;Medium City
Villa Bruzual;55244;Venezuela, Bolivarian Rep. of;Medium City
Pacatuba;55291;Brazil;Medium City
Patzcuaro;55298;Mexico;Medium City
Concordia;55367;Brazil;Medium City
Placetas;55408;Cuba;Medium City
San Fernando;55419;Trinidad and Tobago;Medium City
Sao Gabriel;55434;Brazil;Medium City
Buin;55441;Chile;Medium City
Maldonado;55478;Uruguay;Medium City
Nuevo Casas Grandes;55553;Mexico;Medium City
Cacoal;55560;Brazil;Medium City
Estancia;55654;Brazil;Medium City
San Antonio;55754;Paraguay;Medium City
Ponta Pora;55763;Brazil;Medium City
Itapipoca;55784;Brazil;Medium City
San Rafael;55810;Venezuela, Bolivarian Rep. of;Medium City
San Francisco;55923;Costa Rica;Medium City
Ayapel;56082;Colombia;Medium City
Paita;56151;Peru;Medium City
Turbaco;56171;Colombia;Medium City
Huauchinango;56206;Mexico;Medium City
Espinal;56213;Colombia;Medium City
Mon Repos;56380;Trinidad and Tobago;Medium City
Mocoa;56398;Colombia;Medium City
Formiga;56404;Brazil;Medium City
Urena;56509;Venezuela, Bolivarian Rep. of;Medium City
Obera;56528;Argentina;Medium City
Janauba;56572;Brazil;Medium City
Cajamar;56682;Brazil;Medium City
Puerto Penasco;56756;Mexico;Medium City
Vacaria;56765;Brazil;Medium City
Ushuaia;56825;Argentina;Medium City
La Dolorita;56846;Venezuela, Bolivarian Rep. of;Medium City
Los Andes;56859;Chile;Medium City
Caacupe;56864;Paraguay;Medium City
Jacona de Plancarte;56934;Mexico;Medium City
Colegiales;57000;Argentina;Medium City
General Pico;57029;Argentina;Medium City
Braganca;57163;Brazil;Medium City
Arcoverde;57163;Brazil;Medium City
Punta Alta;57209;Argentina;Medium City
Villa Hayes;57217;Paraguay;Medium City
Catacaos;57304;Peru;Medium City
Lencois Paulista;57375;Brazil;Medium City
Marinilla;57403;Colombia;Medium City
Picos;57495;Brazil;Medium City
El Hatillo;57591;Venezuela, Bolivarian Rep. of;Medium City
Francisco Beltrao;57618;Brazil;Medium City
Mongagua;57648;Brazil;Medium City
Farroupilha;57650;Brazil;Medium City
Orito;57774;Colombia;Medium City
Belen;57824;Peru;Medium City
San Francisco El Alto;57894;Guatemala;Medium City
Santa Rosa de Cabal;57928;Colombia;Medium City
Acambaro;57972;Mexico;Medium City
Caucasia;58034;Colombia;Medium City
Ariquemes;58096;Brazil;Medium City
Los Dos Caminos;58168;Venezuela, Bolivarian Rep. of;Medium City
Patzun;58240;Guatemala;Medium City
San Andres;58257;Colombia;Medium City
Aracruz;58271;Brazil;Medium City
San Pedro de Jujuy;58430;Argentina;Medium City
San Pedro Ayampuc;58609;Guatemala;Medium City
Los Patios;58661;Colombia;Medium City
Teziutlan;58699;Mexico;Medium City
Jaguariuna;58722;Brazil;Medium City
Vinto;58739;Bolivia;Medium City
Comayagua;58784;Honduras;Medium City
Guanambi;58877;Brazil;Medium City
Telemaco Borba;58880;Brazil;Medium City
Cerro de Pasco;58899;Peru;Medium City
Fraijanes;58922;Guatemala;Medium City
Santa Rosa;58957;Brazil;Medium City
El Palomar;59031;Argentina;Medium City
San Francisco;59062;Argentina;Medium City
Santo Tome;59072;Argentina;Medium City
Wanchaq;59134;Peru;Medium City
Azua;59139;Dominican Republic;Medium City
Fundacion;59175;Colombia;Medium City
Sahagun;59188;Colombia;Medium City
Dolores Hidalgo;59240;Mexico;Medium City
San Felipe;59294;Chile;Medium City
Carazinho;59417;Brazil;Medium City
Sonsonate;59468;El Salvador;Medium City
Comitancillo;59489;Guatemala;Medium City
Altamira;59536;Mexico;Medium City
San Cristobal;59579;Cuba;Medium City
Mococa;59654;Brazil;Medium City
Pampan;59657;Venezuela, Bolivarian Rep. of;Medium City
Itapetinga;59721;Brazil;Medium City
Heroica Caborca;59922;Mexico;Medium City
Hurlingham;60000;Argentina;Medium City
Colonia Nativitas;60000;Mexico;Medium City
Villa Vicente Guerrero;60001;Mexico;Medium City
Sao Borja;60019;Brazil;Medium City
Caratinga;60066;Brazil;Medium City
Martinez de la Torre;60074;Mexico;Medium City
Unai;60202;Brazil;Medium City
Trinidad;60206;Cuba;Medium City
Cristalina;60210;Brazil;Medium City
Pirassununga;60413;Brazil;Medium City
Zacapa;60424;Guatemala;Medium City
Ciudad Hidalgo;60542;Mexico;Medium City
Mene Grande;60580;Venezuela, Bolivarian Rep. of;Medium City
San Marcos;60735;Colombia;Medium City
Chicacao;60735;Guatemala;Medium City
Tartagal;60819;Argentina;Medium City
Punta de Mata;61080;Venezuela, Bolivarian Rep. of;Medium City
Valenca;61144;Brazil;Medium City
La Chorrera;61232;Panama;Medium City
Mateare;61234;Nicaragua;Medium City
Gravata;61249;Brazil;Medium City
San Salvador Tizatlalli;61367;Mexico;Medium City
Belize City;61461;Belize;Medium City
Cayenne;61550;French Guiana;Medium City
Itapira;61607;Brazil;Medium City
Cortazar;61658;Mexico;Medium City
San Andres Tuxtla;61769;Mexico;Medium City
Senador Canedo;61800;Brazil;Medium City
Moca;61834;Dominican Republic;Medium City
Pisco;61869;Peru;Medium City
Fernandopolis;61931;Brazil;Medium City
Tupa;62035;Brazil;Medium City
Saquarema;62056;Brazil;Medium City
Sagua la Grande;62073;Cuba;Medium City
Boituva;62170;Brazil;Medium City
Huaral;62174;Peru;Medium City
Tesistan;62397;Mexico;Medium City
Colon;62513;Venezuela, Bolivarian Rep. of;Medium City
Cataguases;62618;Brazil;Medium City
Tiquipaya;62675;Bolivia;Medium City
Itapeva;62957;Brazil;Medium City
Florida;63007;Cuba;Medium City
Peruibe;63030;Brazil;Medium City
Limon;63081;Costa Rica;Medium City
Melipilla;63100;Chile;Medium City
Linares;63104;Mexico;Medium City
Vilhena;63231;Brazil;Medium City
Valenca;63231;Brazil;Medium City
Mercedes;63284;Argentina;Medium City
Rio Largo;63387;Brazil;Medium City
Tres Coracoes;63457;Brazil;Medium City
Catalao;63544;Brazil;Medium City
Irece;63626;Brazil;Medium City
Caldas Novas;63675;Brazil;Medium City
Ouro Preto;63678;Brazil;Medium City
Cacador;63726;Brazil;Medium City
Guamuchil;63743;Mexico;Medium City
San Antonio de Los Altos;63873;Venezuela, Bolivarian Rep. of;Medium City
Colon;63882;Cuba;Medium City
Itabaiana;63888;Brazil;Medium City
Curvelo;63954;Brazil;Medium City
Santiago;64075;Peru;Medium City
Villa Elisa;64099;Paraguay;Medium City
Parintins;64428;Brazil;Medium City
Sahuayo de Morelos;64431;Mexico;Medium City
Puerto Madryn;64555;Argentina;Medium City
Chia;64569;Colombia;Medium City
Santo Angelo;64606;Brazil;Medium City
Guasdualito;64608;Venezuela, Bolivarian Rep. of;Medium City
Chacao;64609;Venezuela, Bolivarian Rep. of;Medium City
Rivera;64631;Uruguay;Medium City
Bertioga;64723;Brazil;Medium City
Itaituba;64756;Brazil;Medium City
Tecate;64764;Mexico;Medium City
Gurupi;64789;Brazil;Medium City
Itacoatiara;64937;Brazil;Medium City
Villa del Rosario;64951;Colombia;Medium City
Pampatar;64983;Venezuela, Bolivarian Rep. of;Medium City
Itaugua;64997;Paraguay;Medium City
Aquiraz;65116;Brazil;Medium City
Cruz Alta;65275;Brazil;Medium City
Salama;65275;Guatemala;Medium City
Rosarito;65278;Mexico;Medium City
Tultepec;65338;Mexico;Medium City
Lajeado;65407;Brazil;Medium City
Penaflor;65495;Chile;Medium City
Montenegro;65721;Brazil;Medium City
Pato Branco;65754;Brazil;Medium City
Palin;65873;Guatemala;Medium City
Moron;66060;Cuba;Medium City
Jesus Maria;66171;Peru;Medium City
Saint-Marc;66226;Haiti;Medium City
San Antonio del Tachira;66392;Venezuela, Bolivarian Rep. of;Medium City
Ramos Arizpe;66554;Mexico;Medium City
Bani;66709;Dominican Republic;Medium City
Bajos de Haina;66784;Dominican Republic;Medium City
Los Puertos de Altagracia;66839;Venezuela, Bolivarian Rep. of;Medium City
Santa Cruz Xoxocotlan;67086;Mexico;Medium City
Tubarao;67245;Brazil;Medium City
Caicara del Orinoco;67277;Venezuela, Bolivarian Rep. of;Medium City
San Luis;67293;Cuba;Medium City
Ixtapa-Zihuatanejo;67408;Mexico;Medium City
Santa Ines;67424;Brazil;Medium City
Montemorelos;67428;Mexico;Medium City
Chaguanas;67433;Trinidad and Tobago;Medium City
Quillota;67779;Chile;Medium City
San Fernando;67844;Peru;Medium City
San Mateo Atenco;67890;Mexico;Medium City
Concepcion del Uruguay;67895;Argentina;Medium City
Cadereyta;67994;Mexico;Medium City
Balsas;68056;Brazil;Medium City
Valle de Santiago;68058;Mexico;Medium City
Artemisa;68073;Cuba;Medium City
Moron;68084;Venezuela, Bolivarian Rep. of;Medium City
Cadereyta Jimenez;68111;Mexico;Medium City
Altagracia de Orituco;68207;Venezuela, Bolivarian Rep. of;Medium City
San Isidro;68309;Peru;Medium City
Baranoa;68383;Colombia;Medium City
Cabo San Lucas;68463;Mexico;Medium City
Chinchina;68512;Colombia;Medium City
Sao Sebastiao do Paraiso;68654;Brazil;Medium City
Vicosa;68680;Brazil;Medium City
Chulucanas;68835;Peru;Medium City
Cantaura;68885;Venezuela, Bolivarian Rep. of;Medium City
Gueines;68935;Cuba;Medium City
Bocono;68990;Venezuela, Bolivarian Rep. of;Medium City
Las Cumbres;69102;Panama;Medium City
Jaboticabal;69394;Brazil;Medium City
Villa Carlos Paz;69451;Argentina;Medium City
Frontera;69462;Mexico;Medium City
Linares;69535;Chile;Medium City
Paragominas;69613;Brazil;Medium City
Tacarigua;69636;Venezuela, Bolivarian Rep. of;Medium City
Las Piedras;69682;Uruguay;Medium City
Planeta Rica;69708;Colombia;Medium City
Santa Cruz de Mara;69781;Venezuela, Bolivarian Rep. of;Medium City
San Jose del Cabo;69788;Mexico;Medium City
San Miguel de Allende;69811;Mexico;Medium City
Consolacion del Sur;69857;Cuba;Medium City
Votuporanga;69863;Brazil;Medium City
Gueira de Melena;69879;Cuba;Medium City
Moquegua;69882;Peru;Medium City
San Joaquin;69894;Venezuela, Bolivarian Rep. of;Medium City
Goya;70245;Argentina;Medium City
Chivacoa;70298;Venezuela, Bolivarian Rep. of;Medium City
Iguatu;70380;Brazil;Medium City
Contramaestre;70438;Cuba;Medium City
Carpina;70689;Brazil;Medium City
Paracatu;70753;Brazil;Medium City
Altamira;70888;Brazil;Medium City
San Francisco del Rincon;71139;Mexico;Medium City
Guasave;71196;Mexico;Medium City
Ijui;71202;Brazil;Medium City
El Pueblito;71254;Mexico;Medium City
Don Torcuato;71356;Argentina;Medium City
Trujillo;71362;Venezuela, Bolivarian Rep. of;Medium City
Alfenas;71406;Brazil;Medium City
Yumbo;71436;Colombia;Medium City
Sao Cristovao;71539;Brazil;Medium City
Delgado;71594;El Salvador;Medium City
Amatitlan;71836;Guatemala;Medium City
Panzos;71846;Guatemala;Medium City
Bebedouro;71862;Brazil;Medium City
Tres Rios;71944;Brazil;Medium City
Patrocinio;71963;Brazil;Medium City
Mariano Roque Alonso;72008;Paraguay;Medium City
Cruzeiro;72022;Brazil;Medium City
Guanajuato;72237;Mexico;Medium City
Abancay;72277;Peru;Medium City
Venado Tuerto;72340;Argentina;Medium City
Cacapava;72340;Brazil;Medium City
Socopo;72352;Venezuela, Bolivarian Rep. of;Medium City
Bacabal;72372;Brazil;Medium City
Matao;72468;Brazil;Medium City
Amparo;72677;Brazil;Medium City
Selva Alegre;72696;Peru;Medium City
Joao Monlevade;72762;Brazil;Medium City
Paranavai;72848;Brazil;Medium City
San Juan de la Maguana;72950;Dominican Republic;Medium City
Mayagueez;73077;Puerto Rico;Medium City
General Roca;73212;Argentina;Medium City
Paysandu;73249;Uruguay;Medium City
Bonao;73269;Dominican Republic;Medium City
Chilca;73371;Peru;Medium City
Necochea;73557;Argentina;Medium City
Chimbas;73829;Argentina;Medium City
Santo Antonio de Jesus;73957;Brazil;Medium City
Zaraza;74017;Venezuela, Bolivarian Rep. of;Medium City
San Ramon de la Nueva Oran;74059;Argentina;Medium City
Fuentes del Valle;74087;Mexico;Medium City
Silao;74242;Mexico;Medium City
Gobernador Galvez;74650;Argentina;Medium City
Cachoeira do Sul;74694;Brazil;Medium City
Juchitan de Zaragoza;74825;Mexico;Medium City
El Tocuyo;74829;Venezuela, Bolivarian Rep. of;Medium City
Encarnacion;74983;Paraguay;Medium City
Cipolletti;75078;Argentina;Medium City
Pedro Juan Caballero;75109;Paraguay;Medium City
Trujillo Alto;75243;Puerto Rico;Medium City
Campo Mourao;75401;Brazil;Medium City
San Martin Texmelucan de Labastida;75518;Mexico;Medium City
Para de Minas;75786;Brazil;Medium City
Ciudad Choluteca;75872;Honduras;Medium City
La Libertad;75881;Ecuador;Medium City
Sapiranga;76051;Brazil;Medium City
Babahoyo;76279;Ecuador;Medium City
Embu Guacu;76310;Brazil;Medium City
Tucurui;76337;Brazil;Medium City
Sao Sebastiao;76367;Brazil;Medium City
Ciudad Satelite;76410;Peru;Medium City
Santa Cruz do Capibaribe;76450;Brazil;Medium City
Lorena;76506;Brazil;Medium City
Sao Joao da Boa Vista;76540;Brazil;Medium City
Jatai;76547;Brazil;Medium City
Biruaca;76553;Venezuela, Bolivarian Rep. of;Medium City
Salina Cruz;76596;Mexico;Medium City
Colon;76643;Panama;Medium City
Arraijan;76815;Panama;Medium City
Puerto Padre;76838;Cuba;Medium City
Amozoc de Mota;77106;Mexico;Medium City
Sao Mateus;77117;Brazil;Medium City
Ovalle;77138;Chile;Medium City
Santa Cruz de Barahona;77160;Dominican Republic;Medium City
Cozumel;77236;Mexico;Medium City
Kanasin;77240;Mexico;Medium City
Agua Prieta;77254;Mexico;Medium City
Matehuala;77328;Mexico;Medium City
Itauna;77400;Brazil;Medium City
Mazatenango;77431;Guatemala;Medium City
Barracas;77474;Argentina;Medium City
Sao Bento do Sul;77597;Brazil;Medium City
Ipiales;77729;Colombia;Medium City
Abaetetuba;78050;Brazil;Medium City
La Concepcion;78106;Venezuela, Bolivarian Rep. of;Medium City
San Juan;78153;Peru;Medium City
Mogi Mirim;78244;Brazil;Medium City
Santa Cruz del Quiche;78279;Guatemala;Medium City
Lins;78503;Brazil;Medium City
Sao Joao del Rei;78592;Brazil;Medium City
Gualeguaychu;78676;Argentina;Medium City
Tres Lagoas;78712;Brazil;Medium City
Ciudad Lazaro Cardenas;79200;Mexico;Medium City
Huehuetenango;79426;Guatemala;Medium City
Marica;79551;Brazil;Medium City
Calarca;79569;Colombia;Medium City
Itumbiara;79582;Brazil;Medium City
Ciudad Lerdo;79669;Mexico;Medium City
Bella Vista;79737;Argentina;Medium City
Cruzeiro do Sul;79819;Brazil;Medium City
San Jose Pinula;79844;Guatemala;Medium City
El Cafetal;80029;Venezuela, Bolivarian Rep. of;Medium City
Vinhedo;80111;Brazil;Medium City
Santa Catarina Pinula;80582;Guatemala;Medium City
Gueiguee;80627;Venezuela, Bolivarian Rep. of;Medium City
Pilar;81120;Argentina;Medium City
Leme;81209;Brazil;Medium City
Formosa;81232;Brazil;Medium City
Avare;81285;Brazil;Medium City
Guaynabo;81360;Puerto Rico;Medium City
Lavras;81472;Brazil;Medium City
Itajuba;81870;Brazil;Medium City
Presidencia Roque Saenz Pena;81879;Argentina;Medium City
Brena;81909;Peru;Medium City
La Dorada;81950;Colombia;Medium City
David;81957;Panama;Medium City
Abreu e Lima;81959;Brazil;Medium City
Caldas;82234;Colombia;Medium City
Sabaneta;82375;Colombia;Medium City
Redencao;82464;Brazil;Medium City
Chiguayante;82545;Chile;Medium City
San Martin;82549;Argentina;Medium City
Araxa;82595;Brazil;Medium City
La Villa del Rosario;82766;Venezuela, Bolivarian Rep. of;Medium City
Yacuiba;82803;Bolivia;Medium City
Montego Bay;82867;Jamaica;Medium City
San Jose de Guanipa;83092;Venezuela, Bolivarian Rep. of;Medium City
Codo;83288;Brazil;Medium City
La Piedad;83323;Mexico;Medium City
Jardim Paulista;83667;Brazil;Medium City
Ocotlan;83769;Mexico;Medium City
Cianorte;83816;Brazil;Medium City
Santana;83927;Brazil;Medium City
Trinidad;84259;Bolivia;Medium City
Heroica Zitacuaro;84307;Mexico;Medium City
Itaperuna;84435;Brazil;Medium City
Tlaxcala;84670;Mexico;Medium City
Sarandi;84697;Brazil;Medium City
Tuxpam de Rodriguez Cano;84750;Mexico;Medium City
Ciudad Mante;84787;Mexico;Medium City
Esteio;84902;Brazil;Medium City
Gonaives;84961;Haiti;Medium City
Puerto Maldonado;85024;Peru;Medium City
Madrid;85090;Colombia;Medium City
Ituiutaba;85345;Brazil;Medium City
Paulo Afonso;85350;Brazil;Medium City
Los Reyes Acaquilpan;85359;Mexico;Medium City
Arauca;85585;Colombia;Medium City
San Antonio;85651;Chile;Medium City
Tecoman;85689;Mexico;Medium City
Viacha;86218;Bolivia;Medium City
Chigorodo;86239;Colombia;Medium City
Apartado;86438;Colombia;Medium City
Igarassu;86457;Brazil;Medium City
Tulcan;86498;Ecuador;Medium City
Barra do Corda;86662;Brazil;Medium City
Atlixco;86690;Mexico;Medium City
Tumaco;86713;Colombia;Medium City
Caguas;86804;Puerto Rico;Medium City
Campana;86860;Argentina;Medium City
Serra Talhada;86915;Brazil;Medium City
Hacienda Santa Fe;86935;Mexico;Medium City
Caieiras;87188;Brazil;Medium City
Alegrete;87236;Brazil;Medium City
Junin;87509;Argentina;Medium City
Barra do Pirai;87668;Brazil;Medium City
Arecibo;87754;Puerto Rico;Medium City
Cholula;87897;Mexico;Medium City
Brusque;88284;Brazil;Medium City
Cienaga;88311;Colombia;Medium City
Nova Lima;88399;Brazil;Medium City
Sao Lourenco da Mata;88416;Brazil;Medium City
Chosica;88606;Peru;Medium City
Montero;88616;Bolivia;Medium City
Valinhos;88630;Brazil;Medium City
Rafaela;88713;Argentina;Medium City
Crato;88786;Brazil;Medium City
Fusagasuga;88820;Colombia;Medium City
Planaltina;88853;Brazil;Medium City
Machiques;89119;Venezuela, Bolivarian Rep. of;Medium City
Miragoane;89202;Haiti;Medium City
San Carlos del Zulia;89365;Venezuela, Bolivarian Rep. of;Medium City
Granada;89409;Nicaragua;Medium City
Almirante Tamandare;89499;Brazil;Medium City
Santana do Livramento;89694;Brazil;Medium City
Olavarria;89721;Argentina;Medium City
Fort-de-France;89995;Martinique;Medium City
Reconquista;90184;Argentina;Medium City
San Juan Bautista;90387;Venezuela, Bolivarian Rep. of;Medium City
Montelibano;90450;Colombia;Medium City
Retalhuleu;90505;Guatemala;Medium City
Bento Goncalves;90852;Brazil;Medium City
Bayeux;91056;Brazil;Medium City
Cambe;91080;Brazil;Medium City
Aruja;91157;Brazil;Medium City
Muriae;91173;Brazil;Medium City
Pergamino;91399;Argentina;Medium City
Cardenas;91558;Mexico;Medium City
Timoteo;91722;Brazil;Medium City
Ubatuba;91824;Brazil;Medium City
Tepatitlan de Morelos;91959;Mexico;Medium City
Duitama;92040;Colombia;Medium City
Villa Maria;92453;Argentina;Medium City
Patos;92575;Brazil;Medium City
Malacatan;92816;Guatemala;Medium City
Moa;92852;Cuba;Medium City
Coronel;92940;Chile;Medium City
Rubio;93197;Venezuela, Bolivarian Rep. of;Medium City
Garcia;93641;Mexico;Medium City
Nemby;94641;Paraguay;Medium City
Campo Largo;94668;Brazil;Medium City
Vespasiano;94749;Brazil;Medium City
Cerete;94935;Colombia;Medium City
Japeri;95101;Brazil;Medium City
Saint-Michel de l'Atalaye;95216;Haiti;Medium City
La Habana Vieja;95383;Cuba;Medium City
San Carlos de Bariloche;95394;Argentina;Medium City
Ciudad Rio Bravo;95647;Mexico;Medium City
Rio Gallegos;95796;Argentina;Medium City
Erechim;96087;Brazil;Medium City
Limpio;96143;Paraguay;Medium City
Esteli;96422;Nicaragua;Medium City
Corumba;96520;Brazil;Medium City
Araguari;96565;Brazil;Medium City
Villa Mercedes;96781;Argentina;Medium City
Tumbes;96946;Peru;Medium City
Chimaltenango;96985;Guatemala;Medium City
Villa Alemana;97320;Chile;Medium City
Lujan;97363;Argentina;Medium City
Jeremie;97503;Haiti;Medium City
Arapongas;97512;Brazil;Medium City
Trindade;97521;Brazil;Medium City
Aguachica;97525;Colombia;Medium City
Comitan;97537;Mexico;Medium City
Temixco;97788;Mexico;Medium City
Ourinhos;97799;Brazil;Medium City
Uba;97828;Brazil;Medium City
Trelew;97915;Argentina;Medium City
Lagos de Moreno;98206;Mexico;Medium City
Bridgetown;98511;Barbados;Medium City
Cardenas;98515;Cuba;Medium City
Passos;98752;Brazil;Medium City
Bage;98940;Brazil;Medium City
Santana de Parnaiba;98989;Brazil;Medium City
Apatzingan;99010;Mexico;Medium City
Zarate;99061;Argentina;Medium City
Moron;99066;Argentina;Medium City
Riberalta;99070;Bolivia;Medium City
Talara;99074;Peru;Medium City
Sertaozinho;99211;Brazil;Medium City
Santander de Quilichao;99354;Colombia;Medium City
Votorantim;99390;Brazil;Medium City
Itabira;99496;Brazil;Medium City
Villa de Cura;99669;Venezuela, Bolivarian Rep. of;Medium City
Tucupita;99778;Venezuela, Bolivarian Rep. of;Medium City
Salto;99823;Uruguay;Medium City
Rio das Ostras;100000;Brazil;Medium City
Colonia Lindavista;100000;Mexico;Medium City
Alamar;100000;Cuba;Medium City
Punta Cana;100023;Dominican Republic;Medium City
Los Rastrojos;100497;Venezuela, Bolivarian Rep. of;Medium City
Puerto Barrios;100593;Guatemala;Medium City
Juan Diaz;100636;Panama;Medium City
Itaguai;100752;Brazil;Medium City
El Progreso;100810;Honduras;Medium City
Coronel Fabriciano;100916;Brazil;Medium City
Guarapari;100925;Brazil;Medium City
Guaiba;101024;Brazil;Medium City
Ocana;101158;Colombia;Medium City
Teofilo Otoni;101170;Brazil;Medium City
Colatina;101190;Brazil;Medium City
Barretos;101220;Brazil;Medium City
Tuxtepec;101810;Mexico;Medium City
Mairipora;101937;Brazil;Medium City
Birigui;102277;Brazil;Medium City
Sabanalarga;102334;Colombia;Medium City
Tulancingo;102406;Mexico;Medium City
Concepcion de La Vega;102426;Dominican Republic;Medium City
Curico;102438;Chile;Medium City
Tepexpan;102667;Mexico;Medium City
Cabudare;102686;Venezuela, Bolivarian Rep. of;Medium City
Palma Soriano;102826;Cuba;Medium City
Santa Rosa;102860;Argentina;Medium City
Portmore;102861;Jamaica;Medium City
Itanhaem;103102;Brazil;Medium City
Esmeraldas;103206;Brazil;Medium City
Totonicapan;103952;Guatemala;Medium City
Lo Prado;104316;Chile;Medium City
Parral;104836;Mexico;Medium City
Chinautla;104972;Guatemala;Medium City
Araguaina;105019;Brazil;Medium City
Linhares;105075;Brazil;Medium City
San Francisco De Borja;105076;Peru;Medium City
Assis;105087;Brazil;Medium City
Texcoco de Mora;105165;Mexico;Medium City
Coatepeque;105415;Guatemala;Medium City
Guaratingueta;105880;Brazil;Medium City
Santa Cruz do Sul;106113;Brazil;Medium City
Catia La Mar;106822;Venezuela, Bolivarian Rep. of;Medium City
Apucarana;107085;Brazil;Medium City
Umuarama;107319;Brazil;Medium City
Girardot City;107324;Colombia;Medium City
Vitoria de Santo Antao;107383;Brazil;Medium City
Poa;107432;Brazil;Medium City
Araras;107463;Brazil;Medium City
Ji Parana;107697;Brazil;Medium City
Castelar;107786;Argentina;Medium City
Cabo Frio;108239;Brazil;Medium City
Alto Hospicio;108375;Chile;Medium City
Cuautitlan;108449;Mexico;Medium City
Giron;108466;Colombia;Medium City
El Vigia;108668;Venezuela, Bolivarian Rep. of;Medium City
Franco da Rocha;108858;Brazil;Medium City
Matagalpa;109089;Nicaragua;Medium City
San Juan;109123;Argentina;Medium City
Catanduva;109612;Brazil;Medium City
Araruama;109637;Brazil;Medium City
Garanhuns;110085;Brazil;Medium City
Varzea Paulista;110936;Brazil;Medium City
Araucaria;111302;Brazil;Medium City
Sogamoso;111336;Colombia;Medium City
Chiquimula;111505;Guatemala;Medium City
Resende;111514;Brazil;Medium City
Conselheiro Lafaiete;111596;Brazil;Medium City
Ribeirao Pires;111888;Brazil;Medium City
Ciudad Guzman;111975;Mexico;Medium City
Paulinia;112003;Brazil;Medium City
Minatitlan;112046;Mexico;Medium City
Apopa;112158;El Salvador;Medium City
Guanare;112286;Venezuela, Bolivarian Rep. of;Medium City
Upata;112617;Venezuela, Bolivarian Rep. of;Medium City
Santa Lucia Cotzumalguapa;112780;Guatemala;Medium City
Guanabacoa;112964;Cuba;Medium City
Heroica Guaymas;113082;Mexico;Medium City
Yaritagua;113343;Venezuela, Bolivarian Rep. of;Medium City
Jandira;113605;Brazil;Medium City
Navojoa;113836;Mexico;Medium City
Punta Cardon;113999;Venezuela, Bolivarian Rep. of;Medium City
Villa Lugano;114000;Argentina;Medium City
Cuauhtemoc;114007;Mexico;Medium City
Eunapolis;114275;Brazil;Medium City
Guadalajara de Buga;114316;Colombia;Medium City
Mendoza;114893;Argentina;Medium City
Pouso Alegre;115201;Brazil;Medium City
Tandil;115877;Argentina;Medium City
Tinaquillo;115937;Venezuela, Bolivarian Rep. of;Medium City
Sinop;116013;Brazil;Medium City
Mariara;116142;Venezuela, Bolivarian Rep. of;Medium City
Varginha;116571;Brazil;Medium City
Simoes Filho;116662;Brazil;Medium City
Pinhais;117000;Brazil;Medium City
Punta Arenas;117430;Chile;Medium City
Tigwav;117504;Haiti;Medium City
Ciudad de Villa de Alvarez;117600;Mexico;Medium City
San Rafael;118009;Argentina;Medium City
Ciudad Delicias;118071;Mexico;Medium City
Cubatao;118410;Brazil;Medium City
Iguala de la Independencia;118468;Mexico;Medium City
Miramar;118614;Mexico;Medium City
Huaraz;118836;Peru;Medium City
Cagua;119033;Venezuela, Bolivarian Rep. of;Medium City
Jau;119206;Brazil;Medium City
Toledo;119313;Brazil;Medium City
Salto;119736;Brazil;Medium City
Santa Rita;119893;Brazil;Medium City
Fernando de la Mora;120167;Paraguay;Medium City
San Carlos;120375;Venezuela, Bolivarian Rep. of;Medium City
Orizaba;120844;Mexico;Medium City
Fresnillo;120944;Mexico;Medium City
Ejido;120978;Venezuela, Bolivarian Rep. of;Medium City
Cachoeirinha;121084;Brazil;Medium City
Carora;121741;Venezuela, Bolivarian Rep. of;Medium City
Barbacena;122211;Brazil;Medium City
Itatiba;122581;Brazil;Medium City
San Pedro Garza Garcia;122627;Mexico;Medium City
Alagoinhas;122688;Brazil;Medium City
Tatui;122967;Brazil;Medium City
Porto Seguro;123173;Brazil;Medium City
Caraguatatuba;123389;Brazil;Medium City
Uruguaiana;123480;Brazil;Medium City
Salvaleon de Higueey;123787;Dominican Republic;Medium City
Teresopolis;123979;Brazil;Medium City
Magangue;123982;Colombia;Medium City
Sao Jose dos Pinhais;124224;Brazil;Medium City
Timon;124427;Brazil;Medium City
Ciudad Valles;124644;Mexico;Medium City
Santa Tecla;124694;El Salvador;Medium City
San Francisco de Macoris;124763;Dominican Republic;Medium City
Huixquilucan;124846;Mexico;Medium City
Willemstad;125000;;Medium City
Braganca Paulista;125096;Brazil;Medium City
Los Angeles;125430;Chile;Medium City
Les Cayes;125799;Haiti;Medium City
Puerto Ayacucho;125840;Venezuela, Bolivarian Rep. of;Medium City
Patos de Minas;126234;Brazil;Medium City
Itapetininga;126243;Brazil;Medium City
Lambare;126377;Paraguay;Medium City
Chinandega;126387;Nicaragua;Medium City
La Victoria;126721;Venezuela, Bolivarian Rep. of;Medium City
Sancti Spiritus;127069;Cuba;Medium City
Jequie;127475;Brazil;Medium City
Rionegro;128153;Colombia;Medium City
Manzanillo;128188;Cuba;Medium City
Puno;128637;Peru;Medium City
Mogi Guacu;128865;Brazil;Medium City
Palo Negro;128875;Venezuela, Bolivarian Rep. of;Medium City
Zacatecas;129011;Mexico;Medium City
Malambo;129148;Colombia;Medium City
Charallave;129182;Venezuela, Bolivarian Rep. of;Medium City
Quibdo;129237;Colombia;Medium City
Copiapo;129280;Chile;Medium City
San Martin;130000;Peru;Medium City
Masaya;130113;Nicaragua;Medium City
Jaragua do Sul;130130;Brazil;Medium City
Quilpue;130263;Chile;Medium City
Zipaquira;130432;Colombia;Medium City
Sapucaia;130937;Brazil;Medium City
Pindamonhangaba;132218;Brazil;Medium City
Cerro;132351;Cuba;Medium City
Valdivia;133419;Chile;Medium City
Milagro;133508;Ecuador;Medium City
Leogane;134190;Haiti;Medium City
San Nicolas de los Arroyos;134217;Argentina;Medium City
Ciudad Acuna;134233;Mexico;Medium City
Cap-Haitien;134815;Haiti;Medium City
Cartago;134972;Colombia;Medium City
Petapa;135447;Guatemala;Medium City
Pitalito;135711;Colombia;Medium City
Queimados;135741;Brazil;Medium City
Osorno;135773;Chile;Medium City
Sao Caetano do Sul;136453;Brazil;Medium City
San Juan Sacatepequez;136886;Guatemala;Medium City
Castanhal;137406;Brazil;Medium City
Ponce;137491;Puerto Rico;Medium City
Itu;137586;Brazil;Medium City
Jacmel;137966;Haiti;Medium City
Parnaiba;138008;Brazil;Medium City
Tariba;138402;Venezuela, Bolivarian Rep. of;Medium City
San Juan del Rio;138878;Mexico;Medium City
Belgrano;138942;Argentina;Medium City
Choloma;139100;Honduras;Medium City
Anaco;139397;Venezuela, Bolivarian Rep. of;Medium City
Ayacucho;140033;Peru;Medium City
Comodoro Rivadavia;140850;Argentina;Medium City
Cordoba;140896;Mexico;Medium City
Paranagua;141013;Brazil;Medium City
Potosi;141251;Bolivia;Medium City
Lauro de Freitas;141280;Brazil;Medium City
Ibirite;141374;Brazil;Medium City
Chichicastenango;141567;Guatemala;Medium City
Zamora;141627;Mexico;Medium City
Punto Fijo;141729;Venezuela, Bolivarian Rep. of;Medium City
Facatativa;141762;Colombia;Medium City
Ciego de Avila;142027;Cuba;Medium City
Macae;143029;Brazil;Medium City
Calama;143084;Chile;Medium City
Cabo;143105;Brazil;Medium City
Luziania;143601;Brazil;Medium City
Atibaia;144088;Brazil;Medium City
Leon;144538;Nicaragua;Medium City
Spanish Town;145018;Jamaica;Medium City
Concordia;145210;Argentina;Medium City
Maraba;145860;Brazil;Medium City
Jutiapa;145880;Guatemala;Medium City
Puerto Plata;146000;Dominican Republic;Medium City
Matanzas;146733;Cuba;Medium City
Colima;146965;Mexico;Medium City
Nilopolis;147281;Brazil;Medium City
Caxias;148072;Brazil;Medium City
Botucatu;148130;Brazil;Medium City
El Limon;148247;Venezuela, Bolivarian Rep. of;Medium City
Playa del Carmen;149923;Mexico;Medium City
Piedras Negras;150178;Mexico;Medium City
Chillan;150396;Chile;Medium City
Guarapuava;150850;Brazil;Medium City
Itapecerica da Serra;151605;Brazil;Medium City
Ciudad Benito Juarez;151893;Mexico;Medium City
Balvanera;152198;Argentina;Medium City
Rondonopolis;152912;Brazil;Medium City
Chincha Alta;153076;Peru;Medium City
Valle de La Pascua;153136;Venezuela, Bolivarian Rep. of;Medium City
Angra dos Reis;153635;Brazil;Medium City
San Cristobal;154040;Dominican Republic;Medium City
La Serena;154521;Chile;Medium City
Villa Canales;155423;Guatemala;Medium City
Ilheus;155499;Brazil;Medium City
Itajai;155716;Brazil;Medium City
San Pablo de las Salinas;156191;Mexico;Medium City
Escuintla;156313;Guatemala;Medium City
Ciudad Ojeda;156957;Venezuela, Bolivarian Rep. of;Medium City
Rio Cuarto;157010;Argentina;Medium City
Cuautla;157336;Mexico;Medium City
Sobral;157996;Brazil;Medium City
San Cristobal de las Casas;158027;Mexico;Medium City
Centro Habana;158151;Cuba;Medium City
Barreiras;158292;Brazil;Medium City
Catamarca;159139;Argentina;Medium City
Tarija;159269;Bolivia;Medium City
San Miguel del Padron;159273;Cuba;Medium City
Jalapa;159840;Guatemala;Medium City
Manzanillo;159853;Mexico;Medium City
Chapeco;160157;Brazil;Medium City
Mejicanos;160317;El Salvador;Medium City
Delegacion Cuajimalpa de Morelos;160491;Mexico;Medium City
Sullana;160789;Peru;Medium City
San Juan de los Morros;160868;Venezuela, Bolivarian Rep. of;Medium City
Coquimbo;161317;Chile;Medium City
Criciuma;161954;Brazil;Medium City
Dourados;162202;Brazil;Medium City
Jiutepec;162427;Mexico;Medium City
Envigado;163007;Colombia;Medium City
Piedecuesta;163362;Colombia;Medium City
Nossa Senhora do Socorro;163993;Brazil;Medium City
Barra Mansa;164052;Brazil;Medium City
Lages;164676;Brazil;Medium City
Ocumare del Tuy;166072;Venezuela, Bolivarian Rep. of;Medium City
Arapiraca;166562;Brazil;Medium City
Maicao;166603;Colombia;Medium City
Carupano;167187;Venezuela, Bolivarian Rep. of;Medium City
Ferraz de Vasconcelos;167900;Brazil;Medium City
Florencia;168346;Colombia;Medium City
Yopal;168433;Colombia;Medium City
Araraquara;168468;Brazil;Medium City
Calabozo;168605;Venezuela, Bolivarian Rep. of;Medium City
Pocos de Caldas;168641;Brazil;Medium City
Chalco;168720;Mexico;Medium City
San Miguel;168762;Argentina;Medium City
Chetumal;169028;Mexico;Medium City
Ciudad del Carmen;169466;Mexico;Medium City
San Luis;169947;Argentina;Medium City
Aracatuba;170024;Brazil;Medium City
Carolina;170404;Puerto Rico;Medium City
Francisco Morato;171790;Brazil;Medium City
Quillacollo;172405;Bolivia;Medium City
Tunja;172548;Colombia;Medium City
Chicoloapan;172919;Mexico;Medium City
Daule;173684;Ecuador;Medium City
Puerto Cabello;174000;Venezuela, Bolivarian Rep. of;Medium City
Palhoca;175272;Brazil;Medium City
Bella Vista;175683;Dominican Republic;Medium City
Santa Ana;176661;El Salvador;Medium City
San Luis Rio Colorado;176685;Mexico;Medium City
Ciudad Camilo Cienfuegos;178041;Cuba;Medium City
La Rioja;178872;Argentina;Medium City
Passo Fundo;179529;Brazil;Medium City
Rio Claro;180147;Brazil;Medium City
Berazategui;180523;Argentina;Medium City
Quetzaltenango;180706;Guatemala;Medium City
Sacaba;180726;Bolivia;Medium City
Araure;181820;Venezuela, Bolivarian Rep. of;Medium City
Itaborai;182498;Brazil;Medium City
Cua;182558;Venezuela, Bolivarian Rep. of;Medium City
Santa Anita - Los Ficus;184614;Peru;Medium City
Poza Rica de Hidalgo;185242;Mexico;Medium City
Arica;185999;Chile;Medium City
Cienfuegos;186644;Cuba;Medium City
Pinar del Rio;186990;Cuba;Medium City
Cachoeiro de Itapemirim;187019;Brazil;Medium City
Chilpancingo;187251;Mexico;Medium City
Rio Grande;187838;Brazil;Medium City
Santa Barbara d'Oeste;188000;Brazil;Medium City
Riohacha;188014;Colombia;Medium City
Acarigua;188278;Venezuela, Bolivarian Rep. of;Medium City
Boyeros;188593;Cuba;Medium City
Camacari;188758;Brazil;Medium City
Santarem;189047;Brazil;Medium City
Planaltina;189412;Brazil;Medium City
Nova Friburgo;191158;Brazil;Medium City
Barrancabermeja;191403;Colombia;Medium City
Iquique;191468;Chile;Medium City
Bayamo;192632;Cuba;Medium City
Maracanau;193529;Brazil;Medium City
Divinopolis;193832;Brazil;Medium City
Petrolina;194650;Brazil;Medium City
La Plata;195443;Argentina;Medium City
Americana;196022;Brazil;Medium City
Parauapebas;196259;Brazil;Medium City
Huanuco;196627;Peru;Medium City
Ciudad Madero;197216;Mexico;Medium City
Talca;197479;Chile;Medium City
Capiata;198553;Paraguay;Medium City
Guacara;198883;Venezuela, Bolivarian Rep. of;Medium City
Sao Jose;200000;Brazil;Medium City
La Pintana;201178;Chile;Medium City
Cajamarca;201329;Peru;Medium City
Sete Lagoas;201334;Brazil;Medium City
Mossoro;202005;Brazil;Medium City
Tapachula;202672;Mexico;Medium City
Puerto Vallarta;203342;Mexico;Medium City
Bayamon;203499;Puerto Rico;Medium City
Las Tunas;203684;Cuba;Medium City
Sao Carlos;205035;Brazil;Medium City
Latacunga;205624;Ecuador;Medium City
Itabuna;205660;Brazil;Medium City
Buenavista;206081;Mexico;Medium City
San Felipe;206270;Venezuela, Bolivarian Rep. of;Medium City
Dosquebradas;206693;Colombia;Medium City
La Romana;208437;Dominican Republic;Medium City
Oruro;208684;Bolivia;Medium City
Sao Leopoldo;209229;Brazil;Medium City
Presidente Prudente;209502;Brazil;Medium City
Arroyo Naranjo;210053;Cuba;Medium City
Alvorada;211352;Brazil;Medium City
Coban;212047;Guatemala;Medium City
Nogales;212533;Mexico;Medium City
Rancagua;212695;Chile;Medium City
Jacarei;213110;Brazil;Medium City
Quevedo;213842;Ecuador;Medium City
Taboao da Serra;214523;Brazil;Medium City
Guadalupe;215000;Mexico;Medium City
Monclova;215271;Mexico;Medium City
Porlamar;216234;Venezuela, Bolivarian Rep. of;Medium City
San Pedro de Macoris;217899;Dominican Republic;Medium City
Imperatriz;218106;Brazil;Medium City
Esmeraldas;218727;Ecuador;Medium City
Campeche;220389;Mexico;Medium City
Ibarra;221149;Ecuador;Medium City
Tulua;221684;Colombia;Medium City
Embu das Artes;221733;Brazil;Medium City
La Ceiba;222055;Honduras;Medium City
Formosa;222226;Argentina;Medium City
El Tigre;222450;Venezuela, Bolivarian Rep. of;Medium City
Concepcion;223574;Chile;Medium City
Paramaribo;223757;Suriname;Medium City
Sucre;224838;Bolivia;Medium City
Juazeiro do Norte;225230;Brazil;Medium City
Diez de Octubre;227293;Cuba;Medium City
Guatire;227666;Venezuela, Bolivarian Rep. of;Medium City
San Lorenzo;227876;Paraguay;Medium City
Nassau;227940;Bahamas;Medium City
Ipatinga;228746;Brazil;Medium City
Croix-des-Bouquets;229127;Haiti;Medium City
San Fernando de Apure;229197;Venezuela, Bolivarian Rep. of;Medium City
Rio Verde;229651;Brazil;Medium City
Jose C. Paz;230208;Argentina;Medium City
Neuquen;231198;Argentina;Medium City
Hortolandia;234259;Brazil;Medium City
Georgetown;235017;Guyana;Medium City
Caruaru;235371;Brazil;Medium City
Coatzacoalcos;235983;Mexico;Medium City
Temuco;238129;Chile;Medium City
Magdalena Contreras;238431;Mexico;Medium City
Gravatai;238778;Brazil;Medium City
Buenaventura;240387;Colombia;Medium City
Marilia;240590;Brazil;Medium City
Itapevi;240961;Brazil;Medium City
Ojo de Agua;242272;Mexico;Medium City
Santa Luzia;243503;Brazil;Medium City
Baruta;244216;Venezuela, Bolivarian Rep. of;Medium City
Valera;244708;Venezuela, Bolivarian Rep. of;Medium City
Juliaca;245675;Peru;Medium City
Puerto Montt;245902;Chile;Medium City
Colombo;246540;Brazil;Medium City
Coro;246657;Venezuela, Bolivarian Rep. of;Medium City
San Miguel;247126;El Salvador;Medium City
Parana;247139;Argentina;Medium City
Guarenas;248588;Venezuela, Bolivarian Rep. of;Medium City
Tehuacan;248716;Mexico;Medium City
Volta Redonda;249580;Brazil;Medium City
Varzea Grande;249752;Brazil;Medium City
San Bernardo;249858;Chile;Medium City
Colonia del Valle;250000;Mexico;Medium City
Praia Grande;250027;Brazil;Medium City
La Paz;250141;Mexico;Medium City
Santa Clara;250512;Cuba;Medium City
Governador Valadares;250878;Brazil;Medium City
Santiago de Surco;251648;Peru;Medium City
Barueri;251994;Brazil;Medium City
Santiago del Estero;252192;Argentina;Medium City
Los Teques;252242;Venezuela, Bolivarian Rep. of;Medium City
Talcahuano;252968;Chile;Medium City
Vitoria da Conquista;253137;Brazil;Medium City
Cotia;253608;Brazil;Medium City
Novo Hamburgo;253841;Brazil;Medium City
Oaxaca;255029;Mexico;Medium City
Indaiatuba;256223;Brazil;Medium City
Pachuca de Soto;256584;Mexico;Medium City
Los Mochis;256613;Mexico;Medium City
Cascavel;257172;Brazil;Medium City
Gomez Palacio;257352;Mexico;Medium City
San Salvador de Jujuy;257970;Argentina;Medium City
Foz do Iguacu;258248;Brazil;Medium City
Uberaba;260843;Brazil;Medium City
Quilmes;262379;Argentina;Medium City
Riobamba;264048;Ecuador;Medium City
Manta;264281;Ecuador;Medium City
Parnamirim;267036;Brazil;Medium City
Floridablanca;267591;Colombia;Medium City
Santa Catarina;268347;Mexico;Medium City
Merlo;268961;Argentina;Medium City
Petropolis;272691;Brazil;Medium City
Guantanamo;272801;Cuba;Medium City
Salamanca;273417;Mexico;Medium City
Loja;274112;Ecuador;Medium City
Caucaia;275019;Brazil;Medium City
Sincelejo;277773;Colombia;Medium City
Coacalco;277959;Mexico;Medium City
Santa Teresa del Tuy;278890;Venezuela, Bolivarian Rep. of;Medium City
Ensenada;279765;Mexico;Medium City
Nicolas Romero;281799;Mexico;Medium City
Itaguei;281853;Colombia;Medium City
Ica;282407;Peru;Medium City
Valparaiso;282448;Chile;Medium City
Petionville;283052;Haiti;Medium City
Suzano;283314;Brazil;Medium City
Santa Maria;283677;Brazil;Medium City
Alto Barinas;284289;Venezuela, Bolivarian Rep. of;Medium City
Viamao;285269;Brazil;Medium City
Sumare;286211;Brazil;Medium City
Tacna;286240;Peru;Medium City
Machala;289141;Ecuador;Medium City
Limeira;289665;Brazil;Medium City
San Cristobal;289852;Venezuela, Bolivarian Rep. of;Medium City
Paulista;289971;Brazil;Medium City
Resistencia;290793;Argentina;Medium City
Cabimas;291147;Venezuela, Bolivarian Rep. of;Medium City
Ponta Grossa;292177;Brazil;Medium City
Vina del Mar;294551;Chile;Medium City
Bahia Blanca;299101;Argentina;Medium City
Merida;300000;Venezuela, Bolivarian Rep. of;Medium City
Ciudad del Este;301815;Paraguay;Medium City
Armenia;304314;Colombia;Medium City
Tlahuac;305076;Mexico;Medium City
Posadas;305874;Argentina;Medium City
Port-de-Paix;306217;Haiti;Medium City
Palmas;306296;Brazil;Medium City
Tampico;309003;Mexico;Medium City
Maringa;311724;Brazil;Medium City
Palmira;312519;Colombia;Medium City
Vitoria;312656;Brazil;Medium City
Soacha;313945;Colombia;Medium City
Eloy Alfaro;315724;Ecuador;Medium City
Chimbote;316966;Peru;Medium City
Taubate;317915;Brazil;Medium City
Popayan;318059;Colombia;Medium City
Holguin;319102;Cuba;Medium City
Anapolis;319587;Brazil;Medium City
Pelotas;320674;Brazil;Medium City
San Miguelito;321501;Panama;Medium City
Jundiai;321589;Brazil;Medium City
Villavicencio;321717;Colombia;Medium City
Portoviejo;321800;Ecuador;Medium City
Ixtapaluca;322271;Mexico;Medium City
Guaruja;322750;Brazil;Medium City
Sao Vicente;324457;Brazil;Medium City
Mogi das Cruzes;325746;Brazil;Medium City
Pucallpa;326040;Peru;Medium City
Canoas;328291;Brazil;Medium City
Soyapango;329708;El Salvador;Medium City
Soledad de Graciano Sanchez;332072;Mexico;Medium City
Ciudad Victoria;332100;Mexico;Medium City
Montes Claros;332379;Brazil;Medium City
Tepic;332863;Mexico;Medium City
San Jose;335007;Costa Rica;Medium City
Itaquaquecetuba;336679;Brazil;Medium City
Cuernavaca;338650;Mexico;Medium City
Celaya;340387;Mexico;Medium City
Soledad;342556;Colombia;Medium City
Turmero;344700;Venezuela, Bolivarian Rep. of;Medium City
Corrientes;346334;Argentina;Medium City
Camagueey;347562;Cuba;Medium City
Campina Grande;348936;Brazil;Medium City
Ciudad General Escobedo;352444;Mexico;Medium City
Antofagasta;352638;Chile;Medium City
Villahermosa;353577;Mexico;Medium City
Benito Juarez;355017;Mexico;Medium City
Xico;356352;Mexico;Medium City
Uruapan;356786;Mexico;Medium City
Neiva;357392;Colombia;Medium City
Franca;358539;Brazil;Medium City
Carapicuiba;361112;Brazil;Medium City
Blumenau;361855;Brazil;Medium City
Petare;364684;Venezuela, Bolivarian Rep. of;Medium City
Olinda;366754;Brazil;Medium City
Puerto La Cruz;370000;Venezuela, Bolivarian Rep. of;Medium City
Miguel Hidalgo;372889;Mexico;Medium City
Nuevo Laredo;373725;Mexico;Medium City
Sao Jose do Rio Preto;374699;Brazil;Medium City
Iquitos;377609;Peru;Medium City
Bauru;379297;Brazil;Medium City
Irapuato;380941;Mexico;Medium City
Caxias do Sul;381270;Brazil;Medium City
Mazatlan;381583;Mexico;Medium City
Delmas 73;382920;Haiti;Medium City
Betim;384000;Brazil;Medium City
Iztacalco;384326;Mexico;Medium City
Benito Juarez;385439;Mexico;Medium City
Ambato;387309;Ecuador;Medium City
Diadema;390633;Brazil;Medium City
Santa Fe;391164;Argentina;Medium City
Pasto;392930;Colombia;Medium City
Bello;392939;Colombia;Medium City
Serra;394153;Brazil;Medium City
Vila Velha;394930;Brazil;Medium City
Barinas;397279;Venezuela, Bolivarian Rep. of;Medium City
Cumana;405626;Venezuela, Bolivarian Rep. of;Medium City
Ribeirao das Neves;406802;Brazil;Medium City
Piracicaba;407252;Brazil;Medium City
Xochimilco;407885;Mexico;Medium City
Panama;408168;Panama;Medium City
Tonala;408759;Mexico;Medium City
Ciudad Bolivar;412619;Venezuela, Bolivarian Rep. of;Medium City
Azcapotzalco;414711;Mexico;Medium City
San Juan;418140;Puerto Rico;Medium City
Rio Branco;419452;Brazil;Medium City
Boa Vista;419652;Brazil;Medium City
Xalapa de Enriquez;424755;Mexico;Medium City
Veracruz;428323;Mexico;Medium City
Cusco;428450;Peru;Medium City
Venustiano Carranza;430978;Mexico;Medium City
Buenaventura;432385;Colombia;Medium City
Santos;433656;Brazil;Medium City
Ananindeua;433956;Brazil;Medium City
Manizales;434403;Colombia;Medium City
Ciudad Obregon;436484;Mexico;Medium City
Carrefour;442156;Haiti;Medium City
San Nicolas de los Garza;443273;Mexico;Medium City
Heroica Matamoros;449815;Mexico;Medium City
Sao Joao de Meriti;454849;Brazil;Medium City
Huancayo;456250;Peru;Medium City
Niteroi;456456;Brazil;Medium City
Santo Domingo de los Colorados;458580;Ecuador;Medium City
Joinville;461304;Brazil;Medium City
Mixco;465773;Guatemala;Medium City
Belford Roxo;466096;Brazil;Medium City
Ciudad Apodaca;467157;Mexico;Medium City
Pereira;467269;Colombia;Medium City
Maua;477552;Brazil;Medium City
Piura;484475;Peru;Medium City
Cuautitlan Izcalli;484573;Mexico;Medium City
Ciudad Lopez Mateos;489160;Mexico;Medium City
Toluca;489333;Mexico;Medium City
Valledupar;490075;Colombia;Medium City
Monteria;490935;Colombia;Medium City
Santa Marta;499192;Colombia;Medium City
Florianopolis;508826;Brazil;Medium City
Aparecida de Goiania;510770;Brazil;Medium City
Campos dos Goytacazes;511168;Brazil;Medium City
Macapa;512902;Brazil;Medium City
Victoria de Durango;518709;Mexico;Medium City
Salta;520683;Argentina;Medium City
San Salvador;525990;El Salvador;Medium City
Ibague;529635;Colombia;Medium City
Cuauhtemoc;531831;Mexico;Medium City
San Miguel de Tucuman;548866;Argentina;Medium City
Porto Velho;548952;Brazil;Medium City
Chiclayo;552508;Peru;Medium City
Santiago de Cuba;555865;Cuba;Medium City
Uberlandia;563536;Brazil;Medium City
Puente Alto;568106;Chile;Medium City
Juiz de Fora;573285;Brazil;Medium City
Tlalpan;574577;Mexico;Medium City
Tlaquepaque;575942;Mexico;Medium City
Bucaramanga;581130;Colombia;Medium City
New Kingston;583958;Jamaica;Medium City
Londrina;588125;Brazil;Medium City
Reynosa;589466;Mexico;Medium City
Mar del Plata;593337;Argentina;Medium City
Tuxtla;604147;Mexico;Medium City
Santa Maria Chimalhuacan;612383;Mexico;Medium City
Cuiaba;618124;Brazil;Medium City
Villa Nueva;618397;Guatemala;Medium City
Feira de Santana;619609;Brazil;Medium City
Coyoacan;620416;Mexico;Medium City
Contagem;627123;Brazil;Medium City
Cancun;628306;Mexico;Medium City
Jaboatao dos Guararapes;630008;Brazil;Medium City
Cuenca;636996;Ecuador;Medium City
Maturin;647459;Venezuela, Bolivarian Rep. of;Medium City
Tlalnepantla;653410;Mexico;Medium City
Santo Andre;662373;Brazil;Medium City
Aracaju;664908;Brazil;Medium City
Acapulco de Juarez;673479;Mexico;Medium City
Guadalupe;673616;Mexico;Medium City
Osasco;677856;Brazil;Medium City
Sorocaba;687357;Brazil;Medium City
Santo Domingo Este;700000;Dominican Republic;Medium City
Santo Domingo Oeste;701269;Dominican Republic;Medium City
Jaboatao;702621;Brazil;Medium City
Saltillo;709671;Mexico;Medium City
Ribeirao Preto;711825;Brazil;Medium City
Aguascalientes;722250;Mexico;Medium City
San Luis Potosi;722772;Mexico;Medium City
Alvaro Obregon;726664;Mexico;Medium City
Sao Jose dos Campos;729737;Brazil;Medium City
Torreon;735340;Mexico;Medium City
Morelia;743275;Mexico;Medium City
Sao Bernardo do Campo;743372;Brazil;Medium City
Cucuta;777106;Colombia;Medium City
Naucalpan de Juarez;792211;Mexico;Medium City
San Pedro Sula;801259;Honduras;Medium City
Culiacan;808416;Mexico;Medium City
Hermosillo;812229;Mexico;Medium City
Barcelona;815141;Venezuela, Bolivarian Rep. of;Medium City
Joao Pessoa;817511;Brazil;Medium City
Duque de Caxias;818329;Brazil;Medium City
Nova Iguacu;823302;Brazil;Medium City
Cochabamba;841276;Bolivia;Medium City
Tegucigalpa;850848;Honduras;Medium City
Teresina;871126;Brazil;Medium City
Natal;896708;Brazil;Medium City
Campo Grande;906092;Brazil;Medium City
Cartagena;914552;Colombia;Medium City
Sao Luis;917237;Brazil;Medium City
Trujillo;919899;Peru;Medium City
Chihuahua;925762;Mexico;Medium City
Kingston;937700;Jamaica;Medium City
Rosario;948312;Argentina;Medium City
Ciudad Guayana;950000;Venezuela, Bolivarian Rep. of;Medium City
Managua;973087;Nicaragua;Medium City
Guatemala City;994938;Guatemala;Medium City
Arequipa;1008290;Peru;Big City
Campinas;1031554;Brazil;Big City
Maceio;1031597;Brazil;Big City
Mexicali;1032686;Mexico;Big City
Ciudad Nezahualcoyotl;1104585;Mexico;Big City
Monterrey;1135512;Mexico;Big City
Guarulhos;1169577;Brazil;Big City
Gustavo Adolfo Madero;1185772;Mexico;Big City
Santiago de los Caballeros;1200000;Dominican Republic;Big City
Merida;1201000;Mexico;Big City
Barranquilla;1206319;Colombia;Big City
Port-au-Prince;1234742;Haiti;Big City
Barquisimeto;1240714;Venezuela, Bolivarian Rep. of;Big City
Montevideo;1270737;Uruguay;Big City
Callao;1300000;Peru;Big City
Cordoba;1317298;Argentina;Big City
Guadalajara;1385629;Mexico;Big City
Zapopan;1476491;Mexico;Big City
Asuncion;1482200;Paraguay;Big City
Porto Alegre;1488252;Brazil;Big City
Belem;1499641;Brazil;Big City
Ciudad Juarez;1501551;Mexico;Big City
Goiania;1536097;Brazil;Big City
Santiago de Queretaro;1594212;Mexico;Big City
Valencia;1619470;Venezuela, Bolivarian Rep. of;Big City
Ecatepec de Morelos;1645352;Mexico;Big City
Recife;1653461;Brazil;Big City
Puebla;1692181;Mexico;Big City
Leon de los Aldama;1721199;Mexico;Big City
Maracay;1754256;Venezuela, Bolivarian Rep. of;Big City
Iztapalapa;1815786;Mexico;Big City
Santa Cruz de la Sierra;1831434;Bolivia;Big City
Tijuana;1922523;Mexico;Big City
Curitiba;1948626;Brazil;Big City
Medellin;1999979;Colombia;Big City
La Paz;2004652;Bolivia;Big City
Havana;2163824;Cuba;Big City
Santo Domingo;2201941;Dominican Republic;Big City
Brasilia;2207718;Brazil;Big City
Manaus;2219580;Brazil;Big City
Maracaibo;2225000;Venezuela, Bolivarian Rep. of;Big City
Cali;2392877;Colombia;Big City
Fortaleza;2400000;Brazil;Big City
Salvador;2711840;Brazil;Big City
Belo Horizonte;2721564;Brazil;Big City
Guayaquil;2723665;Ecuador;Big City
Quito;2781641;Ecuador;Big City
Buenos Aires;2891082;Argentina;Big City
Caracas;3000000;Venezuela, Bolivarian Rep. of;Big City
Santiago;4837295;Chile;Big City
Rio de Janeiro;6747815;Brazil;Big City
Bogota;7674366;Colombia;Big City
Lima;7737002;Peru;Big City
Mexico City;12294193;Mexico;Big City
Sao Paulo;12400232;Brazil;Big City
