Criteria,Metrics,ICE,EVL1,EVL2,EVL3
Technical,E100km,75.47,16.85,16.85,16.85
Technical,Driving Range,453.45,269.88,269.88,269.88
Economic,Cost per trip,280.44,168.49,168.49,168.49
Economic,Accumulated cost,2305.25,1521.2,1521.2,1549.03
Environmental,Emissions per kilometer,0.18,0.03,0.03,0.03
Environmental,Lifecycle emissions,14126.15,6662.54,6662.54,6662.54
Social,Social cost,6.85,0.0,0.0,0.0
Social,Willingness-to-pay,0.28207541633763283,0.142667912936105,0.28393372133942046,0.2913229493868417
Social,Availability factor,99.36,24.79,93.85,97.29
