Criteria,Metrics,ICE,EVL1,EVL2,EVL3,CNG,PHEVL1,PHEVL2,PHEVL3
Technical,E100km,75.47,10.9,10.9,10.9,57.21,56.099,56.099,56.099
Technical,Driving Range,448.6,417.2,417.2,417.2,373.78,439.17999999999995,439.17999999999995,439.17999999999995
Economic,Cost per trip,280.44,109.01,109.01,109.01,139.01,229.011,229.011,229.011
Economic,Accumulated cost,2305.25,1106.23,1106.23,1134.05,337.22,2120.05,2120.05,2120.56
Environmental,Emissions per kilometer,0.18,0.02,0.02,0.02,0.12,0.132,0.132,0.132
Environmental,Lifecycle emissions,14126.15,5958.71,5958.71,5958.71,9903.17,9457.38,9457.38,9457.38
Social,Social cost,6.85,0.0,0.0,0.0,4.73,4.794999999999999,4.794999999999999,4.794999999999999
Social,Willingness-to-pay,0.11148837278706136,0.09254102234051137,0.1372204661837412,0.13899101647478038,0.16783268638306698,0.11272862792249637,0.11943504545034182,0.11976276245800051
Social,Availability factor,99.36,51.35,96.02,98.25,91.64,92.475,99.18,99.50999999999999
